{
  "form_data_definition_version": "1",
  "form": {
    "default_bind_path": "/model/instance/ANC_Reminder_Visit_2",
    "bind_type": "mcaremother",
    "fields": [
      {
        "name": "id",
        "shouldLoadValue": true
      },
      {
        "name": "ANC2_current_formStatus"      ,
        "bind": "/model/instance/ANC_Reminder_Visit_2/ANC2_current_formStatus"
      },
      {
        "name": "version",
        "bind": "/model/instance/ANC_Reminder_Visit_2/version"
      },
      {
        "name": "changes",
        "bind": "/model/instance/ANC_Reminder_Visit_2/changes"
      },
      {
        "name": "GOBHHID",
        "bind": "/model/instance/ANC_Reminder_Visit_2/existing_gobhhid",
        "shouldLoadValue": true
      },
      {
        "name": "JiVitAHHID",
        "bind": "/model/instance/ANC_Reminder_Visit_2/existing_jivhhid",
        "shouldLoadValue": true
      },
      {
        "name": "FWWOMBID",
        "bind": "/model/instance/ANC_Reminder_Visit_2/existing_wom_bid",
        "shouldLoadValue": true
      },
      {
        "name": "FWWOMNID",
        "bind": "/model/instance/ANC_Reminder_Visit_2/existing_wom_nid",
        "shouldLoadValue": true
      },
      {
        "name": "FWWOMFNAME",
        "bind": "/model/instance/ANC_Reminder_Visit_2/existing_first_name",
        "shouldLoadValue": true
      },
      {
        "name": "FWHUSNAME",
        "bind": "/model/instance/ANC_Reminder_Visit_2/existing_husname",
        "shouldLoadValue": true
      },
      {
        "name": "FWPSRLMP",
        "bind": "/model/instance/ANC_Reminder_Visit_2/existing_psrlmp",
        "shouldLoadValue": true
      },
      {
        "name": "existing_riskfactor",
        "bind": "/model/instance/ANC_Reminder_Visit_2/existing_riskfactor",
        "shouldLoadValue": true
      },
      {
        "name": "existing_dangervalue",
        "bind": "/model/instance/ANC_Reminder_Visit_2/existing_dangervalue",
        "shouldLoadValue": true
      },
      {
        "name": "mauza",
        "bind": "/model/instance/ANC_Reminder_Visit_2/existing_location",
        "shouldLoadValue": true
      },
      {
        "name": "FWVG",
        "bind": "/model/instance/ANC_Reminder_Visit_2/existing_FWVG",
        "shouldLoadValue": true
      },
      {
        "name": "FWHR_PSR",
        "bind": "/model/instance/ANC_Reminder_Visit_2/existing_FWHR_PSR",
        "shouldLoadValue": true
      },
      {
        "name": "FWHRP",
        "bind": "/model/instance/ANC_Reminder_Visit_2/existing_FWHRP",
        "shouldLoadValue": true
      },
      {
        "name": "FWHR_ANC1",
        "bind": "/model/instance/ANC_Reminder_Visit_2/existing_FWHR_ANC1",
        "shouldLoadValue": true
      },
      {
        "name": "existing_ELCO",
        "bind": "/model/instance/ANC_Reminder_Visit_2/existing_ELCO"
      },
      {
        "name": "today",
        "bind": "/model/instance/ANC_Reminder_Visit_2/today"
      },
      {
        "name": "start",
        "bind": "/model/instance/ANC_Reminder_Visit_2/start"
      },
      {
        "name": "end",
        "bind": "/model/instance/ANC_Reminder_Visit_2/end"
      },
      {
        "name": "FWANC2DATE",
        "bind": "/model/instance/ANC_Reminder_Visit_2/FWANC2DATE"
      },
      {
        "name": "FWCONFIRMATION",
        "bind": "/model/instance/ANC_Reminder_Visit_2/FWCONFIRMATION"
      },
      {
        "name": "FWGESTATIONALAGE",
        "bind": "/model/instance/ANC_Reminder_Visit_2/FWGESTATIONALAGE"
      },
      {
        "name": "FWEDD",
        "bind": "/model/instance/ANC_Reminder_Visit_2/FWEDD"
      },
      {
        "name": "FWANC2REMSTS",
        "bind": "/model/instance/ANC_Reminder_Visit_2/FWANC2REMSTS"
      },
      {
        "name": "FWANC2INT",
        "bind": "/model/instance/ANC_Reminder_Visit_2/FWANC2INT"
      },
      {
        "name": "DISPLAYTEXT2",
        "bind": "/model/instance/ANC_Reminder_Visit_2/DISPLAYTEXT2"
      },
      {
        "name": "FWANC2KNWPRVDR",
        "bind": "/model/instance/ANC_Reminder_Visit_2/FWANC2KNWPRVDR"
      },
      {
        "name": "DISPLAYTEXT3",
        "bind": "/model/instance/ANC_Reminder_Visit_2/DISPLAYTEXT3"
      },
      {
        "name": "yn_dk_label",
        "bind": "/model/instance/ANC_Reminder_Visit_2/risk_group/yn_dk_label"
      },
      {
        "name": "FWANC2ANM",
        "bind": "/model/instance/ANC_Reminder_Visit_2/risk_group/FWANC2ANM"
      },
      {
        "name": "FWANC2HBP",
        "bind": "/model/instance/ANC_Reminder_Visit_2/risk_group/FWANC2HBP"
      },
      {
        "name": "FWANC2DBT",
        "bind": "/model/instance/ANC_Reminder_Visit_2/risk_group/FWANC2DBT"
      },
      {
        "name": "FWANC2THY",
        "bind": "/model/instance/ANC_Reminder_Visit_2/risk_group/FWANC2THY"
      },
      {
        "name": "DISPLAYTEXT4",
        "bind": "/model/instance/ANC_Reminder_Visit_2/DISPLAYTEXT4"
      },
      {
        "name": "FWANC2PROB",
        "bind": "/model/instance/ANC_Reminder_Visit_2/FWANC2PROB"
      },
      {
        "name": "FWDISPLAYTEXT5",
        "bind": "/model/instance/ANC_Reminder_Visit_2/FWDISPLAYTEXT5"
      },
      {
        "name": "FWANC2HEAD",
        "bind": "/model/instance/ANC_Reminder_Visit_2/danger_signs/FWANC2HEAD"
      },
      {
        "name": "FWDISPLAYTEXT6",
        "bind": "/model/instance/ANC_Reminder_Visit_2/danger_signs/FWDISPLAYTEXT6"
      },
      {
        "name": "FWANC2BLRVIS",
        "bind": "/model/instance/ANC_Reminder_Visit_2/danger_signs/FWANC2BLRVIS"
      },
      {
        "name": "FWDISPLAYTEXT7",
        "bind": "/model/instance/ANC_Reminder_Visit_2/danger_signs/FWDISPLAYTEXT7"
      },
      {
        "name": "FWANC2SWLNG",
        "bind": "/model/instance/ANC_Reminder_Visit_2/danger_signs/FWANC2SWLNG"
      },
      {
        "name": "FWDISPLAYTEXT8",
        "bind": "/model/instance/ANC_Reminder_Visit_2/danger_signs/FWDISPLAYTEXT8"
      },
      {
        "name": "FWANC2CONVL",
        "bind": "/model/instance/ANC_Reminder_Visit_2/danger_signs/FWANC2CONVL"
      },
      {
        "name": "FWDISPLAYTEXT9",
        "bind": "/model/instance/ANC_Reminder_Visit_2/danger_signs/FWDISPLAYTEXT9"
      },
      {
        "name": "FWANC2BLD",
        "bind": "/model/instance/ANC_Reminder_Visit_2/danger_signs/FWANC2BLD"
      },
      {
        "name": "FWDISPLAYTEXT10",
        "bind": "/model/instance/ANC_Reminder_Visit_2/danger_signs/FWDISPLAYTEXT10"
      },
      {
        "name": "FWDISPLAYTEXT11",
        "bind": "/model/instance/ANC_Reminder_Visit_2/danger_signs/FWDISPLAYTEXT11"
      },
      {
        "name": "FWBPC1LOCOFDEL",
        "bind": "/model/instance/ANC_Reminder_Visit_2/FWBPC1LOCOFDEL"
      },
      {
        "name": "FWBPC1DISPLAYTEXT1",
        "bind": "/model/instance/ANC_Reminder_Visit_2/FWBPC1DISPLAYTEXT1"
      },
      {
        "name": "FWBPC1DISPLAYTEXT2",
        "bind": "/model/instance/ANC_Reminder_Visit_2/FWBPC1DISPLAYTEXT2"
      },
      {
        "name": "FWBPC1DISPLAYTEXT3",
        "bind": "/model/instance/ANC_Reminder_Visit_2/FWBPC1DISPLAYTEXT3"
      },
      {
        "name": "FWBPC1ASSTLAB",
        "bind": "/model/instance/ANC_Reminder_Visit_2/FWBPC1ASSTLAB"
      },
      {
        "name": "FWBPC1DISPLAYTEXT4",
        "bind": "/model/instance/ANC_Reminder_Visit_2/FWBPC1DISPLAYTEXT4"
      },
      {
        "name": "FWBPC1DISPLAYTEXT5",
        "bind": "/model/instance/ANC_Reminder_Visit_2/FWBPC1DISPLAYTEXT5"
      },
      {
        "name": "FWBPC1TRNSPRT",
        "bind": "/model/instance/ANC_Reminder_Visit_2/FWBPC1TRNSPRT"
      },
      {
        "name": "FWBPC1DISPLAYTEXT6",
        "bind": "/model/instance/ANC_Reminder_Visit_2/FWBPC1DISPLAYTEXT6"
      },
      {
        "name": "FWBPC1DISPLAYTEXT7",
        "bind": "/model/instance/ANC_Reminder_Visit_2/FWBPC1DISPLAYTEXT7"
      },
      {
        "name": "FWBPC1BLDGRP",
        "bind": "/model/instance/ANC_Reminder_Visit_2/FWBPC1BLDGRP"
      },
      {
        "name": "FWBPC1DISPLAYTEXT8",
        "bind": "/model/instance/ANC_Reminder_Visit_2/FWBPC1DISPLAYTEXT8"
      },
      {
        "name": "FWBPC1DISPLAYTEXT9",
        "bind": "/model/instance/ANC_Reminder_Visit_2/FWBPC1DISPLAYTEXT9"
      },
      {
        "name": "FWBPC1BLDDNR",
        "bind": "/model/instance/ANC_Reminder_Visit_2/FWBPC1BLDDNR"
      },
      {
        "name": "FWBPC1DISPLAYTEXT10",
        "bind": "/model/instance/ANC_Reminder_Visit_2/FWBPC1DISPLAYTEXT10"
      },
      {
        "name": "FWBPC1DISPLAYTEXT11",
        "bind": "/model/instance/ANC_Reminder_Visit_2/FWBPC1DISPLAYTEXT11"
      },
      {
        "name": "FWBPC1FINARGMT",
        "bind": "/model/instance/ANC_Reminder_Visit_2/FWBPC1FINARGMT"
      },
      {
        "name": "FWBPC1DISPLAYTEXT12",
        "bind": "/model/instance/ANC_Reminder_Visit_2/FWBPC1DISPLAYTEXT12"
      },
      {
        "name": "FWBPC1DISPLAYTEXT13",
        "bind": "/model/instance/ANC_Reminder_Visit_2/FWBPC1DISPLAYTEXT13"
      },
      {
        "name": "FWANC2DS1",
        "bind": "/model/instance/ANC_Reminder_Visit_2/FWANC2DS1"
      },
      {
        "name": "FWANC2DS2",
        "bind": "/model/instance/ANC_Reminder_Visit_2/FWANC2DS2"
      },
      {
        "name": "FWANC2DS3",
        "bind": "/model/instance/ANC_Reminder_Visit_2/FWANC2DS3"
      },
      {
        "name": "FWANC2DS4",
        "bind": "/model/instance/ANC_Reminder_Visit_2/FWANC2DS4"
      },
      {
        "name": "FWANC2DS5",
        "bind": "/model/instance/ANC_Reminder_Visit_2/FWANC2DS5"
      },
      {
        "name": "FWANC2DS6",
        "bind": "/model/instance/ANC_Reminder_Visit_2/FWANC2DS6"
      },
      {
        "name": "FWDANGERVALUE",
        "bind": "/model/instance/ANC_Reminder_Visit_2/FWDANGERVALUE"
      },
      {
        "name": "FWNOTELIGIBLE",
        "bind": "/model/instance/ANC_Reminder_Visit_2/FWNOTELIGIBLE"
      },
      {
        "name": "ELCO",
        "bind": "/model/instance/ANC_Reminder_Visit_2/ELCO"
      },
      {
        "name": "FWHR_ANC2",
        "bind": "/model/instance/ANC_Reminder_Visit_2/FWHR_ANC2"
      },
      {
        "name": "FWFLAGVALUE",
        "bind": "/model/instance/ANC_Reminder_Visit_2/FWFLAGVALUE"
      },
      {
        "name": "FWSORTVALUE",
        "bind": "/model/instance/ANC_Reminder_Visit_2/FWSORTVALUE"
      },
      {
        "name": "user_type",
        "bind": "/model/instance/ANC_Reminder_Visit_2/user_type"
      },
      {
        "name": "external_user_ID",
        "bind": "/model/instance/ANC_Reminder_Visit_2/external_user_ID"
      },
      {
        "name": "relationalid",
        "bind": "/model/instance/ANC_Reminder_Visit_2/relationalid"
      }
    ]
  }
}
