{
    "form_data_definition_version": "1",
    "form": {
        "bind_type": "anak",
        "default_bind_path": "/model/instance/balita_kunjungan/",
        "fields": [
            {
                "name": "id",
                "shouldLoadValue": true
            },
            {
                "name": "tanggalKunjunganBayiPerbulan",
                "bind": "/model/instance/balita_kunjungan/B05010"
            },
            {
                "name": "beratBadanBayiSetiapKunjunganBayiPerbulan",
                "bind": "/model/instance/balita_kunjungan/B05011"
            },
            {
                "name": "HasilDilakukannyaKPSP",
                "bind": "/model/instance/balita_kunjungan/B05012"
            },
            {
                "name": "PemberianVitAdankondisiBalitasaatsakit",
                "bind": "/model/instance/balita_kunjungan/B01004"
            },
            {
                "name": "isClosed",
                "value": "false"
            }
        ]
    }
}
