<?xml version="1.0" encoding="UTF-8"?>
<form autocomplete="off" novalidate="novalidate" class="or clearfix" id="balita_kunjungan">
    <!--This form was created by transforming a OpenRosa-flavored (X)Form using an XSLT sheet created by Enketo LLC.-->
    <section class="form-logo" />
    <h3 id="form-title">Balita kunjungan</h3>
    <label class="question non-select ">
        <span lang="" class="question-label active">Tanggal pemeriksaan anak balita</span>
        <input type="date" name="/balita_kunjungan/B05010" data-type-xml="date" />
    </label>
    <label class="question non-select ">
        <span lang="" class="question-label active">Hasil penimbangan anak Balita</span>
        <input type="number" name="/balita_kunjungan/B05011" data-type-xml="decimal" step="any" />
    </label>
    <fieldset class="question ">
        <fieldset>
            <legend>
                <span lang="" class="question-label active">Hasil dilakukannya KPSP</span>
            </legend>
            <div class="option-wrapper">
                <label class="">
                    <input type="radio" name="/balita_kunjungan/B05012" data-name="/balita_kunjungan/B05012" value="DS" data-type-xml="select1" />
                    <span lang="" class="option-label active">Jika dilakukan KPSP hasilnya sesuai (DS)</span>
                </label>
                <label class="">
                    <input type="radio" name="/balita_kunjungan/B05012" data-name="/balita_kunjungan/B05012" value="Dm" data-type-xml="select1" />
                    <span lang="" class="option-label active">Jika dilakukan KPSP dan hasilnya meragukan (Dm)</span>
                </label>
                <label class="">
                    <input type="radio" name="/balita_kunjungan/B05012" data-name="/balita_kunjungan/B05012" value="Dp" data-type-xml="select1" />
                    <span lang="" class="option-label active">Jika dilakukan KPSP dan hasilnya penyimpangan (Dp)</span>
                </label>
            </div>
        </fieldset>
    </fieldset>
    <label class="question non-select ">
        <span lang="" class="question-label active">Pemberian Vit. A dan kondisi Balita saat sakit</span>
        <input type="text" name="/balita_kunjungan/B05013" data-type-xml="string" />
    </label>
    <fieldset id="or-calculated-items" style="display:none;">
        <label class="calculation non-select ">
            <input type="hidden" name="/balita_kunjungan/meta/instanceID" data-calculate="concat('uuid:', uuid())" data-type-xml="string" />
        </label>
        <label class="calculation non-select ">
            <input type="hidden" name="/balita_kunjungan/formhub/uuid" data-calculate="'3c5f10fa093945ec872790eef0bb6f56'" data-type-xml="string" />
        </label>
    </fieldset>
</form>