{
  "form_data_definition_version": "1",
  "form": {
    "bind_type": "ibu",
    "default_bind_path": "/model/instance/ANC_Visit/",
    "fields": [
      {
        "name": "id",
        "shouldLoadValue": true
      },
      {
        "name": "kiId",
        "shouldLoadValue": true,
        "source": "ibu.kartu_ibu.id"
      },
      {
        "name": "referenceDate",
        "bind": "/model/instance/ANC_Visit/B01043"
      },
      {
        "name": "ancDate",
        "bind": "/model/instance/ANC_Visit/anc_date_2"
      },
      {
        "name": "tanggalHPHT",
        "bind": "/model/instance/ANC_Visit/B01027",
        "shouldLoadValue": true
      },
      {
        "name": "usiaKlinis",
        "bind": "/model/instance/ANC_Visit/B01046"
      },
      {
        "name": "trimesterKe",
        "bind": "/model/instance/ANC_Visit/B01047"
      },
      {
        "name": "ancKe",
        "bind": "/model/instance/ANC_Visit/B01145"
      },
      {
        "name": "Jamkesmas",
        "bind": "/model/instance/ANC_Visit/B01044"
      },
      {
        "name": "caraMasukTempatPelayanan",
        "bind": "/model/instance/ANC_Visit/B01045"
      },
      {
        "name": "anamnesisIbu",
        "bind": "/model/instance/ANC_Visit/B01048"
      },
      {
        "name": "bbKg",
        "bind": "/model/instance/ANC_Visit/B01049"
      },
      {
        "name": "tandaVitalTDSistolik",
        "bind": "/model/instance/ANC_Visit/B01050",
        "source": "ibu.kartu_ibu.tandaVitalTDSistolik"
      },
      {
        "name": "tandaVitalTDDiastolik",
        "bind": "/model/instance/ANC_Visit/B01051",
        "source": "ibu.kartu_ibu.tandaVitalTDDiastolik"
      },
      {
        "name": "hasilPemeriksaanLILA",
        "bind": "/model/instance/ANC_Visit/B01052"
      },
      {
        "name": "statusGiziibu",
        "bind": "/model/instance/ANC_Visit/B01053"
      },
      {
        "name": "tfu",
        "bind": "/model/instance/ANC_Visit/B01054"
      },
      {
        "name": "refleksPatelaIbu",
        "bind": "/model/instance/ANC_Visit/B01055"
      },
      {
        "name": "djj",
        "bind": "/model/instance/ANC_Visit/B01056"
      },
      {
        "name": "kepalaJaninTerhadapPAP",
        "bind": "/model/instance/ANC_Visit/B01057"
      },
      {
        "name": "taksiranBeratJanin",
        "bind": "/model/instance/ANC_Visit/B01058"
      },
      {
        "name": "persentasiJanin",
        "bind": "/model/instance/ANC_Visit/B01059"
      },
      {
        "name": "jumlahJanin",
        "bind": "/model/instance/ANC_Visit/B01060"
      },
      {
        "name": "statusImunisasitt",
        "bind": "/model/instance/ANC_Visit/B01061"
      },
      {
        "name": "pelayananInjeksitt",
        "bind": "/model/instance/ANC_Visit/B01062"
      },
      {
        "name": "pelayananCatatDiBukuKia",
        "bind": "/model/instance/ANC_Visit/B01063"
      },
      {
        "name": "pelayananfe",
        "bind": "/model/instance/ANC_Visit/B01064"
      },
      {
        "name": "pelayananFe",
        "bind": "/model/instance/ANC_Visit/B01064_i"
      },
      {
        "name": "komplikasidalamKehamilan",
        "bind": "/model/instance/ANC_Visit/B01086"
      },
      {
        "name": "rujukan",
        "bind": "/model/instance/ANC_Visit/B01149"
      },
      {
        "name": "dirujukKe",
        "bind": "/model/instance/ANC_Visit/B01087"
      },
      {
        "name": "lainLain",
        "bind": "/model/instance/ANC_Visit/B01088"
      },
      {
        "name": "keadaanIbusaatTiba",
        "bind": "/model/instance/ANC_Visit/B01089"
      },
      {
        "name": "keadaanIbusaatPulang",
        "bind": "/model/instance/ANC_Visit/B01090"
      },
      {
        "name": "keterangan",
        "bind": "/model/instance/ANC_Visit/B01091"
      },
      {
        "name": "proteinEnergyMalnutritionRisk",
        "bind": "/model/instance/ANC_Visit/Protein_energy_Malnutrition_risk"
      },
      {
        "name": "pihRisk",
        "bind": "/model/instance/ANC_Visit/PIH_risk",
        "source": "ibu.kartu_ibu.pihRisk"
      },
      {
        "name": "fetusNumberRisk",
        "bind": "/model/instance/ANC_Visit/fetus_number_risk",
        "source": "ibu.kartu_ibu.fetusNumberRisk"
      },
      {
        "name": "fetusSizeRisk",
        "bind": "/model/instance/ANC_Visit/fetus_size_risk",
        "source": "ibu.kartu_ibu.fetusSizeRisk"
      },
      {
        "name": "fetusMalpresentationRisk",
        "bind": "/model/instance/ANC_Visit/fetus_Malpresentation_risk",
        "source": "ibu.kartu_ibu.fetusMalpresentationRisk"
      },
      {
        "name": "isHighRiskPregnancy",
        "bind": "/model/instance/ANC_Visit/is_high_risk_pregnancy",
        "source": "ibu.kartu_ibu.isHighRiskPregnancy"
      },
      {
        "name": "highRiskPregnancyReason",
        "bind": "/model/instance/ANC_Visit/high_risk_pregnancy_reason",
        "source": "ibu.kartu_ibu.highRiskPregnancyReason"
      },
      {
        "name": "isHighRiskLabour",
        "bind": "/model/instance/ANC_Visit/is_high_risk_labour",
        "source": "ibu.kartu_ibu.isHighRiskLabour"
      },
      {
        "name": "highRiskLabourReason",
        "bind": "/model/instance/ANC_Visit/high_risk_labour_reason",
        "source": "ibu.kartu_ibu.highRiskLabourReason"
      },
      {
        "name": "highRiskNote",
        "bind": "/model/instance/ANC_Visit/high_risk_note",
        "source": "ibu.kartu_ibu.highRiskNote"
      },
      {
        "name": "submissionDate",
        "bind": "/model/instance/ANC_Visit/today"
      },
      {
        "name": "registrationDate",
        "bind": "/model/instance/ANC_Visit/reg_date"
      },
      {
        "name": "hiddenAncKe",
        "bind": "/model/instance/ANC_Visit/hidden_B01145"
      }
    ]
  }
}
