<?xml version="1.0" encoding="UTF-8"?>
<form autocomplete="off" novalidate="novalidate" class="or clearfix" id="dokumentasi_persalinan">
   <!--This form was created by transforming a OpenRosa-flavored (X)Form using an XSLT sheet created by Enketo LLC.-->
   <section class="form-logo" />
   <h3 id="form-title">Dokumentasi Persalinan</h3>
   <label class="note non-select ">
      <span lang="" class="question-label active">DOKUMENTASI PERSALINAN</span>
      <input type="text" name="/dokumentasi_persalinan/generated_note_name_7" data-type-xml="string" readonly="readonly" />
   </label>
   <label class="question non-select ">
      <span lang="" class="question-label active">Tanggal Pendaftaran</span>
      <span class="required">*</span>
      <span lang="" class="or-hint active">Diisi dengan tanggal periksa Ibu</span>
      <input type="date" name="/dokumentasi_persalinan/reference_date" required="required" data-type-xml="date" />
   </label>
   <label class="note non-select ">
      <span lang="" class="or-constraint-msg active">Nilai yang dimasukkan tidak memenuhi syarat, mohon periksa kembali</span>
      <span lang="" class="question-label active">
         Usia kehamilan berdasarkan HPHT:
         <span class="or-output" data-value=" /dokumentasi_persalinan/usiakehamilan " />
         minggu
      </span>
      <input type="text" name="/dokumentasi_persalinan/usia_kehamilan_hpht" data-constraint=".&gt;0" data-type-xml="string" readonly="readonly" />
   </label>
   <fieldset class="question ">
      <fieldset>
         <legend>
            <span lang="" class="question-label active">Keadaan Ibu</span>
            <span class="required">*</span>
            <span lang="" class="or-hint active">Kondisi Ibu setelah proses persalinan</span>
         </legend>
         <div class="option-wrapper">
            <label class="">
               <input type="radio" name="/dokumentasi_persalinan/keadaan_ibu" data-name="/dokumentasi_persalinan/keadaan_ibu" value="hidup" required="required" data-type-xml="select1" />
               <span lang="" class="option-label active">Hidup (H)</span>
            </label>
            <label class="">
               <input type="radio" name="/dokumentasi_persalinan/keadaan_ibu" data-name="/dokumentasi_persalinan/keadaan_ibu" value="mati" required="required" data-type-xml="select1" />
               <span lang="" class="option-label active">Mati (M)</span>
            </label>
         </div>
      </fieldset>
   </fieldset>
   <fieldset class="question ">
      <fieldset>
         <legend>
            <span lang="" class="question-label active">Keadaan bayi</span>
            <span class="required">*</span>
            <span lang="" class="or-hint active">Kondisi bayi setelah proses persalinan</span>
         </legend>
         <div class="option-wrapper">
            <label class="">
               <input type="radio" name="/dokumentasi_persalinan/keadaan_bayi" data-name="/dokumentasi_persalinan/keadaan_bayi" value="hidup" required="required" data-type-xml="select1" />
               <span lang="" class="option-label active">Hidup (H)</span>
            </label>
            <label class="">
               <input type="radio" name="/dokumentasi_persalinan/keadaan_bayi" data-name="/dokumentasi_persalinan/keadaan_bayi" value="mati" required="required" data-type-xml="select1" />
               <span lang="" class="option-label active">Mati (M)</span>
            </label>
         </div>
      </fieldset>
   </fieldset>
   <label class="question non-select ">
      <span lang="" class="or-constraint-msg active">Nilai yang dimasukkan tidak memenuhi syarat, mohon periksa kembali</span>
      <span lang="" class="question-label active">Berat Bayi (Gram)</span>
      <span lang="" class="or-hint active">Berat Badan saat bayi baru lahir (Gram)</span>
      <input type="number" name="/dokumentasi_persalinan/berat_bayi" data-constraint=".&gt;0" data-type-xml="int" />
   </label>
   <fieldset class="question ">
      <fieldset>
         <legend>
            <span lang="" class="question-label active">PERSALINAN</span>
            <span lang="" class="or-hint active">Isi Kala Persalinan dimulai dari kedatangan Ibu hamil</span>
         </legend>
         <div class="option-wrapper">
            <label class="">
               <input type="checkbox" name="/dokumentasi_persalinan/persalinan" value="kalasatu" data-type-xml="select" />
               <span lang="" class="option-label active">Kala I Aktif</span>
            </label>
            <label class="">
               <input type="checkbox" name="/dokumentasi_persalinan/persalinan" value="kaladua" data-type-xml="select" />
               <span lang="" class="option-label active">Kala II</span>
            </label>
            <label class="">
               <input type="checkbox" name="/dokumentasi_persalinan/persalinan" value="kalatiga" data-type-xml="select" />
               <span lang="" class="option-label active">Kala III (Bayi Lahir/Plasenta Lahir)</span>
            </label>
            <label class="">
               <input type="checkbox" name="/dokumentasi_persalinan/persalinan" value="kalaempat" data-type-xml="select" />
               <span lang="" class="option-label active">Kala IV (2 Jam Postpartum)</span>
            </label>
         </div>
      </fieldset>
   </fieldset>
   <label class="question or-branch pre-init non-select ">
      <span lang="" class="question-label active">Tanggal / Kala I Aktif</span>
      <span lang="" class="or-hint active">Menunjukan Tanggal Kala I Aktif</span>
      <input type="date" name="/dokumentasi_persalinan/tanggal__kala_i_aktif" data-relevant="selected( /dokumentasi_persalinan/persalinan ,'kalasatu')" data-type-xml="date" />
   </label>
   <label class="question or-branch pre-init non-select ">
      <span lang="" class="question-label active">Jam / Kala I Aktif</span>
      <span lang="" class="or-hint active">Menunjukkan Jam Kala I Aktfi</span>
      <input type="time" name="/dokumentasi_persalinan/jam__kala_i_aktif" data-relevant="selected( /dokumentasi_persalinan/persalinan ,'kalasatu')" data-type-xml="time" />
   </label>
   <label class="question or-branch pre-init non-select ">
      <span lang="" class="question-label active">Tanggal / Kala II</span>
      <span lang="" class="or-hint active">Menunjukkan Tanggal Terjadinya Kala II Pada Ibu</span>
      <input type="date" name="/dokumentasi_persalinan/tanggal__kala_ii" data-relevant="selected( /dokumentasi_persalinan/persalinan ,'kaladua')" data-type-xml="date" />
   </label>
   <label class="question or-branch pre-init non-select ">
      <span lang="" class="question-label active">Jam / Kala II</span>
      <span lang="" class="or-hint active">Menunjukkan Jam Terjadinya Kala II Pada Ibu</span>
      <input type="time" name="/dokumentasi_persalinan/jam__kala_ii" data-relevant="selected( /dokumentasi_persalinan/persalinan ,'kaladua')" data-type-xml="time" />
   </label>
   <label class="question or-branch pre-init non-select ">
      <span lang="" class="question-label active">Tanggal / Plasenta Lahir</span>
      <span lang="" class="or-hint active">Menunjukkan Tanggal Plasenta Lahir</span>
      <input type="date" name="/dokumentasi_persalinan/tanggal__plasenta_lahir" data-relevant="selected( /dokumentasi_persalinan/persalinan ,'kalatiga')" data-type-xml="date" />
   </label>
   <label class="question or-branch pre-init non-select ">
      <span lang="" class="question-label active">Jam / Plasenta Lahir</span>
      <span lang="" class="or-hint active">Menunjukkan Jam Plasenta Lahir</span>
      <input type="time" name="/dokumentasi_persalinan/jam__plasenta_lahir" data-relevant="selected( /dokumentasi_persalinan/persalinan ,'kalatiga')" data-type-xml="time" />
   </label>
   <label class="question or-branch pre-init non-select ">
      <span lang="" class="or-constraint-msg active">Nilai yang dimasukkan tidak memenuhi syarat, mohon periksa kembali</span>
      <span lang="" class="question-label active">Perdarahan Kala IV 2 jam Postpartum</span>
      <span lang="" class="or-hint active">Menunjukkan Volume / Jumlah Darah Setelah 2 Jam Persalinan (cc)</span>
      <input type="number" name="/dokumentasi_persalinan/perdarahan_kala_iv_2_jam_postpartum" data-constraint=".&gt;-1" data-relevant="selected( /dokumentasi_persalinan/persalinan ,'kalaempat')" data-type-xml="decimal" step="any" />
   </label>
   <fieldset class="question or-branch pre-init ">
      <fieldset>
         <legend>
            <span lang="" class="question-label active">Persentasi</span>
            <span lang="" class="or-hint active">Menunjukkan Bagian Terendah Janin, yang Sudah Masuk Ke dalam PAP</span>
         </legend>
         <div class="option-wrapper">
            <label class="">
               <input type="radio" name="/dokumentasi_persalinan/persentasi" data-name="/dokumentasi_persalinan/persentasi" value="puncak_kepala" data-relevant="selected( /dokumentasi_persalinan/persalinan ,'kalaempat')" data-type-xml="select1" />
               <span lang="" class="option-label active">Puncak Kepala (PK)</span>
            </label>
            <label class="">
               <input type="radio" name="/dokumentasi_persalinan/persentasi" data-name="/dokumentasi_persalinan/persentasi" value="belakang_kepala" data-relevant="selected( /dokumentasi_persalinan/persalinan ,'kalaempat')" data-type-xml="select1" />
               <span lang="" class="option-label active">Belakang Kepala (BK)</span>
            </label>
            <label class="">
               <input type="radio" name="/dokumentasi_persalinan/persentasi" data-name="/dokumentasi_persalinan/persentasi" value="lintang_oblique" data-relevant="selected( /dokumentasi_persalinan/persalinan ,'kalaempat')" data-type-xml="select1" />
               <span lang="" class="option-label active">Lintang/Oblique (LG/OB)</span>
            </label>
            <label class="">
               <input type="radio" name="/dokumentasi_persalinan/persentasi" data-name="/dokumentasi_persalinan/persentasi" value="menumbung" data-relevant="selected( /dokumentasi_persalinan/persalinan ,'kalaempat')" data-type-xml="select1" />
               <span lang="" class="option-label active">Menumbung (MG)</span>
            </label>
            <label class="">
               <input type="radio" name="/dokumentasi_persalinan/persentasi" data-name="/dokumentasi_persalinan/persentasi" value="bokong" data-relevant="selected( /dokumentasi_persalinan/persalinan ,'kalaempat')" data-type-xml="select1" />
               <span lang="" class="option-label active">Bokong (BK)</span>
            </label>
            <label class="">
               <input type="radio" name="/dokumentasi_persalinan/persentasi" data-name="/dokumentasi_persalinan/persentasi" value="dahi" data-relevant="selected( /dokumentasi_persalinan/persalinan ,'kalaempat')" data-type-xml="select1" />
               <span lang="" class="option-label active">Dahi (Dahi)</span>
            </label>
            <label class="">
               <input type="radio" name="/dokumentasi_persalinan/persentasi" data-name="/dokumentasi_persalinan/persentasi" value="muka" data-relevant="selected( /dokumentasi_persalinan/persalinan ,'kalaempat')" data-type-xml="select1" />
               <span lang="" class="option-label active">Muka (MK)</span>
            </label>
            <label class="">
               <input type="radio" name="/dokumentasi_persalinan/persentasi" data-name="/dokumentasi_persalinan/persentasi" value="kaki" data-relevant="selected( /dokumentasi_persalinan/persalinan ,'kalaempat')" data-type-xml="select1" />
               <span lang="" class="option-label active">Kaki (KK)</span>
            </label>
            <label class="">
               <input type="radio" name="/dokumentasi_persalinan/persentasi" data-name="/dokumentasi_persalinan/persentasi" value="rangkap" data-relevant="selected( /dokumentasi_persalinan/persalinan ,'kalaempat')" data-type-xml="select1" />
               <span lang="" class="option-label active">Rangkap (RK)</span>
            </label>
	    <label class="">
               <input type="radio" name="/dokumentasi_persalinan/persentasi" data-name="/dokumentasi_persalinan/persentasi" value="belum_teraba" data-relevant="selected( /dokumentasi_persalinan/persalinan ,'kalaempat')" data-type-xml="select1" />
               <span lang="" class="option-label active">Belum Teraba</span>
            </label>
         </div>
      </fieldset>
   </fieldset>
   <label class="question or-appearance-minimal ">
      <span lang="" class="question-label active">Tempat bersalin</span>
      <span lang="" class="or-hint active">Menunjukkan tempat persalinan Ibu</span>
      <select name="/dokumentasi_persalinan/tempat" data-name="/dokumentasi_persalinan/tempat" data-type-xml="select1">
         <option value="">...</option>
         <option value="rumah">Rumah (RMH)</option>
         <option value="podok_bersalin_desa">Podok Bersalin desa ( Polindes)</option>
         <option value="pusat_kesehatan_masyarakat_pembantu">Pusat Kesehatan Masyarakat Pembantu (Pustu)</option>
         <option value="pusat_kesehatan_masyarakat">Pusat Kesehatan Masyarakat (Puseksmas )</option>
         <option value="rumah_bersalin">Rumah Bersalin (RB)</option>
         <option value="rumah_sakit_ibu_dan_anak">Rumah Sakit Ibu dan Anak (RSIA)</option>
         <option value="rumah_sakit">Rumah Sakit (RS)</option>
         <option value="rumah_sakit_orang_dengan_hiv_aids">Rumah Sakit Orang dengan HIV / AIDS (RS Odha)</option>
      </select>
      <span class="or-option-translations" style="display:none;" />
   </label>
   <label class="question or-appearance-minimal ">
      <span lang="" class="question-label active">Penolong</span>
      <span lang="" class="or-hint active">Menunjukkan penolong persalinan Ibu</span>
      <select name="/dokumentasi_persalinan/penolong" data-name="/dokumentasi_persalinan/penolong" data-type-xml="select1">
         <option value="">...</option>
         <option value="keluarga">Keluarga (K)</option>
         <option value="dukun">Dukun (D)</option>
         <option value="bidan">Bidan (B)</option>
         <option value="dr.umum">Dr.Umum (DU)</option>
         <option value="dr.spesialis">Dr.Spesialis (DS)</option>
         <option value="lain-lain">Lain-Lain (LN)</option>
         <option value="tidak_ada">Tidak Ada (TA)</option>
      </select>
      <span class="or-option-translations" style="display:none;" />
   </label>
   <label class="question or-branch pre-init non-select ">
      <span lang="" class="question-label active">Lain-lain</span>
      <span lang="" class="or-hint active">Menunjukkan penolong persalinan Ibu selain yang disebutkan</span>
      <input type="text" name="/dokumentasi_persalinan/penolong_lain_lain" data-relevant=" /dokumentasi_persalinan/penolong  = 'lain-lain'" data-type-xml="string" />
   </label>
   <fieldset class="question ">
      <fieldset>
         <legend>
            <span lang="" class="question-label active">Cara persalinan Ibu</span>
            <span lang="" class="or-hint active">Menunjukkan cara persalinan Ibu (prosesnya normal atau tidak)</span>
         </legend>
         <div class="option-wrapper">
            <label class="">
               <input type="radio" name="/dokumentasi_persalinan/cara_persalinan_ibu" data-name="/dokumentasi_persalinan/cara_persalinan_ibu" value="normal" data-type-xml="select1" />
               <span lang="" class="option-label active">Normal (N)</span>
            </label>
            <label class="">
               <input type="radio" name="/dokumentasi_persalinan/cara_persalinan_ibu" data-name="/dokumentasi_persalinan/cara_persalinan_ibu" value="vacum" data-type-xml="select1" />
               <span lang="" class="option-label active">Vacum (VC)</span>
            </label>
            <label class="">
               <input type="radio" name="/dokumentasi_persalinan/cara_persalinan_ibu" data-name="/dokumentasi_persalinan/cara_persalinan_ibu" value="forceps" data-type-xml="select1" />
               <span lang="" class="option-label active">Forceps (FS)</span>
            </label>
            <label class="">
               <input type="radio" name="/dokumentasi_persalinan/cara_persalinan_ibu" data-name="/dokumentasi_persalinan/cara_persalinan_ibu" value="sectio_caesaria" data-type-xml="select1" />
               <span lang="" class="option-label active">Sectio Caesaria (SC)</span>
            </label>
         </div>
      </fieldset>
   </fieldset>
   <fieldset class="question ">
      <fieldset>
         <legend>
            <span lang="" class="question-label active">Manajemen Aktif Kala III</span>
            <span lang="" class="or-hint active">Menunjukkan tindakan yang dilakukan pada saat Kala III untuk mengeluarkan plasenta</span>
         </legend>
         <div class="option-wrapper">
            <label class="">
               <input type="checkbox" name="/dokumentasi_persalinan/manajemen_aktif_kala_iii" value="injeksi_oksittosin" data-type-xml="select" />
               <span lang="" class="option-label active">Injeksi Oksittosin (IO)</span>
            </label>
            <label class="">
               <input type="checkbox" name="/dokumentasi_persalinan/manajemen_aktif_kala_iii" value="peregangan_tali_pusat" data-type-xml="select" />
               <span lang="" class="option-label active">Peregangan Tali Pusat (PP)</span>
            </label>
            <label class="">
               <input type="checkbox" name="/dokumentasi_persalinan/manajemen_aktif_kala_iii" value="masase_fundus_uteri" data-type-xml="select" />
               <span lang="" class="option-label active">Masase Fundus Uteri (MU)</span>
            </label>
         </div>
      </fieldset>
   </fieldset>
   <fieldset class="question ">
      <fieldset>
         <legend>
            <span lang="" class="question-label active">Pelayanan</span>
            <span lang="" class="or-hint active">Jenis pelayanan yang diberikan ke Ibu dari proses persalinan sampai 2 jam setelah persalinan</span>
         </legend>
         <div class="option-wrapper">
            <label class="">
               <input type="checkbox" name="/dokumentasi_persalinan/pelayanan" value="imd_k_1_jam_l_1_jam" data-type-xml="select" />
               <span lang="" class="option-label active">IMD &lt; 1 Jam / &gt; 1 Jam (IMD)</span>
            </label>
            <label class="">
               <input type="checkbox" name="/dokumentasi_persalinan/pelayanan" value="menggunakan_partograf" data-type-xml="select" />
               <span lang="" class="option-label active">Menggunakan Partograf (MP)</span>
            </label>
            <label class="">
               <input type="checkbox" name="/dokumentasi_persalinan/pelayanan" value="catat_di_buku_kia" data-type-xml="select" />
               <span lang="" class="option-label active">Catat di Buku KIA (CK)</span>
            </label>
         </div>
      </fieldset>
   </fieldset>
   <label class="question non-select ">
      <span lang="" class="question-label active">Integrasi Program</span>
      <span lang="" class="or-hint active">Diisi dengan nama obat ( ARV Profilaksis / Anti Malaria / Anti TB) yang diberikan bidan ke Ibu</span>
      <input type="text" name="/dokumentasi_persalinan/integrasi_program" data-type-xml="string" />
   </label>
   <label class="question or-appearance-minimal ">
      <span lang="" class="question-label active">Komplikasi</span>
      <span lang="" class="or-hint active">Jenis komplikasi yang terjadi pada Ibu setelah persalinan</span>
      <select multiple="multiple" name="/dokumentasi_persalinan/komplikasi" data-type-xml="select">
         <option value="">...</option>
         <option value="tidak_ada_komplikasi">Tidak ada komplikasi persalinan</option>
         <option value="distosia">Distosia (DS)</option>
         <option value="hipertensi_dalam_kehamilan">Hipertensi dalam Kehamilan (HDK)</option>
         <option value="perdarahan_post-partum">Perdarahan Post-Partum (PPP)</option>
         <option value="Infeksi">Infeksi</option>
         <option value="sepsis_maternal">sepsis maternal</option>
         <option value="preeklampsi_eklampsi">preeklampsi/eklampsi</option>
         <option value="lain_lain">Lain - Lain (LN)</option>
      </select>
      <span class="or-option-translations" style="display:none;" />
   </label>
   <label class="question or-branch pre-init non-select ">
      <span lang="" class="question-label active">Lain-lain</span>
      <span lang="" class="or-hint active">Jenis komplikasi yang terjadi pada Ibu setelah persalinan selain yang disebutkan</span>
      <input type="text" name="/dokumentasi_persalinan/komplikasilain-lain" data-relevant="selected( /dokumentasi_persalinan/komplikasi , 'lain_lain')" data-type-xml="string" />
   </label>
   <label class="question or-appearance-minimal ">
      <span lang="" class="question-label active">Dirujuk Ke</span>
      <span lang="" class="or-hint active">Tempat Ibu dirujuk, jika Ibu mengalami komplikasi persalinan</span>
      <select name="/dokumentasi_persalinan/dirujuk_ke" data-name="/dokumentasi_persalinan/dirujuk_ke" data-type-xml="select1">
         <option value="">...</option>
         <option value="pusat_kesehatan_masyarakat">Pusat Kesehatan Masyarakat (Puskesmas )</option>
         <option value="rumah_bersalin">Rumah Bersalin (RB)</option>
         <option value="rumah_sakit_ibu_dan_anak">Rumah Sakit Ibu dan Anak (RSIA)</option>
         <option value="rumah_sakit">Rumah Sakit (RS)</option>
         <option value="lain-lain">Lain-lain (LN)</option>
         <option value="tidak_diujuk">Tidak Diujuk (TD)</option>
      </select>
      <span class="or-option-translations" style="display:none;" />
   </label>
   <label class="question or-branch pre-init non-select ">
      <span lang="" class="question-label active">Lain-lain</span>
      <span lang="" class="or-hint active">Tempat Ibu dirujuk, jika Ibu mengalami komplikasi persalinan</span>
      <input type="text" name="/dokumentasi_persalinan/dirujuk_ke_lain_lain" data-relevant=" /dokumentasi_persalinan/dirujuk_ke  = 'lain-lain'" data-type-xml="string" />
   </label>
   <label class="question non-select ">
      <span lang="" class="question-label active">Alamat Bersalin</span>
      <span lang="" class="or-hint active">Alamat tempat Ibu bersalin</span>
      <input type="text" name="/dokumentasi_persalinan/alamat_bersalin" data-type-xml="string" />
   </label>
   <label class="note non-select ">
      <span lang="" class="question-label active">Register Bayi</span>
      <input type="text" name="/dokumentasi_persalinan/generated_note_name_35" data-type-xml="string" readonly="readonly" />
   </label>
   <label class="question non-select ">
      <span lang="" class="question-label active">No. bayi</span>
      <input type="number" name="/dokumentasi_persalinan/no_bayi" data-type-xml="int" />
   </label>
   <label class="question non-select ">
      <span lang="" class="question-label active">Nama Bayi</span>
      <span class="required">*</span>
      <span lang="" class="or-hint active">Jika bayi belum di beri nama gunakan Bayi 'nama ibu'. misalnya nama ibu: Ratna maka isi dengan Bayi Ratna</span>
      <input type="text" name="/dokumentasi_persalinan/nama_bayi" required="required" data-type-xml="string" />
   </label>
   <label class="question non-select ">
      <span lang="" class="question-label active">Tanggal Lahir Bayi</span>
      <span lang="" class="or-hint active">Tanggal lahir bayi</span>
      <input type="date" name="/dokumentasi_persalinan/tanggal_lahir_anak" data-type-xml="date" />
   </label>
   <fieldset class="question ">
      <fieldset>
         <legend>
            <span lang="" class="question-label active">Jenis Kelamin</span>
            <span lang="" class="or-hint active">Jenis kelamin bayi</span>
         </legend>
         <div class="option-wrapper">
            <label class="">
               <input type="radio" name="/dokumentasi_persalinan/jenis_kelamin" data-name="/dokumentasi_persalinan/jenis_kelamin" value="laki" data-type-xml="select1" />
               <span lang="" class="option-label active">Laki (L)</span>
            </label>
            <label class="">
               <input type="radio" name="/dokumentasi_persalinan/jenis_kelamin" data-name="/dokumentasi_persalinan/jenis_kelamin" value="perempuan" data-type-xml="select1" />
               <span lang="" class="option-label active">Perempuan ( P)</span>
            </label>
         </div>
      </fieldset>
   </fieldset>
   <fieldset class="question ">
      <fieldset>
         <legend>
            <span lang="" class="question-label active">Kepemilikan buku KIA</span>
            <span lang="" class="or-hint active">Diisi untuk menerangkan apakah ibu memiliki buku KIA atau tidak</span>
         </legend>
         <div class="option-wrapper">
            <label class="">
               <input type="radio" name="/dokumentasi_persalinan/kepemilikan_buku_kia" data-name="/dokumentasi_persalinan/kepemilikan_buku_kia" value="ya" data-type-xml="select1" />
               <span lang="" class="option-label active">Ya (+)</span>
            </label>
            <label class="">
               <input type="radio" name="/dokumentasi_persalinan/kepemilikan_buku_kia" data-name="/dokumentasi_persalinan/kepemilikan_buku_kia" value="tidak" data-type-xml="select1" />
               <span lang="" class="option-label active">Tidak (-)</span>
            </label>
         </div>
      </fieldset>
   </fieldset>
   <fieldset class="question or-branch pre-init ">
      <fieldset>
         <legend>
            <span lang="" class="question-label active">
               anak masuk kategori RT (Resiko Tinggi), karena:
               <span class="or-output" data-value=" /dokumentasi_persalinan/high_risk_child_reason " />
               ,
               <span class="or-output" data-value=" /dokumentasi_persalinan/high_risk_post-partum_reason " />
            </span>
         </legend>
         <div class="option-wrapper">
            <label>
               <input value="OK" type="radio" name="/dokumentasi_persalinan/high_risk_note" data-relevant=" /dokumentasi_persalinan/is_high_risk_child  = 'yes' or  /dokumentasi_persalinan/is_high_risk_post-partum  = 'yes'" data-type-xml="string" />
               <span class="option-label active" lang="">OK</span>
            </label>
         </div>
      </fieldset>
   </fieldset>
   <fieldset id="or-preload-items" style="display:none;">
      <label class="calculation non-select ">
         <input type="hidden" name="/dokumentasi_persalinan/start" data-preload="timestamp" data-preload-params="start" data-type-xml="dateTime" />
      </label>
      <label class="calculation non-select ">
         <input type="hidden" name="/dokumentasi_persalinan/today" data-preload="date" data-preload-params="today" data-type-xml="date" />
      </label>
      <label class="calculation non-select ">
         <input type="hidden" name="/dokumentasi_persalinan/deviceid" data-preload="property" data-preload-params="deviceid" data-type-xml="string" />
      </label>
      <label class="calculation non-select ">
         <input type="hidden" name="/dokumentasi_persalinan/simserial" data-preload="property" data-preload-params="simserial" data-type-xml="string" />
      </label>
      <label class="calculation non-select ">
         <input type="hidden" name="/dokumentasi_persalinan/phonenumber" data-preload="property" data-preload-params="phonenumber" data-type-xml="string" />
      </label>
      <label class="calculation non-select ">
         <input type="hidden" name="/dokumentasi_persalinan/end" data-preload="timestamp" data-preload-params="end" data-type-xml="dateTime" />
      </label>
   </fieldset>
   <fieldset id="or-calculated-items" style="display:none;">
   <label class="calculation non-select ">
         <input autocomplete="off" type="hidden" name="/dokumentasi_persalinan/reg_date" data-calculate=" /dokumentasi_persalinan/today " data-type-xml="date"/>
      </label>
      <label class="calculation non-select ">
         <input type="hidden" name="/dokumentasi_persalinan/usiakehamilan" data-calculate="int((( /dokumentasi_persalinan/today  -  /dokumentasi_persalinan/hpht ) div 7)+1)" data-type-xml="string" />
      </label>
      <label class="calculation non-select ">
         <input type="hidden" name="/dokumentasi_persalinan/preterm_risk" data-calculate="if( /dokumentasi_persalinan/usiakehamilan  &lt; '37', 'Premature', '')" data-type-xml="string" />
      </label>
      <label class="calculation non-select ">
         <input type="hidden" name="/dokumentasi_persalinan/Low_Birthweght_risk" data-calculate="if( /dokumentasi_persalinan/berat_bayi  &gt;= 1500 and  /dokumentasi_persalinan/berat_bayi  &lt; 2500, 'Berat badan rendah', (if ( /dokumentasi_persalinan/berat_bayi  &lt; 1500, 'berat badan sangat rendah', '')))" data-type-xml="string" />
      </label>
      <label class="calculation non-select ">
         <input type="hidden" name="/dokumentasi_persalinan/distosia_risk" data-calculate="(if(selected( /dokumentasi_persalinan/komplikasi ,'distosia'), 'distosia',''))" data-type-xml="string" />
      </label>
      <label class="calculation non-select ">
         <input type="hidden" name="/dokumentasi_persalinan/hipertensi_dalam_kehamilan_risk" data-calculate="(if(selected( /dokumentasi_persalinan/komplikasi ,'hipertensi_dalam_kehamilan'), 'hipertensi_dalam_kehamilan',''))" data-type-xml="string" />
      </label>
      <label class="calculation non-select ">
         <input type="hidden" name="/dokumentasi_persalinan/perdarahan_post-partum_risk" data-calculate="(if(selected( /dokumentasi_persalinan/komplikasi ,'perdarahan_post-partum'), 'perdarahan_post-partum',''))" data-type-xml="string" />
      </label>
      <label class="calculation non-select ">
         <input type="hidden" name="/dokumentasi_persalinan/Infeksi_risk" data-calculate="(if(selected( /dokumentasi_persalinan/komplikasi ,'Infeksi'), 'Infeksi',''))" data-type-xml="string" />
      </label>
      <label class="calculation non-select ">
         <input type="hidden" name="/dokumentasi_persalinan/sepsis_maternal_risk" data-calculate="(if(selected( /dokumentasi_persalinan/komplikasi ,'sepsis_maternal'), 'sepsis_maternal',''))" data-type-xml="string" />
      </label>
      <label class="calculation non-select ">
         <input type="hidden" name="/dokumentasi_persalinan/preeklampsi_eklampsi_risk" data-calculate="(if(selected( /dokumentasi_persalinan/komplikasi ,'preeklampsi_eklampsi'), 'preeklampsi_eklampsi',''))" data-type-xml="string" />
      </label>
      <label class="calculation non-select ">
         <input type="hidden" name="/dokumentasi_persalinan/Lainnya_risk" data-calculate="(if(selected( /dokumentasi_persalinan/komplikasi ,'lain_lain'),  /dokumentasi_persalinan/komplikasilain-lain ,''))" data-type-xml="string" />
      </label>
      <label class="calculation non-select ">
         <input type="hidden" name="/dokumentasi_persalinan/vacum_risk" data-calculate="(if(selected( /dokumentasi_persalinan/cara_persalinan_ibu ,'vacum'), 'vacum',''))" data-type-xml="string" />
      </label>
      <label class="calculation non-select ">
         <input type="hidden" name="/dokumentasi_persalinan/forceps_risk" data-calculate="(if(selected( /dokumentasi_persalinan/cara_persalinan_ibu ,'forceps'), 'forceps',''))" data-type-xml="string" />
      </label>
      <label class="calculation non-select ">
         <input type="hidden" name="/dokumentasi_persalinan/sectio_caesaria_risk" data-calculate="(if(selected( /dokumentasi_persalinan/cara_persalinan_ibu ,'sectio_caesaria'), 'sectio_caesaria',''))" data-type-xml="string" />
      </label>
      <label class="calculation non-select ">
         <input type="hidden" name="/dokumentasi_persalinan/is_high_risk_post-partum" data-calculate="if(( /dokumentasi_persalinan/distosia_risk  !='' or  /dokumentasi_persalinan/hipertensi_dalam_kehamilan_risk  !='' or  /dokumentasi_persalinan/perdarahan_post-partum_risk  != '' or  /dokumentasi_persalinan/Infeksi_risk  != '' or  /dokumentasi_persalinan/Lainnya_risk  != ''or  /dokumentasi_persalinan/vacum_risk  != ''or  /dokumentasi_persalinan/forceps_risk  != ''or  /dokumentasi_persalinan/sectio_caesaria_risk  != '' or  /dokumentasi_persalinan/sepsis_maternal_risk  != '' or  /dokumentasi_persalinan/preeklampsi_eklampsi_risk  != ''), 'yes', 'no')" data-type-xml="string" />
      </label>
      <label class="calculation non-select ">
         <input type="hidden" name="/dokumentasi_persalinan/high_risk_post-partum_reason" data-calculate="concat( /dokumentasi_persalinan/distosia_risk , ' ,',  /dokumentasi_persalinan/hipertensi_dalam_kehamilan_risk , ' ,',  /dokumentasi_persalinan/perdarahan_post-partum_risk , ' ,',  /dokumentasi_persalinan/Infeksi_risk , ' ,',  /dokumentasi_persalinan/Lainnya_risk , ' ,',  /dokumentasi_persalinan/vacum_risk , ' ,',  /dokumentasi_persalinan/forceps_risk , ' ,',  /dokumentasi_persalinan/sectio_caesaria_risk , ' ,',  /dokumentasi_persalinan/sepsis_maternal_risk , ' ,',  /dokumentasi_persalinan/preeklampsi_eklampsi_risk )" data-type-xml="string" />
      </label>
      <label class="calculation non-select ">
         <input type="hidden" name="/dokumentasi_persalinan/is_high_risk_child" data-calculate="if(( /dokumentasi_persalinan/Low_Birthweght_risk  != '' or  /dokumentasi_persalinan/preterm_risk  !=''), 'yes', 'no')" data-type-xml="string" />
      </label>
      <label class="calculation non-select ">
         <input type="hidden" name="/dokumentasi_persalinan/high_risk_child_reason" data-calculate="concat( /dokumentasi_persalinan/Low_Birthweght_risk , ' ', /dokumentasi_persalinan/preterm_risk )" data-type-xml="string" />
      </label>
      <label class="calculation non-select ">
         <input type="hidden" name="/dokumentasi_persalinan/meta/instanceID" data-calculate="concat('uuid:', uuid())" data-type-xml="string" />
      </label>
      <label class="calculation non-select ">
         <input type="hidden" name="/dokumentasi_persalinan/formhub/uuid" data-calculate="'58e77c3472cd4a79918376dd92063c1a'" data-type-xml="string" />
      </label>
   </fieldset>
</form>
