<?xml version="1.0" encoding="UTF-8"?>
<model>
    <instance>
        <dokumentasi_persalinan id="dokumentasi_persalinan" version="201506190731">
          <formhub>
            <uuid/>
          </formhub>
          <start/>
          <today/>
          <reg_date/>
          <reference_date/>
          <deviceid/>
          <simserial/>
          <phonenumber/>
          <generated_note_name_7/>
          <hpht/>
          <usiakehamilan/>
          <usia_kehamilan_hpht/>
          <keadaan_ibu/>
          <keadaan_bayi/>
          <berat_bayi/>
          <persalinan/>
          <tanggal__kala_i_aktif/>
          <jam__kala_i_aktif/>
          <tanggal__kala_ii/>
          <jam__kala_ii/>
          <tanggal__plasenta_lahir/>
          <jam__plasenta_lahir/>
          <perdarahan_kala_iv_2_jam_postpartum/>
          <persentasi/>
          <tempat/>
          <penolong/>
          <penolong_lain_lain/>
          <cara_persalinan_ibu/>
          <manajemen_aktif_kala_iii/>
          <pelayanan/>
          <integrasi_program/>
          <komplikasi/>
          <komplikasilain-lain/>
          <dirujuk_ke/>
          <dirujuk_ke_lain_lain/>
          <alamat_bersalin/>
          <generated_note_name_35/>
          <no_bayi/>
          <nama_bayi/>
          <tanggal_lahir_anak/>
          <jenis_kelamin/>
          <kepemilikan_buku_kia/>
          <preterm_risk/>
          <Low_Birthweght_risk/>
          <distosia_risk/>
          <hipertensi_dalam_kehamilan_risk/>
          <perdarahan_post-partum_risk/>
          <Infeksi_risk/>
          <sepsis_maternal_risk/>
          <preeklampsi_eklampsi_risk/>
          <Lainnya_risk/>
          <vacum_risk/>
          <forceps_risk/>
          <sectio_caesaria_risk/>
          <is_high_risk_post-partum/>
          <high_risk_post-partum_reason/>
          <is_high_risk_child/>
          <high_risk_child_reason/>
          <high_risk_note/>
          <end/>
          <meta>
            <instanceID/>
          </meta>
        </dokumentasi_persalinan>
      </instance>
  </model>
