<model>
    <instance>
        <register_baby_only id="register_baby_only" version="201506190604">
          <formhub>
            <uuid/>
          </formhub>
          <start/>
          <today/>
          <reg_date/>
          <deviceid/>
          <simserial/>
          <phonenumber/>
          <tanggal_pendaftaran/>
          <no_bayi/>
          <nama_bayi/>
          <tanggal_lahir_anak/>
          <jenis_kelamin/>
          <kepemilikan_buku_kia/>
          <berat_lahir/>
          <end/>
          <meta>
            <instanceID/>
          </meta>
        </register_baby_only>
      </instance>
  </model>
