<?xml version="1.0" encoding="UTF-8"?>
<form autocomplete="off" novalidate="novalidate" class="or clearfix" id="kohort_pelayanan_kb">
   <!--This form was created by transforming a OpenRosa-flavored (X)Form using an XSLT sheet created by Enketo LLC.-->
   <section class="form-logo" />
   <h3 id="form-title">Kohort Pelayanan KB</h3>
   <label class="question non-select ">
      <span lang="" class="question-label active">Tanggal kunjungan</span>
      <span lang="" class="or-hint active">Diisi dengan tanggal kunjungan/ pelayanan</span>
      <input type="date" name="/kohort_pelayanan_kb/tanggal_kunjungan" data-calculate=" /kohort_pelayanan_kb/today " data-type-xml="date" />
   </label>
   <fieldset class="question ">
      <fieldset>
         <legend>
            <span lang="" class="question-label active">Keterangan tentang Peserta KB</span>
            <span lang="" class="or-hint active">Diisi B untuk peserta KB baru, L untuk peserta KB Lama, BO untuk peserta KB baru pasca salin</span>
         </legend>
         <div class="option-wrapper">
            <label class="">
               <input type="radio" name="/kohort_pelayanan_kb/keterangan_tentang_peserta_kb" data-name="/kohort_pelayanan_kb/keterangan_tentang_peserta_kb" value="lama" data-type-xml="select1" />
               <span lang="" class="option-label active">Lama (L)</span>
            </label>
            <label class="">
               <input type="radio" name="/kohort_pelayanan_kb/keterangan_tentang_peserta_kb" data-name="/kohort_pelayanan_kb/keterangan_tentang_peserta_kb" value="kb_baru_pasca_salin" data-type-xml="select1" />
               <span lang="" class="option-label active">KB Baru Pasca Salin (BO)</span>
            </label>
         </div>
      </fieldset>
   </fieldset>
   <fieldset class="question ">
      <fieldset>
         <legend>
            <span lang="" class="question-label active">Jenis Kontrasepsi yang digunakan</span>
            <span lang="" class="or-hint active">Diisi dengan jenis metode kontrasepsi yang dilayani</span>
         </legend>
         <div class="option-wrapper">
            <label class="">
               <input type="radio" name="/kohort_pelayanan_kb/jenis_kontrasepsi_yang_digunakan" data-name="/kohort_pelayanan_kb/jenis_kontrasepsi_yang_digunakan" value="pil" data-type-xml="select1" />
               <span lang="" class="option-label active">Pil (P)</span>
            </label>
            <label class="">
               <input type="radio" name="/kohort_pelayanan_kb/jenis_kontrasepsi_yang_digunakan" data-name="/kohort_pelayanan_kb/jenis_kontrasepsi_yang_digunakan" value="suntik" data-type-xml="select1" />
               <span lang="" class="option-label active">Suntik (S)</span>
            </label>
            <label class="">
               <input type="radio" name="/kohort_pelayanan_kb/jenis_kontrasepsi_yang_digunakan" data-name="/kohort_pelayanan_kb/jenis_kontrasepsi_yang_digunakan" value="iud" data-type-xml="select1" />
               <span lang="" class="option-label active">IUD (I)</span>
            </label>
            <label class="">
               <input type="radio" name="/kohort_pelayanan_kb/jenis_kontrasepsi_yang_digunakan" data-name="/kohort_pelayanan_kb/jenis_kontrasepsi_yang_digunakan" value="mow" data-type-xml="select1" />
               <span lang="" class="option-label active">MOW (OW)</span>
            </label>
            <label class="">
               <input type="radio" name="/kohort_pelayanan_kb/jenis_kontrasepsi_yang_digunakan" data-name="/kohort_pelayanan_kb/jenis_kontrasepsi_yang_digunakan" value="mop" data-type-xml="select1" />
               <span lang="" class="option-label active">MOP (OP)</span>
            </label>
            <label class="">
               <input type="radio" name="/kohort_pelayanan_kb/jenis_kontrasepsi_yang_digunakan" data-name="/kohort_pelayanan_kb/jenis_kontrasepsi_yang_digunakan" value="kondom" data-type-xml="select1" />
               <span lang="" class="option-label active">Kondom (K)</span>
            </label>
            <label class="">
               <input type="radio" name="/kohort_pelayanan_kb/jenis_kontrasepsi_yang_digunakan" data-name="/kohort_pelayanan_kb/jenis_kontrasepsi_yang_digunakan" value="Implant" data-type-xml="select1" />
               <span lang="" class="option-label active">Implant (IP)</span>
            </label>
         </div>
      </fieldset>
   </fieldset>
   <fieldset class="question ">
      <fieldset>
         <legend>
            <span lang="" class="question-label active">Keterangan tentang Peserta KB2</span>
            <span lang="" class="or-hint active">Diisi dengan DO jika klien drop out, GC ganti cara, ES jika ada efek samping, K jika ada komplikasi</span>
         </legend>
         <div class="option-wrapper">
            <label class="">
               <input type="radio" name="/kohort_pelayanan_kb/keterangan_tentang_peserta_kb_2" data-name="/kohort_pelayanan_kb/keterangan_tentang_peserta_kb_2" value="ganti_cara" data-type-xml="select1" />
               <span lang="" class="option-label active">Ganti Cara (GC)</span>
            </label>
            <label class="">
               <input type="radio" name="/kohort_pelayanan_kb/keterangan_tentang_peserta_kb_2" data-name="/kohort_pelayanan_kb/keterangan_tentang_peserta_kb_2" value="efek_samping" data-type-xml="select1" />
               <span lang="" class="option-label active">Efek Samping (ES)</span>
            </label>
            <label class="">
               <input type="radio" name="/kohort_pelayanan_kb/keterangan_tentang_peserta_kb_2" data-name="/kohort_pelayanan_kb/keterangan_tentang_peserta_kb_2" value="komplikasi" data-type-xml="select1" />
               <span lang="" class="option-label active">Komplikasi (K)</span>
            </label>
         </div>
      </fieldset>
   </fieldset>
   <label class="question or-branch pre-init non-select ">
      <span lang="" class="question-label active">Keterangan DO</span>
      <span lang="" class="or-hint active">Berikan alasan dan penjelasan penyebab peserta KB Drop Out</span>
      <input type="text" name="/kohort_pelayanan_kb/keterangan_do" data-relevant=" /kohort_pelayanan_kb/keterangan_tentang_peserta_kb_2  = 'drop_out'" data-type-xml="string" />
   </label>
   <label class="question or-branch pre-init non-select ">
      <span lang="" class="question-label active">Keterangan Ganti Cara</span>
      <span lang="" class="or-hint active">Berikan alasan dan penjelasan penyebab peserta KB Ganti Cara</span>
      <input type="text" name="/kohort_pelayanan_kb/keterangan_ganti_cara" data-relevant=" /kohort_pelayanan_kb/keterangan_tentang_peserta_kb_2  = 'ganti_cara'" data-type-xml="string" />
   </label>
   <label class="question or-branch pre-init non-select ">
      <span lang="" class="question-label active">Keterangan Efek Samping</span>
      <span lang="" class="or-hint active">Keterangan efek samping penggunaan metode kontrasepsi</span>
      <input type="text" name="/kohort_pelayanan_kb/keterangan_efek_samping" data-relevant=" /kohort_pelayanan_kb/keterangan_tentang_peserta_kb_2  = 'efek_samping'" data-type-xml="string" />
   </label>
   <label class="question or-branch pre-init non-select ">
      <span lang="" class="question-label active">Keterangan Komplikasi</span>
      <span lang="" class="or-hint active">Keterangan tentang komplikasi penggunaan metode kontrasepsi</span>
      <input type="text" name="/kohort_pelayanan_kb/keterangan_komplikasi" data-relevant=" /kohort_pelayanan_kb/keterangan_tentang_peserta_kb_2  = 'komplikasi'" data-type-xml="string" />
   </label>
   <fieldset id="or-preload-items" style="display:none;">
      <label class="calculation non-select ">
         <input type="hidden" name="/kohort_pelayanan_kb/start" data-preload="timestamp" data-preload-params="start" data-type-xml="dateTime" />
      </label>
      <label class="calculation non-select ">
         <input type="hidden" name="/kohort_pelayanan_kb/today" data-preload="date" data-preload-params="today" data-type-xml="date" />
      </label>
      <label class="calculation non-select ">
         <input type="hidden" name="/kohort_pelayanan_kb/deviceid" data-preload="property" data-preload-params="deviceid" data-type-xml="string" />
      </label>
      <label class="calculation non-select ">
         <input type="hidden" name="/kohort_pelayanan_kb/simserial" data-preload="property" data-preload-params="simserial" data-type-xml="string" />
      </label>
      <label class="calculation non-select ">
         <input type="hidden" name="/kohort_pelayanan_kb/phonenumber" data-preload="property" data-preload-params="phonenumber" data-type-xml="string" />
      </label>
      <label class="calculation non-select ">
         <input type="hidden" name="/kohort_pelayanan_kb/end" data-preload="timestamp" data-preload-params="end" data-type-xml="dateTime" />
      </label>
   </fieldset>
   <fieldset id="or-calculated-items" style="display:none;">
   <label class="calculation non-select ">
         <input autocomplete="off" type="hidden" name="/kohort_pelayanan_kb/reg_date" data-calculate=" /kohort_pelayanan_kb/today " data-type-xml="date" />
      </label>
      <label class="calculation non-select ">
         <input type="hidden" name="/kohort_pelayanan_kb/meta/instanceID" data-calculate="concat('uuid:', uuid())" data-type-xml="string" />
      </label>
      <label class="calculation non-select ">
         <input type="hidden" name="/kohort_pelayanan_kb/formhub/uuid" data-calculate="'33c7f99dc13d4d45bc6320374fcf5cc2'" data-type-xml="string" />
      </label>
   </fieldset>
</form>