<model>
    <instance>
        <Penutupan_ANC id="Penutupan_ANC" version="201506190658">
          <formhub>
            <uuid/>
          </formhub>
          <start/>
          <today/>
          <deviceid/>
          <simserial/>
          <phonenumber/>
          <close_reason/>
          <case_num_abortions/>
          <num_abortions/>
          <maternal_death/>
          <spontaneous_abortion_group>
            <case_num_abortions_spontaneous/>
            <num_abortions_spontaneous/>
            <date_spontaneous/>
            <case_lmp/>
            <num_weeks_spontaneous/>
            <spont_abortion_cause/>
            <spont_abortion_cause_other/>
            <spont_abortion_place/>
            <case_w_rh_negative/>
            <rh_injection_given1/>
            <threemonths_from_spont_abortion_date/>
            <threemonths_from_spont_abortion_date_formatted/>
            <spont_abortion_message/>
          </spontaneous_abortion_group>
          <induced_abortion_group>
            <case_num_abortions_induced/>
            <num_abortions_induced/>
            <time_induced/>
            <date_induced/>
            <rh_injection_given2/>
            <induced_fp_message/>
          </induced_abortion_group>
          <maternal_death_group>
            <date_maternal_death/>
            <maternal_death_cause/>
            <other_maternal_death_cause/>
            <place_of_death/>
            <other_place_of_death/>
            <not_maternal_death_cause/>
          </maternal_death_group>
          <rh_injection_given/>
          <confirm_Penutupan_ANC/>
          <confirm_anc_left/>
          <end/>
          <meta>
            <instanceID/>
          </meta>
        </Penutupan_ANC>
      </instance>
  </model>