{
  "form_data_definition_version": "1",
  "form": {
    "default_bind_path": "/model/instance/ANC_Reminder_Visit_1",
    "bind_type": "mcaremother",
    "fields": [
      {
        "name": "id",
        "shouldLoadValue": true
      },
      {
        "name": "anc1_current_formStatus",
        "bind": "/model/instance/ANC_Reminder_Visit_1/anc1_current_formStatus"
      },
      {
        "name": "version",
        "bind": "/model/instance/ANC_Reminder_Visit_1/version"
      },
      {
        "name": "changes",
        "bind": "/model/instance/ANC_Reminder_Visit_1/changes"
      },
      {
        "name": "GOBHHID",
        "bind": "/model/instance/ANC_Reminder_Visit_1/existing_gobhhid",
        "shouldLoadValue": true
      },
      {
        "name": "JiVitAHHID",
        "bind": "/model/instance/ANC_Reminder_Visit_1/existing_jivhhid",
        "shouldLoadValue": true
      },
      {
        "name": "FWWOMBID",
        "bind": "/model/instance/ANC_Reminder_Visit_1/existing_wom_bid",
        "shouldLoadValue": true
      },
      {
        "name": "FWWOMNID",
        "bind": "/model/instance/ANC_Reminder_Visit_1/existing_wom_nid",
        "shouldLoadValue": true
      },
      {
        "name": "FWWOMFNAME",
        "bind": "/model/instance/ANC_Reminder_Visit_1/existing_first_name",
        "shouldLoadValue": true
      },
      {
        "name": "FWHUSNAME",
        "bind": "/model/instance/ANC_Reminder_Visit_1/existing_husname",
        "shouldLoadValue": true
      },
      {
        "name": "FWPSRLMP",
        "bind": "/model/instance/ANC_Reminder_Visit_1/existing_psrlmp",
        "shouldLoadValue": true
      },
      {
        "name": "existing_riskfactor",
        "bind": "/model/instance/ANC_Reminder_Visit_1/existing_riskfactor",
        "shouldLoadValue": true
      },
      {
        "name": "existing_dangervalue",
        "bind": "/model/instance/ANC_Reminder_Visit_1/existing_dangervalue",
        "shouldLoadValue": true
      },
      {
        "name": "mauza",
        "bind": "/model/instance/ANC_Reminder_Visit_1/existing_location",
        "shouldLoadValue": true
      },
      {
        "name": "FWVG",
        "bind": "/model/instance/ANC_Reminder_Visit_1/existing_FWVG",
        "shouldLoadValue": true
      },
      {
        "name": "existing_FWHR_PSR",
        "bind": "/model/instance/ANC_Reminder_Visit_1/existing_FWHR_PSR",
        "shouldLoadValue": true
      },
      {
        "name": "FWHRP",
        "bind": "/model/instance/ANC_Reminder_Visit_1/existing_FWHRP",
        "shouldLoadValue": true
      },
      {
        "name": "existing_ELCO",
        "bind": "/model/instance/ANC_Reminder_Visit_1/existing_ELCO"
      },
      {
        "name": "today",
        "bind": "/model/instance/ANC_Reminder_Visit_1/today"
      },
      {
        "name": "start",
        "bind": "/model/instance/ANC_Reminder_Visit_1/start"
      },
      {
        "name": "end",
        "bind": "/model/instance/ANC_Reminder_Visit_1/end"
      },
      {
        "name": "FWANC1DATE",
        "bind": "/model/instance/ANC_Reminder_Visit_1/FWANC1DATE"
      },
      {
        "name": "FWCONFIRMATION",
        "bind": "/model/instance/ANC_Reminder_Visit_1/FWCONFIRMATION"
      },
      {
        "name": "FWGESTATIONALAGE",
        "bind": "/model/instance/ANC_Reminder_Visit_1/FWGESTATIONALAGE"
      },
      {
        "name": "FWEDD",
        "bind": "/model/instance/ANC_Reminder_Visit_1/FWEDD"
      },
      {
        "name": "FWANC1REMSTS",
        "bind": "/model/instance/ANC_Reminder_Visit_1/FWANC1REMSTS"
      },
      {
        "name": "FWANC1INT",
        "bind": "/model/instance/ANC_Reminder_Visit_1/FWANC1INT"
      },
      {
        "name": "DISPLAYTEXT2",
        "bind": "/model/instance/ANC_Reminder_Visit_1/DISPLAYTEXT2"
      },
      {
        "name": "FWANC1KNWPRVDR",
        "bind": "/model/instance/ANC_Reminder_Visit_1/FWANC1KNWPRVDR"
      },
      {
        "name": "DISPLAYTEXT3",
        "bind": "/model/instance/ANC_Reminder_Visit_1/DISPLAYTEXT3"
      },
      {
        "name": "yn_dk_label",
        "bind": "/model/instance/ANC_Reminder_Visit_1/risk_group/yn_dk_label"
      },
      {
        "name": "FWANC1ANM",
        "bind": "/model/instance/ANC_Reminder_Visit_1/risk_group/FWANC1ANM"
      },
      {
        "name": "FWANC1HBP",
        "bind": "/model/instance/ANC_Reminder_Visit_1/risk_group/FWANC1HBP"
      },
      {
        "name": "FWANC1DBT",
        "bind": "/model/instance/ANC_Reminder_Visit_1/risk_group/FWANC1DBT"
      },
      {
        "name": "FWANC1THY",
        "bind": "/model/instance/ANC_Reminder_Visit_1/risk_group/FWANC1THY"
      },
      {
        "name": "DISPLAYTEXT4",
        "bind": "/model/instance/ANC_Reminder_Visit_1/DISPLAYTEXT4"
      },
      {
        "name": "FWANC1PROB",
        "bind": "/model/instance/ANC_Reminder_Visit_1/FWANC1PROB"
      },
      {
        "name": "FWDISPLAYTEXT5",
        "bind": "/model/instance/ANC_Reminder_Visit_1/FWDISPLAYTEXT5"
      },
      {
        "name": "FWANC1HEAD",
        "bind": "/model/instance/ANC_Reminder_Visit_1/danger_signs/FWANC1HEAD"
      },
      {
        "name": "FWDISPLAYTEXT6",
        "bind": "/model/instance/ANC_Reminder_Visit_1/danger_signs/FWDISPLAYTEXT6"
      },
      {
        "name": "FWANC1BLRVIS",
        "bind": "/model/instance/ANC_Reminder_Visit_1/danger_signs/FWANC1BLRVIS"
      },
      {
        "name": "FWDISPLAYTEXT7",
        "bind": "/model/instance/ANC_Reminder_Visit_1/danger_signs/FWDISPLAYTEXT7"
      },
      {
        "name": "FWANC1SWLNG",
        "bind": "/model/instance/ANC_Reminder_Visit_1/danger_signs/FWANC1SWLNG"
      },
      {
        "name": "FWDISPLAYTEXT8",
        "bind": "/model/instance/ANC_Reminder_Visit_1/danger_signs/FWDISPLAYTEXT8"
      },
      {
        "name": "FWANC1CONVL",
        "bind": "/model/instance/ANC_Reminder_Visit_1/danger_signs/FWANC1CONVL"
      },
      {
        "name": "FWDISPLAYTEXT9",
        "bind": "/model/instance/ANC_Reminder_Visit_1/danger_signs/FWDISPLAYTEXT9"
      },
      {
        "name": "FWANC1BLD",
        "bind": "/model/instance/ANC_Reminder_Visit_1/danger_signs/FWANC1BLD"
      },
      {
        "name": "FWDISPLAYTEXT10",
        "bind": "/model/instance/ANC_Reminder_Visit_1/danger_signs/FWDISPLAYTEXT10"
      },
      {
        "name": "FWDISPLAYTEXT11",
        "bind": "/model/instance/ANC_Reminder_Visit_1/danger_signs/FWDISPLAYTEXT11"
      },
      {
        "name": "FWBPC1LOCOFDEL",
        "bind": "/model/instance/ANC_Reminder_Visit_1/FWBPC1LOCOFDEL"
      },
      {
        "name": "FWBPC1DISPLAYTEXT1",
        "bind": "/model/instance/ANC_Reminder_Visit_1/FWBPC1DISPLAYTEXT1"
      },
      {
        "name": "FWBPC1DISPLAYTEXT2",
        "bind": "/model/instance/ANC_Reminder_Visit_1/FWBPC1DISPLAYTEXT2"
      },
      {
        "name": "FWBPC1DISPLAYTEXT3",
        "bind": "/model/instance/ANC_Reminder_Visit_1/FWBPC1DISPLAYTEXT3"
      },
      {
        "name": "FWBPC1ASSTLAB",
        "bind": "/model/instance/ANC_Reminder_Visit_1/FWBPC1ASSTLAB"
      },
      {
        "name": "FWBPC1DISPLAYTEXT4",
        "bind": "/model/instance/ANC_Reminder_Visit_1/FWBPC1DISPLAYTEXT4"
      },
      {
        "name": "FWBPC1DISPLAYTEXT5",
        "bind": "/model/instance/ANC_Reminder_Visit_1/FWBPC1DISPLAYTEXT5"
      },
      {
        "name": "FWBPC1TRNSPRT",
        "bind": "/model/instance/ANC_Reminder_Visit_1/FWBPC1TRNSPRT"
      },
      {
        "name": "FWBPC1DISPLAYTEXT6",
        "bind": "/model/instance/ANC_Reminder_Visit_1/FWBPC1DISPLAYTEXT6"
      },
      {
        "name": "FWBPC1DISPLAYTEXT7",
        "bind": "/model/instance/ANC_Reminder_Visit_1/FWBPC1DISPLAYTEXT7"
      },
      {
        "name": "FWBPC1BLDGRP",
        "bind": "/model/instance/ANC_Reminder_Visit_1/FWBPC1BLDGRP"
      },
      {
        "name": "FWBPC1DISPLAYTEXT8",
        "bind": "/model/instance/ANC_Reminder_Visit_1/FWBPC1DISPLAYTEXT8"
      },
      {
        "name": "FWBPC1DISPLAYTEXT9",
        "bind": "/model/instance/ANC_Reminder_Visit_1/FWBPC1DISPLAYTEXT9"
      },
      {
        "name": "FWBPC1BLDDNR",
        "bind": "/model/instance/ANC_Reminder_Visit_1/FWBPC1BLDDNR"
      },
      {
        "name": "FWBPC1DISPLAYTEXT10",
        "bind": "/model/instance/ANC_Reminder_Visit_1/FWBPC1DISPLAYTEXT10"
      },
      {
        "name": "FWBPC1DISPLAYTEXT11",
        "bind": "/model/instance/ANC_Reminder_Visit_1/FWBPC1DISPLAYTEXT11"
      },
      {
        "name": "FWBPC1FINARGMT",
        "bind": "/model/instance/ANC_Reminder_Visit_1/FWBPC1FINARGMT"
      },
      {
        "name": "FWBPC1DISPLAYTEXT12",
        "bind": "/model/instance/ANC_Reminder_Visit_1/FWBPC1DISPLAYTEXT12"
      },
      {
        "name": "FWBPC1DISPLAYTEXT13",
        "bind": "/model/instance/ANC_Reminder_Visit_1/FWBPC1DISPLAYTEXT13"
      },
      {
        "name": "FWANC1DS1",
        "bind": "/model/instance/ANC_Reminder_Visit_1/FWANC1DS1"
      },
      {
        "name": "FWANC1DS2",
        "bind": "/model/instance/ANC_Reminder_Visit_1/FWANC1DS2"
      },
      {
        "name": "FWANC1DS3",
        "bind": "/model/instance/ANC_Reminder_Visit_1/FWANC1DS3"
      },
      {
        "name": "FWANC1DS4",
        "bind": "/model/instance/ANC_Reminder_Visit_1/FWANC1DS4"
      },
      {
        "name": "FWANC1DS5",
        "bind": "/model/instance/ANC_Reminder_Visit_1/FWANC1DS5"
      },
      {
        "name": "FWANC1DS6",
        "bind": "/model/instance/ANC_Reminder_Visit_1/FWANC1DS6"
      },
      {
        "name": "FWDANGERVALUE",
        "bind": "/model/instance/ANC_Reminder_Visit_1/FWDANGERVALUE"
      },
      {
        "name": "FWNOTELIGIBLE",
        "bind": "/model/instance/ANC_Reminder_Visit_1/FWNOTELIGIBLE"
      },
      {
        "name": "ELCO",
        "bind": "/model/instance/ANC_Reminder_Visit_1/ELCO"
      },
      {
        "name": "FWHR_ANC1",
        "bind": "/model/instance/ANC_Reminder_Visit_1/FWHR_ANC1"
      },
      {
        "name": "FWFLAGVALUE",
        "bind": "/model/instance/ANC_Reminder_Visit_1/FWFLAGVALUE"
      },
      {
        "name": "FWSORTVALUE",
        "bind": "/model/instance/ANC_Reminder_Visit_1/FWSORTVALUE"
      },
      {
        "name": "user_type",
        "bind": "/model/instance/ANC_Reminder_Visit_1/user_type"
      },
      {
        "name": "external_user_ID",
        "bind": "/model/instance/ANC_Reminder_Visit_1/external_user_ID"
      },
      {
        "name": "relationalid",
        "bind": "/model/instance/ANC_Reminder_Visit_1/relationalid"
      }
    ]
  }
}
