{
  "form_data_definition_version": "1",
  "form": {
    "bind_type": "kartu_ibu",
    "default_bind_path": "/model/instance/tambah_kb/",
    "fields": [
      {
        "name": "id",
        "shouldLoadValue": true
      },
      {
        "name": "tanggalkunjungan",
        "bind": "/model/instance/tambah_kb/tanggal_kunjungan",
        "shouldLoadValue": true
      },
      {
        "name": "paritas",
        "bind": "/model/instance/tambah_kb/paritas",
        "shouldLoadValue": true
      },
      {
        "name": "alki",
        "bind": "/model/instance/tambah_kb/alki",
        "shouldLoadValue": true
      },
      {
        "name": "alkihb",
        "bind": "/model/instance/tambah_kb/alki_hb",
        "shouldLoadValue": true
      },
      {
        "name": "alkilila",
        "bind": "/model/instance/tambah_kb/alki_lila",
        "shouldLoadValue": true
      },
      {
        "name": "alkiPenyakitKronis",
        "bind": "/model/instance/tambah_kb/alki_penyakit_kronis",
        "shouldLoadValue": true
      },
      {
        "name": "alkiPenyakitIms",
        "bind": "/model/instance/tambah_kb/alki_penyakit_ims",
        "shouldLoadValue": true
      },
      {
        "name": "keteranganTentangPesertaKB",
        "bind": "/model/instance/tambah_kb/keterangan_tentang_peserta_kb",
        "shouldLoadValue": true
      },
      {
        "name": "jenisKontrasepsi",
        "bind": "/model/instance/tambah_kb/jenis_kontrasepsi_yang_digunakan",
        "shouldLoadValue": true
      },
      {
        "name": "submissionDate",
        "bind": "/model/instance/tambah_kb/today"
      },
      {
        "name": "registrationDate",
        "bind": "/model/instance/tambah_kb/reg_date"
      }
    ]
  }
}