<model>
    <instance>
        <balita_kunjungan id="balita_kunjungan" version="201506200244">
          <formhub>
            <uuid/>
          </formhub>
          <start/>
          <today/>
          <deviceid/>
          <simserial/>
          <phonenumber/>
          <tanggal_pemeriksaan_anak_balita/>
          <hasil_penimbangan_anak_balita/>
          <hasil_pengukuran_tinggi_anak_balita/>
          <indikator_berat_badan_bayi/>
          <hasil_dilakukannya_kpsp/>
          <kpsp_penyimpangan/>
          <pelayanan_vita/>
          <keterangan/>
		  <reg_date>
          <end/>
          <meta>
            <instanceID/>
          </meta>
        </balita_kunjungan>
      </instance>
  </model>