{
    "form_data_definition_version": "1",
    "form": {
        "bind_type": "anak",
        "default_bind_path": "/model/instance/Bayi_Neonatal_Period/",
        "fields": [
            {
                "name": "id",
                "shouldLoadValue": true
            },
            {
                "name": "kunjunganNeonatal",
                "bind": "/model/instance/Bayi_Neonatal_Period/neonatal" 
		
            },
            {
                "name": "saatLahirsd5JamKondisibayi",
                "bind": "/model/instance/Bayi_Neonatal_Period/saat_lahir_sd_5_jam_kondisi_bayi" 
		
            },
            {
                "name": "jenisPelayananYangDiberikanSaatLahir",
                "bind": "/model/instance/Bayi_Neonatal_Period/jenis_pelayanan_yang_diberikan_saat_lahir" 
		
            },
            {
                "name": "saatLahirsd5JamPemberianImunisasihbJikaDilakukan",
                "bind": "/model/instance/Bayi_Neonatal_Period/saat_lahir_sd_5_jam_pemberian_imunisasi_hb_jika_dilakukan" 
		
            },
            {
                "name": "komplikasi",
                "bind": "/model/instance/Bayi_Neonatal_Period/komplikasi"
		
            },
        
            {
                "name": "saatlahirsd5JamMeninggal",
                "bind": "/model/instance/Bayi_Neonatal_Period/saat_lahir_sd_5_jam_meninggal"
            },
            {
                "name": "kunjunganNeonatalpertama6sd48jamTanggaldanBulanKunjungan",
                "bind": "/model/instance/Bayi_Neonatal_Period/kunjungan_neonatal_pertama_6_sd_48_jam_tanggal_dan_bulan_kunjungan"
            },
             {
                "name": "kunjunganNeonatalpertama6sd48jamPemberianimunisasiHB0",
                "bind": "/model/instance/Bayi_Neonatal_Period/kunjungan_neonatal_pertama_6_sd_48_jam__pemberian_imunisasi_hb0"
            },
              {
                "name": "keadaanNeonatal6sd48Jam",
                "bind": "/model/instance/Bayi_Neonatal_Period/keadaan_neonatal_6_sd_48_jam"
            },
              {
                "name": "alasanSakitKunjunganPertama",
                "bind": "/model/instance/Bayi_Neonatal_Period/alasan_sakit_kunjungan_pertama"
            },
              {
                "name": "alasanMeninggalKunjunganPertama",
                "bind": "/model/instance/Bayi_Neonatal_Period/alasan_meninggal_kunjungan_pertama"
            },
             {
                "name": "kunjunganNeonatalKeduaharike3sd7TanggalKunjungan",
                "bind": "/model/instance/Bayi_Neonatal_Period/kunjungan_neonatal_kedua_hari_ke_3_sd_7__tanggal_kunjungan"
            },
             {
                "name": "kunjunganNeonatalKeduaHarike3sd7BayiDiberikanImunisasi",
                "bind": "/model/instance/Bayi_Neonatal_Period/kunjungan_neonatal_kedua_hari_ke_3_sd_7__bayi_diberikan_imunisasi"
            },
             {
                "name": "keadaanNeonatal3sd7Hari",
                "bind": "/model/instance/Bayi_Neonatal_Period/keadaan_neonatal_3_sd_7_hari"
            },
             {
                "name": "alasanSakitKunjunganKedua",
                "bind": "/model/instance/Bayi_Neonatal_Period/alasan_sakit_kunjungan_kedua"
            },
             {
                "name": "alasanMeninggalKunjunganKedua",
                "bind": "/model/instance/Bayi_Neonatal_Period/alasan_meninggal_kunjungan_kedua"
            },
             {
                "name": "kunjunganNeonatalKetigaharike8sd28TanggalKunjungan",
                "bind": "/model/instance/Bayi_Neonatal_Period/kunjungan_neonatal_ketiga_hari_ke_8_sd_28__tanggal_kunjungan"
            },
             {
                "name": "KunjunganNeonatalKetigaharike8sd28bayidiberikanimunisasi",
                "bind": "/model/instance/Bayi_Neonatal_Period/kunjungan_neonatal_ketiga_hari_ke_8_sd_28__bayi_diberikan_imunisasi"
            },
             {
                "name": "keadaanNeonatal8sd28Hari",
                "bind": "/model/instance/Bayi_Neonatal_Period/keadaan_neonatal_8_sd_28_hari"
            },
             {
                "name": "alasanSakitKunjunganKetiga",
                "bind": "/model/instance/Bayi_Neonatal_Period/alasan_sakit_kunjungan_ketiga"
            },
             {
                "name": "alasanMeninggalKunjunganKetiga",
                "bind": "/model/instance/Bayi_Neonatal_Period/alasan_meninggal_kunjungan_ketiga"
            },
            {
                "name": "submissionDate",
                "bind": "/model/instance/Bayi_Neonatal_Period/today"
            },
            {
                "name": "registrationDate",
                "bind": "/model/instance/Bayi_Neonatal_Period/reg_date"
            }
		]
    }
}
