<model>
    <instance>
        <Bayi_Neonatal_Period id="Bayi_Neonatal_Period" version="201506200256">
          <formhub>
            <uuid/>
          </formhub>
          <start/>
          <today/>
          <reg_date/>
          <deviceid/>
          <simserial/>
          <phonenumber/>
          <neonatal/>
          <saat_lahir_sd_5_jam_kondisi_bayi/>
          <jenis_pelayanan_yang_diberikan_saat_lahir/>
          <saat_lahir_sd_5_jam_pemberian_imunisasi_hb_jika_dilakukan/>
          <komplikasi/>
          <saat_lahir_sd_5_jam_meninggal/>
          <kunjungan_neonatal_pertama_6_sd_48_jam_tanggal_dan_bulan_kunjungan/>
          <kunjungan_neonatal_pertama_6_sd_48_jam__pemberian_imunisasi_hb/>
          <keadaan_neonatal_6_sd_48_jam/>
          <alasan_sakit_kunjungan_pertama/>
          <alasan_meninggal_kunjungan_pertama/>
          <kunjungan_neonatal_kedua_hari_ke_3_sd_7__tanggal_kunjungan/>
          <kunjungan_neonatal_kedua_hari_ke_3_sd_7__bayi_diberikan_imunisasi/>
          <keadaan_neonatal_3_sd_7_hari/>
          <alasan_sakit_kunjungan_kedua/>
          <alasan_meninggal_kunjungan_kedua/>
          <kunjungan_neonatal_ketiga_hari_ke_8_sd_28__tanggal_kunjungan/>
          <kunjungan_neonatal_ketiga_hari_ke_8_sd_28__bayi_diberikan_imunisasi/>
          <keadaan_neonatal_8_sd_28_hari/>
          <alasan_sakit_kunjungan_ketiga/>
          <alasan_meninggal_kunjungan_ketiga/>
          <confirm_of_death/>
          <end/>
          <meta>
            <instanceID/>
          </meta>
        </Bayi_Neonatal_Period>
      </instance>
  </model>
