<?xml version="1.0" encoding="UTF-8"?>
<form autocomplete="off" novalidate="novalidate" class="or clearfix" id="kartu_ibu">
   <!--This form was created by transforming a OpenRosa-flavored (X)Form using an XSLT sheet created by Enketo LLC.-->
   <section class="form-logo" />
   <h3 id="form-title">Identitas Ibu</h3>
   <select id="form-languages" style="display:none;" data-default-lang="Bahasa">
      <option value="Bahasa">Bahasa</option>
   </select>
   <label class="note non-select">
      <span lang="" class="question-label active">
         Unique ID:
         <span class="or-output" data-value="/kartu_ibu/unique_id" />
      </span>
      <input type="text" name="/kartu_ibu/generated_note_name_99" data-type-xml="string" readonly="readonly" />
   </label>
   <label class="note non-select">
      <span lang="" class="question-label active">
         Lokasi:
         <span class="or-output" data-value="/kartu_ibu/dusun" />,
         <span class="or-output" data-value="/kartu_ibu/desa" />,
         <span class="or-output" data-value="/kartu_ibu/kecamatan" />
      </span>
   </label>
   <label class="question non-select ">
      <span lang="Bahasa" class="question-label active" data-itext-id="/kartu_ibu/puskesmas:label">Puskesmas</span>
      <span class="required">*</span>
      <span lang="" class="or-hint active">Nama puskesmas tempat ibu melakukan pemeriksaan</span>
      <input type="text" name="/kartu_ibu/puskesmas" required="required" data-type-xml="string" />
   </label>
   <label class="question non-select ">
      <span lang="Bahasa" class="question-label active" data-itext-id="/kartu_ibu/no_ibu:label">No. Ibu</span>
      <input type="number" name="/kartu_ibu/no_ibu" data-type-xml="int" />
   </label>
   <label class="question non-select ">
      <span lang="Bahasa" class="question-label active" data-itext-id="/kartu_ibu/nama_lengkap:label">Nama lengkap</span>
      <span class="required">*</span>
      <span lang="" class="or-hint active">Nama lengkap ibu</span>
      <input type="text" name="/kartu_ibu/nama_lengkap" required="required" data-type-xml="string" />
   </label>
   <label class="question non-select ">
      <span lang="Bahasa" class="question-label active" data-itext-id="/kartu_ibu/nama_suami:label">Nama suami</span>
      <span class="required">*</span>
      <span lang="" class="or-hint active">Nama lengkap suami</span>
      <input type="text" name="/kartu_ibu/nama_suami" required="required" data-type-xml="string" />
   </label>
   <label class="question non-select ">
      <span lang="Bahasa" class="question-label active" data-itext-id="/kartu_ibu/tanggal_lahir_ibu:label">Tanggal lahir</span>
      <span class="required">*</span>
      <span lang="" class="or-hint active">Tanggal lahir ibu</span>
      <input type="date" name="/kartu_ibu/tanggal_lahir_ibu" required="required" data-type-xml="date" />
   </label>
   <label class="note non-select ">
      <span lang="Bahasa" class="question-label active" data-itext-id="/kartu_ibu/generated_note_name_13:label">
         Umur:
         <span class="or-output" data-value=" /kartu_ibu/umur " />
      </span>
      <input type="text" name="/kartu_ibu/generated_note_name_13" data-type-xml="string" readonly="readonly" />
   </label>
   <label class="question non-select ">
      <span lang="Bahasa" class="question-label active" data-itext-id="/kartu_ibu/alamat_domisili:label">Alamat domisili</span>
      <span lang="" class="or-hint active">Alamat Tempat tinggal (rumah) ibu</span>
      <input type="text" name="/kartu_ibu/alamat_domisili" data-type-xml="string" />
   </label>
   <label class="question or-appearance-minimal ">
      <span lang="Bahasa" class="question-label active" data-itext-id="/kartu_ibu/pendidikan:label">Pendidikan</span>
      <span lang="" class="or-hint active">Pendidikan Terakhir Ibu</span>
      <select name="/kartu_ibu/pendidikan" data-name="/kartu_ibu/pendidikan" data-type-xml="select1">
         <option value="">...</option>
         <option value="Tidak_sekolah">Tidak sekolah</option>
         <option value="sekolah_dasar">Sekolah Dasar (SD)</option>
         <option value="sekolah_menengah_pertama">Sekolah Menengah Pertama (SMP)</option>
         <option value="sekolah_menengah_atas">Sekolah Menengah Atas (SMA)</option>
         <option value="perguruan_tinggi">Perguruan Tinggi</option>
      </select>
      <span class="or-option-translations" style="display:none;" />
   </label>
   <label class="question or-appearance-minimal ">
      <span lang="Bahasa" class="question-label active" data-itext-id="/kartu_ibu/agama:label">Agama</span>
      <span lang="" class="or-hint active">Agama Ibu</span>
      <select name="/kartu_ibu/agama" data-name="/kartu_ibu/agama" data-type-xml="select1">
         <option value="">...</option>
         <option value="islam">Islam</option>
         <option value="hindu">Hindu</option>
         <option value="kristen">Kristen</option>
         <option value="katolik">Katolik</option>
         <option value="budha">Budha</option>
         <option value="lainnya">Lainnya</option>
      </select>
      <span class="or-option-translations" style="display:none;" />
   </label>
   <label class="question non-select ">
      <span lang="Bahasa" class="question-label active" data-itext-id="/kartu_ibu/pekerjaan:label">Pekerjaan</span>
      <span lang="" class="or-hint active">Pekerjaan Ibu</span>
      <input type="text" name="/kartu_ibu/pekerjaan" data-type-xml="string" />
   </label>
   <fieldset class="question ">
      <fieldset>
         <legend>
            <span lang="Bahasa" class="question-label active" data-itext-id="/kartu_ibu/gakin_tidak:label">Gakin/ Tidak</span>
            <span lang="" class="or-hint active">Apakah ibu termasuk keluarga miskin atau tidak</span>
         </legend>
         <div class="option-wrapper">
            <label class="">
               <input type="radio" name="/kartu_ibu/gakin_tidak" data-name="/kartu_ibu/gakin_tidak" value="ya" data-type-xml="select1" />
               <span lang="Bahasa" class="option-label active" data-itext-id="/kartu_ibu/gakin_tidak/ya:label">Ya (Y)</span>
            </label>
            <label class="">
               <input type="radio" name="/kartu_ibu/gakin_tidak" data-name="/kartu_ibu/gakin_tidak" value="tidak" data-type-xml="select1" />
               <span lang="Bahasa" class="option-label active" data-itext-id="/kartu_ibu/gakin_tidak/tidak:label">Tidak (T)</span>
            </label>
         </div>
      </fieldset>
   </fieldset>
   <label class="question non-select ">
      <span lang="Bahasa" class="question-label active" data-itext-id="/kartu_ibu/posyandu:label">Posyandu</span>
      <span class="required">*</span>
      <span lang="" class="or-hint active">Nama Posyandu Tempat Ibu Menerima Pelayanan Kesehatan</span>
      <input type="text" name="/kartu_ibu/posyandu" required="required" data-type-xml="string" />
   </label>
   <label class="question non-select ">
      <span lang="Bahasa" class="question-label active" data-itext-id="/kartu_ibu/nama_kader:label">Nama Kader</span>
      <span lang="" class="or-hint active">Nama Kader Posyandu yang memberi Ibu Pelayanan Kesehatan</span>
      <input type="text" name="/kartu_ibu/nama_kader" data-type-xml="string" />
   </label>
   <label class="question non-select ">
      <span lang="Bahasa" class="question-label active" data-itext-id="/kartu_ibu/nama_dukun:label">Nama Dukun</span>
      <span lang="" class="or-hint active">Nama Dukun yang Menemani Ibu pada saat Menerima Pelayanan Kesehatan</span>
      <input type="text" name="/kartu_ibu/nama_dukun" data-type-xml="string" />
   </label>
   <label class="question or-appearance-minimal ">
      <span lang="Bahasa" class="question-label active" data-itext-id="/kartu_ibu/asuransi_jiwa:label">Asuransi Jiwa</span>
      <span lang="" class="or-hint active">Jenis Asuransi yang Dimiliki Ibu</span>
      <select name="/kartu_ibu/asuransi_jiwa" data-name="/kartu_ibu/asuransi_jiwa" data-type-xml="select1">
         <option value="">...</option>
         <option value="jaminan_kesehatan_masyarakat">Jaminan Kesehatan Masyarakat (Jamkesmas)</option>
         <option value="Jamsostek">Jaminan Sosial dan Ketenagakerjaan (Jamsostek)</option>
         <option value="jaminan_kesehatan_daerah">Jaminan Kesehatan Daerah (Jamkesda)</option>
         <option value="asuransi_kesehatan">Asuransi Kesehatan (Askes)</option>
         <option value="jaminan_persalinan">Jaminan Persalinan (Jampersal)</option>
         <option value="tidak_ada_asuransi">Tidak memiliki asuransi/pembiayaan</option>
      </select>
      <span class="or-option-translations" style="display:none;" />
   </label>
   <label class="question or-appearance-minimal ">
      <span lang="Bahasa" class="question-label active" data-itext-id="/kartu_ibu/golongan_darah:label">Golongan Darah</span>
      <span class="required">*</span>
      <span lang="" class="or-hint active">Menunjukan Golongan Darah Ibu</span>
      <select name="/kartu_ibu/golongan_darah" data-name="/kartu_ibu/golongan_darah" required="required" data-type-xml="select1">
         <option value="">...</option>
         <option value="a">A (A)</option>
         <option value="b">B (B)</option>
         <option value="ab">AB (AB)</option>
         <option value="o">O (O)</option>
         <option value="NA">Belum diketahui</option>
      </select>
      <span class="or-option-translations" style="display:none;" />
   </label>
   <fieldset class="question ">
      <fieldset>
         <legend>
            <span lang="Bahasa" class="question-label active" data-itext-id="/kartu_ibu/nomortelpon:label">Apakah ibu memiliki nomor telpon?</span>
            <span class="required">*</span>
            <span lang="" class="or-hint active">Menunjukkan nomor telpon Ibu yang dapat dihubungi</span>
         </legend>
         <div class="option-wrapper">
            <label class="">
               <input type="radio" name="/kartu_ibu/nomortelpon" data-name="/kartu_ibu/nomortelpon" value="Ya" required="required" data-type-xml="select1" />
               <span lang="Bahasa" class="option-label active" data-itext-id="/kartu_ibu/nomortelpon/Ya:label">Ya</span>
            </label>
            <label class="">
               <input type="radio" name="/kartu_ibu/nomortelpon" data-name="/kartu_ibu/nomortelpon" value="Tidak" required="required" data-type-xml="select1" />
               <span lang="Bahasa" class="option-label active" data-itext-id="/kartu_ibu/nomortelpon/Tidak:label">Tidak</span>
            </label>
         </div>
      </fieldset>
   </fieldset>
   <label class="question or-branch pre-init non-select ">
      <span lang="" class="or-constraint-msg active">Nomer telpon tidak boleh lebih dari 12 digit</span>
      <span lang="Bahasa" class="question-label active" data-itext-id="/kartu_ibu/nomor_telpon_hp:label">Nomor Telpon/Hp</span>
      <span class="required">*</span>
      <span lang="" class="or-hint active">Nomor Telpon/Hp yang dimiliki Oleh Ibu</span>
      <input type="text" name="/kartu_ibu/nomor_telpon_hp" required="required" data-constraint=".&gt;0 and .&lt;100000000000" data-relevant=" /kartu_ibu/nomortelpon  = 'Ya'" data-type-xml="string" />
   </label>
   <fieldset class="question ">
      <fieldset>
         <legend>
            <span lang="Bahasa" class="question-label active" data-itext-id="/kartu_ibu/pptest:label">Hasil pptest</span>
         </legend>
         <div class="option-wrapper">
            <label class="">
               <input type="radio" name="/kartu_ibu/pptest" data-name="/kartu_ibu/pptest" value="positive" data-type-xml="select1" />
               <span lang="Bahasa" class="option-label active" data-itext-id="/kartu_ibu/pptest/positive:label">positive</span>
            </label>
            <label class="">
               <input type="radio" name="/kartu_ibu/pptest" data-name="/kartu_ibu/pptest" value="negative" data-type-xml="select1" />
               <span lang="Bahasa" class="option-label active" data-itext-id="/kartu_ibu/pptest/negative:label">negative</span>
            </label>
         </div>
      </fieldset>
   </fieldset>
   <fieldset class="question or-branch pre-init ">
      <fieldset>
         <legend>
            <span lang="Bahasa" class="question-label active" data-itext-id="/kartu_ibu/high_risk_note:label">
               Ibu masuk kategori RT (Resiko TInggi), karena ibu :
               <span class="or-output" data-value=" /kartu_ibu/high_risk_reason " />
            </span>
            <span class="required">*</span>
         </legend>
         <div class="option-wrapper">
            <label>
               <input value="OK" type="radio" name="/kartu_ibu/high_risk_note" required="required" data-relevant=" /kartu_ibu/is_high_risk  = 'yes'" data-type-xml="string" />
               <span class="option-label active" lang="">OK</span>
            </label>
         </div>
      </fieldset>
   </fieldset>
   <fieldset id="or-preload-items" style="display:none;">
      <label class="calculation non-select ">
         <input type="hidden" name="/kartu_ibu/start" data-preload="timestamp" data-preload-params="start" data-type-xml="dateTime" />
      </label>
      <label class="calculation non-select ">
         <input type="hidden" name="/kartu_ibu/today" data-preload="date" data-preload-params="today" data-type-xml="date" />
      </label>
      <label class="calculation non-select ">
         <input type="hidden" name="/kartu_ibu/deviceid" data-preload="property" data-preload-params="deviceid" data-type-xml="string" />
      </label>
      <label class="calculation non-select ">
         <input type="hidden" name="/kartu_ibu/simserial" data-preload="property" data-preload-params="simserial" data-type-xml="string" />
      </label>
      <label class="calculation non-select ">
         <input type="hidden" name="/kartu_ibu/phonenumber" data-preload="property" data-preload-params="phonenumber" data-type-xml="string" />
      </label>
      <label class="calculation non-select ">
         <input type="hidden" name="/kartu_ibu/end" data-preload="timestamp" data-preload-params="end" data-type-xml="dateTime" />
      </label>
   </fieldset>
   <fieldset id="or-calculated-items" style="display:none;">
      <label class="calculation non-select">
         <input autocomplete="off" type="hidden" name="/kartu_ibu/dusun" data-calculate=" /kartu_ibu/Sub-village " data-type-xml="string" />
      </label>
	<label class="calculation non-select ">
         <input autocomplete="off" type="hidden" name="/kartu_ibu/reg_date" data-calculate=" /kartu_ibu/today " data-type-xml="date" />
      </label>
      <label class="calculation non-select ">
         <input type="hidden" name="/kartu_ibu/umur" data-calculate="int(( /kartu_ibu/today  -  /kartu_ibu/tanggal_lahir_ibu ) div 365)" data-type-xml="string" />
      </label>
      <label class="calculation non-select ">
         <input type="hidden" name="/kartu_ibu/desa" data-calculate=" /kartu_ibu/Village " data-type-xml="string" />
      </label>
      <label class="calculation non-select ">
         <input type="hidden" name="/kartu_ibu/kecamatan" data-calculate=" /kartu_ibu/Sub-district " data-type-xml="string" />
      </label>
      <label class="calculation non-select ">
         <input type="hidden" name="/kartu_ibu/kabupaten" data-calculate=" /kartu_ibu/District " data-type-xml="string" />
      </label>
      <label class="calculation non-select ">
         <input type="hidden" name="/kartu_ibu/propinsi" data-calculate=" /kartu_ibu/Province " data-type-xml="string" />
      </label>
      <label class="calculation non-select ">
         <input type="hidden" name="/kartu_ibu/Too_young_risk" data-calculate="if( /kartu_ibu/umur  &lt;20, 'Ibu Terlalu muda','')" data-type-xml="string" />
      </label>
      <label class="calculation non-select ">
         <input type="hidden" name="/kartu_ibu/Too_old_mother" data-calculate="if( /kartu_ibu/umur  &gt;35, 'Ibu Terlalu tua','')" data-type-xml="string" />
      </label>
      <label class="calculation non-select ">
         <input type="hidden" name="/kartu_ibu/is_high_risk" data-calculate="if(( /kartu_ibu/Too_young_risk  != '' or  /kartu_ibu/Too_old_mother  != ''), 'yes', 'no')" data-type-xml="string" />
      </label>
      <label class="calculation non-select ">
         <input type="hidden" name="/kartu_ibu/high_risk_reason" data-calculate="concat( /kartu_ibu/Too_young_risk , ', ',  /kartu_ibu/Too_old_mother )" data-type-xml="string" />
      </label>
      <label class="calculation non-select ">
         <input type="hidden" name="/kartu_ibu/meta/instanceID" data-calculate="concat('uuid:', uuid())" data-type-xml="string" />
      </label>
      <label class="calculation non-select ">
         <input type="hidden" name="/kartu_ibu/formhub/uuid" data-calculate="'0266563288ba437ca44a007f665bbb79'" data-type-xml="string" />
      </label>
   </fieldset>
</form>
