<model>
    <instance>
        <kartu_ibu id="Kartu_ibu" version="201508070234">
          <formhub>
            <uuid/>
          </formhub>
          <unique_id/>
          <Village/>
          <Province/>
          <Sub-district/>
          <District/>
          <Sub-village/>
          <dusun/>
          <desa/>
          <kecamatan/>
          <kabupaten/>
          <propinsi/>
          <start/>
	      <reg_date/>
          <today/>
          <deviceid/>
          <simserial/>
          <phonenumber/>
          <puskesmas/>
          <no_ibu/>
          <nama_lengkap/>
          <nama_suami/>
          <tanggal_lahir_ibu/>
          <umur/>
          <generated_note_name_13/>
          <generated_note_name_99/>
          <generated_note_name_999/>
          <alamat_domisili/>
          <pendidikan/>
          <agama/>
          <pekerjaan>Ibu rumah tangga</pekerjaan>
          <gakin_tidak/>
          <posyandu/>
          <nama_kader/>
          <nama_dukun/>
          <asuransi_jiwa/>
          <golongan_darah/>
          <nomortelpon/>
          <nomor_telpon_hp/>
          <pptest/>
          <Too_young_risk/>
          <Too_old_mother/>
          <is_high_risk/>
          <high_risk_reason/>
          <high_risk_note/>
          <end/>
          <meta>
            <instanceID/>
          </meta>
        </kartu_ibu>
      </instance>
    
    <instance id="previous_labor">
        <root>
          <item>
            <itextId>static_instance-previous_labor-0</itextId>
            <name>normal</name>
          </item>
          <item>
            <itextId>static_instance-previous_labor-1</itextId>
            <name>tidak_normal</name>
          </item>
        </root>
      </instance>
    <instance id="transportation">
        <root>
          <item>
            <itextId>static_instance-transportation-0</itextId>
            <name>sepeda_motor</name>
          </item>
          <item>
            <itextId>static_instance-transportation-1</itextId>
            <name>mobil</name>
          </item>
          <item>
            <itextId>static_instance-transportation-2</itextId>
            <name>lain-lain</name>
          </item>
        </root>
      </instance>
    <instance id="poor_family_not">
        <root>
          <item>
            <itextId>static_instance-poor_family_not-0</itextId>
            <name>ya</name>
          </item>
          <item>
            <itextId>static_instance-poor_family_not-1</itextId>
            <name>tidak</name>
          </item>
        </root>
      </instance>
    <instance id="individual_accompanying_during_labor">
        <root>
          <item>
            <itextId>static_instance-individual_accompanying_during_labor-0</itextId>
            <name>suami</name>
          </item>
          <item>
            <itextId>static_instance-individual_accompanying_during_labor-1</itextId>
            <name>keluaga</name>
          </item>
          <item>
            <itextId>static_instance-individual_accompanying_during_labor-2</itextId>
            <name>teman</name>
          </item>
          <item>
            <itextId>static_instance-individual_accompanying_during_labor-3</itextId>
            <name>tetangga</name>
          </item>
          <item>
            <itextId>static_instance-individual_accompanying_during_labor-4</itextId>
            <name>lain-lain</name>
          </item>
          <item>
            <itextId>static_instance-individual_accompanying_during_labor-5</itextId>
            <name>tidak_ada</name>
          </item>
        </root>
      </instance>
    
    <instance id="condition_of_house">
        <root>
          <item>
            <itextId>static_instance-condition_of_house-0</itextId>
            <name>permanen</name>
          </item>
          <item>
            <itextId>static_instance-condition_of_house-1</itextId>
            <name>tidak_permanen</name>
          </item>
        </root>
      </instance>
    <instance id="blood_type">
        <root>
          <item>
            <itextId>static_instance-blood_type-0</itextId>
            <name>a</name>
          </item>
          <item>
            <itextId>static_instance-blood_type-1</itextId>
            <name>b</name>
          </item>
          <item>
            <itextId>static_instance-blood_type-2</itextId>
            <name>ab</name>
          </item>
          <item>
            <itextId>static_instance-blood_type-3</itextId>
            <name>o</name>
          </item>
          <item>
            <itextId>static_instance-blood_type-4</itextId>
            <name>NA</name>
          </item>
        </root>
      </instance>
    <instance id="intended_place_for_labor">
        <root>
          <item>
            <itextId>static_instance-intended_place_for_labor-0</itextId>
            <name>rumah</name>
          </item>
          <item>
            <itextId>static_instance-intended_place_for_labor-1</itextId>
            <name>podok_bersalin_desa</name>
          </item>
          <item>
            <itextId>static_instance-intended_place_for_labor-2</itextId>
            <name>puskesmas_pembantu</name>
          </item>
          <item>
            <itextId>static_instance-intended_place_for_labor-3</itextId>
            <name>pusat_kesehatan_masyarakat</name>
          </item>
          <item>
            <itextId>static_instance-intended_place_for_labor-4</itextId>
            <name>rumah_bersalin</name>
          </item>
          <item>
            <itextId>static_instance-intended_place_for_labor-5</itextId>
            <name>rumah_sakit_ibu_dan_anak</name>
          </item>
          <item>
            <itextId>static_instance-intended_place_for_labor-6</itextId>
            <name>rumah_sakit</name>
          </item>
          <item>
            <itextId>static_instance-intended_place_for_labor-7</itextId>
            <name>RS_Odha</name>
          </item>
        </root>
      </instance>
    <instance id="religion">
        <root>
          <item>
            <itextId>static_instance-religion-0</itextId>
            <name>islam</name>
          </item>
          <item>
            <itextId>static_instance-religion-1</itextId>
            <name>hindu</name>
          </item>
          <item>
            <itextId>static_instance-religion-2</itextId>
            <name>kristen</name>
          </item>
          <item>
            <itextId>static_instance-religion-3</itextId>
            <name>katolik</name>
          </item>
          <item>
            <itextId>static_instance-religion-4</itextId>
            <name>budha</name>
          </item>
          <item>
            <itextId>static_instance-religion-5</itextId>
            <name>lainnya</name>
          </item>
        </root>
      </instance>
    <instance id="blood_donor">
        <root>
          <item>
            <itextId>static_instance-blood_donor-0</itextId>
            <name>suami</name>
          </item>
          <item>
            <itextId>static_instance-blood_donor-1</itextId>
            <name>keluaga</name>
          </item>
          <item>
            <itextId>static_instance-blood_donor-2</itextId>
            <name>teman</name>
          </item>
          <item>
            <itextId>static_instance-blood_donor-3</itextId>
            <name>lain-lain</name>
          </item>
          <item>
            <itextId>static_instance-blood_donor-4</itextId>
            <name>tidak_ada</name>
          </item>
        </root>
      </instance>
    <instance id="labor_attendant">
        <root>
          <item>
            <itextId>static_instance-labor_attendant-0</itextId>
            <name>keluarga</name>
          </item>
          <item>
            <itextId>static_instance-labor_attendant-1</itextId>
            <name>dukun</name>
          </item>
          <item>
            <itextId>static_instance-labor_attendant-2</itextId>
            <name>bidan</name>
          </item>
          <item>
            <itextId>static_instance-labor_attendant-3</itextId>
            <name>dr.umum__dr.spesialis</name>
          </item>
          <item>
            <itextId>static_instance-labor_attendant-4</itextId>
            <name>lain-lain</name>
          </item>
          <item>
            <itextId>static_instance-labor_attendant-5</itextId>
            <name>tidak_ada</name>
          </item>
        </root>
      </instance>
    <instance id="maternal_and_child_health_booklet">
        <root>
          <item>
            <itextId>static_instance-maternal_and_child_health_booklet-0</itextId>
            <name>memiliki</name>
          </item>
          <item>
            <itextId>static_instance-maternal_and_child_health_booklet-1</itextId>
            <name>tidak_memiliki</name>
          </item>
        </root>
      </instance>
    <instance id="stock_of_labor_tools">
        <root>
          <item>
            <itextId>static_instance-stock_of_labor_tools-0</itextId>
            <name>kain</name>
          </item>
          <item>
            <itextId>static_instance-stock_of_labor_tools-1</itextId>
            <name>handuk</name>
          </item>
          <item>
            <itextId>static_instance-stock_of_labor_tools-2</itextId>
            <name>pakaian_bersih_dan_kering</name>
          </item>
        </root>
      </instance>
    <instance id="kabupaten">
        <root>
          <item>
            <itextId>static_instance-kabupaten-0</itextId>
            <name>Lombok Barat</name>
          </item>
          <item>
            <itextId>static_instance-kabupaten-1</itextId>
            <name>Lombok Tengah</name>
          </item>
          <item>
            <itextId>static_instance-kabupaten-2</itextId>
            <name>Lombok Timur</name>
          </item>
        </root>
      </instance>
    <instance id="education">
        <root>
          <item>
            <itextId>static_instance-education-0</itextId>
            <name>Tidak_sekolah</name>
          </item>
          <item>
            <itextId>static_instance-education-1</itextId>
            <name>sekolah_dasar</name>
          </item>
          <item>
            <itextId>static_instance-education-2</itextId>
            <name>sekolah_menengah_pertama</name>
          </item>
          <item>
            <itextId>static_instance-education-3</itextId>
            <name>sekolah_menengah_atas</name>
          </item>
          <item>
            <itextId>static_instance-education-4</itextId>
            <name>perguruan_tinggi</name>
          </item>
        </root>
      </instance>
    <instance id="pn">
        <root>
          <item>
            <itextId>static_instance-pn-0</itextId>
            <name>positive</name>
          </item>
          <item>
            <itextId>static_instance-pn-1</itextId>
            <name>negative</name>
          </item>
        </root>
      </instance>
    <instance id="insurance">
        <root>
          <item>
            <itextId>static_instance-insurance-0</itextId>
            <name>jaminan_kesehatan_masyarakat</name>
          </item>
          <item>
            <itextId>static_instance-insurance-1</itextId>
            <name>Jamsostek</name>
          </item>
          <item>
            <itextId>static_instance-insurance-2</itextId>
            <name>jaminan_kesehatan_daerah</name>
          </item>
          <item>
            <itextId>static_instance-insurance-3</itextId>
            <name>asuransi_kesehatan</name>
          </item>
          <item>
            <itextId>static_instance-insurance-4</itextId>
            <name>jaminan_persalinan</name>
          </item>
          <item>
            <itextId>static_instance-insurance-5</itextId>
            <name>tidak_ada_asuransi</name>
          </item>
        </root>
      </instance>
    <instance id="desa">
        <root>
          <item>
            <itextId>static_instance-desa-0</itextId>
            <kecamatan>Janapria</kecamatan>
            <name>Lekor</name>
          </item>
          <item>
            <itextId>static_instance-desa-1</itextId>
            <kecamatan>Janapria</kecamatan>
            <name>Jango</name>
          </item>
          <item>
            <itextId>static_instance-desa-2</itextId>
            <kecamatan>Janapria</kecamatan>
            <name>Janapria</name>
          </item>
          <item>
            <itextId>static_instance-desa-3</itextId>
            <kecamatan>Janapria</kecamatan>
            <name>Saba</name>
          </item>
          <item>
            <itextId>static_instance-desa-4</itextId>
            <kecamatan>Janapria</kecamatan>
            <name>Setuta</name>
          </item>
          <item>
            <itextId>static_instance-desa-5</itextId>
            <kecamatan>Janapria</kecamatan>
            <name>Pendem</name>
          </item>
          <item>
            <itextId>static_instance-desa-6</itextId>
            <kecamatan>Janapria</kecamatan>
            <name>Lainnya</name>
          </item>
          <item>
            <itextId>static_instance-desa-7</itextId>
            <kecamatan>Pujut</kecamatan>
            <name>Sengkol</name>
          </item>
          <item>
            <itextId>static_instance-desa-8</itextId>
            <kecamatan>Pujut</kecamatan>
            <name>Tanak Awu</name>
          </item>
          <item>
            <itextId>static_instance-desa-9</itextId>
            <kecamatan>Pujut</kecamatan>
            <name>Ketara</name>
          </item>
          <item>
            <itextId>static_instance-desa-10</itextId>
            <kecamatan>Pujut</kecamatan>
            <name>Kawo</name>
          </item>
          <item>
            <itextId>static_instance-desa-11</itextId>
            <kecamatan>Pujut</kecamatan>
            <name>Pengembur</name>
          </item>
          <item>
            <itextId>static_instance-desa-12</itextId>
            <kecamatan>Pujut</kecamatan>
            <name>PKM Sengkol</name>
          </item>
          <item>
            <itextId>static_instance-desa-13</itextId>
            <kecamatan>Pujut</kecamatan>
            <name>Segala Anyar</name>
          </item>
          <item>
            <itextId>static_instance-desa-14</itextId>
            <kecamatan>Pujut</kecamatan>
            <name>Lainnya</name>
          </item>
        </root>
      </instance>
    <instance id="yes_no">
        <root>
          <item>
            <itextId>static_instance-yes_no-0</itextId>
            <name>Ya</name>
          </item>
          <item>
            <itextId>static_instance-yes_no-1</itextId>
            <name>Tidak</name>
          </item>
        </root>
      </instance>
  </model>
