<?xml version="1.0" encoding="UTF-8"?>
<form autocomplete="off" novalidate="novalidate" class="or clearfix" id="anak_close">
   <!--This form was created by transforming a OpenRosa-flavored (X)Form using an XSLT sheet created by Enketo LLC.-->
   <section class="form-logo" />
   <h3 id="form-title">Penutupan anak</h3>
   <fieldset class="question ">
      <fieldset>
         <legend>
            <span lang="" class="question-label active">Alasan penutupan</span>
            <span class="required">*</span>
            <span lang="" class="or-hint active">Pilihlah salah satu alasan yang tersedia</span>
         </legend>
         <div class="option-wrapper">
            <label class="">
               <input type="radio" name="/anak_close/close_reason" data-name="/anak_close/close_reason" value="child_over5" required="required" data-type-xml="select1" />
               <span lang="" class="option-label active">Umur anak &gt;5 tahun</span>
            </label>
            <label class="">
               <input type="radio" name="/anak_close/close_reason" data-name="/anak_close/close_reason" value="permanent_relocation" required="required" data-type-xml="select1" />
               <span lang="" class="option-label active">Relokasi (permanen)</span>
            </label>
            <label class="">
               <input type="radio" name="/anak_close/close_reason" data-name="/anak_close/close_reason" value="death_of_child" required="required" data-type-xml="select1" />
               <span lang="" class="option-label active">Anak meninggal</span>
            </label>
         </div>
      </fieldset>
   </fieldset>
   <section class="or-group-data or-branch pre-init " name="/anak_close/death_child_group" data-relevant=" /anak_close/close_reason  = 'death_of_child'">
      <fieldset class="question ">
         <fieldset>
            <legend>
               <span lang="" class="question-label active">Apakah kematiannya diakibatkan imunisasi anak</span>
               <span class="required">*</span>
            </legend>
            <div class="option-wrapper">
               <label class="">
                  <input type="radio" name="/anak_close/death_child_group/child_death_immunization" data-name="/anak_close/death_child_group/child_death_immunization" value="yes" required="required" data-type-xml="select1" />
                  <span lang="" class="option-label active">Ya</span>
               </label>
               <label class="">
                  <input type="radio" name="/anak_close/death_child_group/child_death_immunization" data-name="/anak_close/death_child_group/child_death_immunization" value="no" required="required" data-type-xml="select1" />
                  <span lang="" class="option-label active">Tidak</span>
               </label>
            </div>
         </fieldset>
      </fieldset>
      <fieldset class="question or-branch pre-init ">
         <fieldset>
            <legend>
               <span lang="" class="question-label active">Penyebab kematian anak</span>
            </legend>
            <div class="option-wrapper">
               <label class="">
                  <input type="radio" name="/anak_close/death_child_group/child_death_cause" data-name="/anak_close/death_child_group/child_death_cause" value="within_24hrs" data-relevant=" /anak_close/death_child_group/child_death_immunization  = 'no'" data-type-xml="select1" />
                  <span lang="" class="option-label active">kurang dari 24 jam setelah lahir</span>
               </label>
               <label class="">
                  <input type="radio" name="/anak_close/death_child_group/child_death_cause" data-name="/anak_close/death_child_group/child_death_cause" value="sepsis" data-relevant=" /anak_close/death_child_group/child_death_immunization  = 'no'" data-type-xml="select1" />
                  <span lang="" class="option-label active">Sepsis</span>
               </label>
               <label class="">
                  <input type="radio" name="/anak_close/death_child_group/child_death_cause" data-name="/anak_close/death_child_group/child_death_cause" value="asphyxia" data-relevant=" /anak_close/death_child_group/child_death_immunization  = 'no'" data-type-xml="select1" />
                  <span lang="" class="option-label active">Asphyxia</span>
               </label>
               <label class="">
                  <input type="radio" name="/anak_close/death_child_group/child_death_cause" data-name="/anak_close/death_child_group/child_death_cause" value="lbw" data-relevant=" /anak_close/death_child_group/child_death_immunization  = 'no'" data-type-xml="select1" />
                  <span lang="" class="option-label active">berat lahir kurang (&lt; 2.5 kg)</span>
               </label>
               <label class="">
                  <input type="radio" name="/anak_close/death_child_group/child_death_cause" data-name="/anak_close/death_child_group/child_death_cause" value="pneumonia" data-relevant=" /anak_close/death_child_group/child_death_immunization  = 'no'" data-type-xml="select1" />
                  <span lang="" class="option-label active">Pneumonia</span>
               </label>
               <label class="">
                  <input type="radio" name="/anak_close/death_child_group/child_death_cause" data-name="/anak_close/death_child_group/child_death_cause" value="diarrhea" data-relevant=" /anak_close/death_child_group/child_death_immunization  = 'no'" data-type-xml="select1" />
                  <span lang="" class="option-label active">Diarrhea</span>
               </label>
               <label class="">
                  <input type="radio" name="/anak_close/death_child_group/child_death_cause" data-name="/anak_close/death_child_group/child_death_cause" value="fever_related" data-relevant=" /anak_close/death_child_group/child_death_immunization  = 'no'" data-type-xml="select1" />
                  <span lang="" class="option-label active">berhubungan dengan demam</span>
               </label>
               <label class="">
                  <input type="radio" name="/anak_close/death_child_group/child_death_cause" data-name="/anak_close/death_child_group/child_death_cause" value="measles" data-relevant=" /anak_close/death_child_group/child_death_immunization  = 'no'" data-type-xml="select1" />
                  <span lang="" class="option-label active">Campak</span>
               </label>
               <label class="">
                  <input type="radio" name="/anak_close/death_child_group/child_death_cause" data-name="/anak_close/death_child_group/child_death_cause" value="malnutrition" data-relevant=" /anak_close/death_child_group/child_death_immunization  = 'no'" data-type-xml="select1" />
                  <span lang="" class="option-label active">Malnutrisi</span>
               </label>
               <label class="">
                  <input type="radio" name="/anak_close/death_child_group/child_death_cause" data-name="/anak_close/death_child_group/child_death_cause" value="Infeksi_pernafasan_akut" data-relevant=" /anak_close/death_child_group/child_death_immunization  = 'no'" data-type-xml="select1" />
                  <span lang="" class="option-label active">Infeksi pernafasan akut</span>
               </label>
               <label class="">
                  <input type="radio" name="/anak_close/death_child_group/child_death_cause" data-name="/anak_close/death_child_group/child_death_cause" value="malaria" data-relevant=" /anak_close/death_child_group/child_death_immunization  = 'no'" data-type-xml="select1" />
                  <span lang="" class="option-label active">Malaria</span>
               </label>
               <label class="">
                  <input type="radio" name="/anak_close/death_child_group/child_death_cause" data-name="/anak_close/death_child_group/child_death_cause" value="cause_not_identified" data-relevant=" /anak_close/death_child_group/child_death_immunization  = 'no'" data-type-xml="select1" />
                  <span lang="" class="option-label active">Penyebab tidak teridentifikasi</span>
               </label>
               <label class="">
                  <input type="radio" name="/anak_close/death_child_group/child_death_cause" data-name="/anak_close/death_child_group/child_death_cause" value="others" data-relevant=" /anak_close/death_child_group/child_death_immunization  = 'no'" data-type-xml="select1" />
                  <span lang="" class="option-label active">Lainnya</span>
               </label>
            </div>
         </fieldset>
      </fieldset>
      <label class="question or-branch pre-init non-select ">
         <span lang="" class="question-label active">Lainnya</span>
         <span lang="" class="or-hint active">Sebutkan alasan lainnya Jika ada</span>
         <input type="text" name="/anak_close/death_child_group/child_death_cause_other" data-relevant=" /anak_close/death_child_group/child_death_cause  = 'others'" data-type-xml="string" />
      </label>
      <label class="question non-select ">
         <span lang="" class="or-constraint-msg active">Tanggal kematian ibu hari ini atau hari-hari sebelumnya</span>
         <span lang="" class="question-label active">Tanggal kematian anak</span>
         <span class="required">*</span>
         <input type="date" name="/anak_close/death_child_group/child_death_date" required="required" data-constraint=".&lt;= /anak_close/today " data-type-xml="date" />
      </label>
   </section>
   <!--end of group -->
   <fieldset class="question ">
      <fieldset>
         <legend>
            <span lang="" class="question-label active">Konfirmasi penutupan anak</span>
            <span class="required">*</span>
         </legend>
         <div class="option-wrapper">
            <label class="">
               <input type="radio" name="/anak_close/confirm_child_close" data-name="/anak_close/confirm_child_close" value="yes" required="required" data-type-xml="select1" />
               <span lang="" class="option-label active">Ya</span>
            </label>
         </div>
      </fieldset>
   </fieldset>
   <fieldset id="or-preload-items" style="display:none;">
      <label class="calculation non-select ">
         <input type="hidden" name="/anak_close/start" data-preload="timestamp" data-preload-params="start" data-type-xml="dateTime" />
      </label>
      <label class="calculation non-select ">
         <input type="hidden" name="/anak_close/today" data-preload="date" data-preload-params="today" data-type-xml="date" />
      </label>
      <label class="calculation non-select ">
         <input type="hidden" name="/anak_close/deviceid" data-preload="property" data-preload-params="deviceid" data-type-xml="string" />
      </label>
      <label class="calculation non-select ">
         <input type="hidden" name="/anak_close/simserial" data-preload="property" data-preload-params="simserial" data-type-xml="string" />
      </label>
      <label class="calculation non-select ">
         <input type="hidden" name="/anak_close/phonenumber" data-preload="property" data-preload-params="phonenumber" data-type-xml="string" />
      </label>
      <label class="calculation non-select ">
         <input type="hidden" name="/anak_close/end" data-preload="timestamp" data-preload-params="end" data-type-xml="dateTime" />
      </label>
   </fieldset>
   <fieldset id="or-calculated-items" style="display:none;">
      <label class="calculation non-select ">
         <input autocomplete="off" type="hidden" name="/anak_close/reg_date" data-calculate=" /anak_close/today " data-type-xml="date"/>
      </label>
      <label class="calculation non-select ">
         <input type="hidden" name="/anak_close/death_child_group/num_livingchildren" data-calculate=" /anak_close/death_child_group/case_num_livingchildren  - 1" data-type-xml="string" />
      </label>
      <label class="calculation non-select ">
         <input type="hidden" name="/anak_close/meta/instanceID" data-calculate="concat('uuid:', uuid())" data-type-xml="string" />
      </label>
      <label class="calculation non-select ">
         <input type="hidden" name="/anak_close/formhub/uuid" data-calculate="'e897934fab4643f894caf72e53632b1e'" data-type-xml="string" />
      </label>
   </fieldset>
</form>
