{
  "form_data_definition_version": "2",
  "form": {
    "default_bind_path": "/model/instance/ANC_Reminder_Visit_3",
    "bind_type": "mcaremother",
    "fields": [
      {
        "name": "id",
        "shouldLoadValue": true
      },
      {
        "name": "ANC3_current_formStatus",
        "bind": "/model/instance/ANC_Reminder_Visit_3/ANC3_current_formStatus"
      },
      {
        "name": "version",
        "bind": "/model/instance/ANC_Reminder_Visit_3/version"
      },
      {
        "name": "changes",
        "bind": "/model/instance/ANC_Reminder_Visit_3/changes"
      },
      {
        "name": "GOBHHID",
        "bind": "/model/instance/ANC_Reminder_Visit_3/existing_gobhhid",
        "shouldLoadValue": true
      },
      {
        "name": "JiVitAHHID",
        "bind": "/model/instance/ANC_Reminder_Visit_3/existing_jivhhid",
        "shouldLoadValue": true
      },
      {
        "name": "FWWOMBID",
        "bind": "/model/instance/ANC_Reminder_Visit_3/existing_wom_bid",
        "shouldLoadValue": true
      },
      {
        "name": "FWWOMNID",
        "bind": "/model/instance/ANC_Reminder_Visit_3/existing_wom_nid",
        "shouldLoadValue": true
      },
      {
        "name": "FWWOMFNAME",
        "bind": "/model/instance/ANC_Reminder_Visit_3/existing_first_name",
        "shouldLoadValue": true
      },
      {
        "name": "FWHUSNAME",
        "bind": "/model/instance/ANC_Reminder_Visit_3/existing_husname",
        "shouldLoadValue": true
      },
      {
        "name": "FWPSRLMP",
        "bind": "/model/instance/ANC_Reminder_Visit_3/existing_psrlmp",
        "shouldLoadValue": true
      },
      {
        "name": "existing_riskfactor",
        "bind": "/model/instance/ANC_Reminder_Visit_3/existing_riskfactor",
        "shouldLoadValue": true
      },
      {
        "name": "existing_dangervalue",
        "bind": "/model/instance/ANC_Reminder_Visit_3/existing_dangervalue",
        "shouldLoadValue": true
      },
      {
        "name": "mauza",
        "bind": "/model/instance/ANC_Reminder_Visit_3/existing_location",
        "shouldLoadValue": true
      },
      {
        "name": "FWVG",
        "bind": "/model/instance/ANC_Reminder_Visit_3/existing_FWVG",
        "shouldLoadValue": true
      },
	  {
        "name": "FWHR_ANC1",
        "bind": "/model/instance/ANC_Reminder_Visit_3/existing_FWHR_ANC1",
        "shouldLoadValue": true
      },
      {
        "name": "FWHR_ANC2",
        "bind": "/model/instance/ANC_Reminder_Visit_3/existing_FWHR_ANC2",
        "shouldLoadValue": true
      },
      {
        "name": "FWHRP",
        "bind": "/model/instance/ANC_Reminder_Visit_3/existing_FWHRP",
        "shouldLoadValue": true
      },
      {
        "name": "FWHR_PSR",
        "bind": "/model/instance/ANC_Reminder_Visit_3/existing_FWHR_PSR",
        "shouldLoadValue": true
      },
      {
        "name": "existing_ELCO",
        "bind": "/model/instance/ANC_Reminder_Visit_3/existing_ELCO"
      },
      {
        "name": "today",
        "bind": "/model/instance/ANC_Reminder_Visit_3/today"
      },
      {
        "name": "start",
        "bind": "/model/instance/ANC_Reminder_Visit_3/start"
      },
      {
        "name": "end",
        "bind": "/model/instance/ANC_Reminder_Visit_3/end"
      },
      {
        "name": "FWANC3DATE",
        "bind": "/model/instance/ANC_Reminder_Visit_3/FWANC3DATE"
      },
      {
        "name": "FWCONFIRMATION",
        "bind": "/model/instance/ANC_Reminder_Visit_3/FWCONFIRMATION"
      },
      {
        "name": "FWGESTATIONALAGE",
        "bind": "/model/instance/ANC_Reminder_Visit_3/FWGESTATIONALAGE"
      },
      {
        "name": "FWEDD",
        "bind": "/model/instance/ANC_Reminder_Visit_3/FWEDD"
      },
      {
        "name": "FWANC3REMSTS",
        "bind": "/model/instance/ANC_Reminder_Visit_3/FWANC3REMSTS"
      },
      {
        "name": "FWANC3INT",
        "bind": "/model/instance/ANC_Reminder_Visit_3/FWANC3INT"
      },
      {
        "name": "DISPLAYTEXT2",
        "bind": "/model/instance/ANC_Reminder_Visit_3/DISPLAYTEXT2"
      },
      {
        "name": "FWANC3KNWPRVDR",
        "bind": "/model/instance/ANC_Reminder_Visit_3/FWANC3KNWPRVDR"
      },
      {
        "name": "DISPLAYTEXT3",
        "bind": "/model/instance/ANC_Reminder_Visit_3/DISPLAYTEXT3"
      },
      {
        "name": "yn_dk_label",
        "bind": "/model/instance/ANC_Reminder_Visit_3/risk_group/yn_dk_label"
      },
      {
        "name": "FWANC3ANM",
        "bind": "/model/instance/ANC_Reminder_Visit_3/risk_group/FWANC3ANM"
      },
      {
        "name": "FWANC3HBP",
        "bind": "/model/instance/ANC_Reminder_Visit_3/risk_group/FWANC3HBP"
      },
      {
        "name": "FWANC3DBT",
        "bind": "/model/instance/ANC_Reminder_Visit_3/risk_group/FWANC3DBT"
      },
      {
        "name": "FWANC3THY",
        "bind": "/model/instance/ANC_Reminder_Visit_3/risk_group/FWANC3THY"
      },
      {
        "name": "DISPLAYTEXT4",
        "bind": "/model/instance/ANC_Reminder_Visit_3/DISPLAYTEXT4"
      },
      {
        "name": "FWANC3PROB",
        "bind": "/model/instance/ANC_Reminder_Visit_3/FWANC3PROB"
      },
      {
        "name": "FWDISPLAYTEXT5",
        "bind": "/model/instance/ANC_Reminder_Visit_3/FWDISPLAYTEXT5"
      },
      {
        "name": "FWANC3HEAD",
        "bind": "/model/instance/ANC_Reminder_Visit_3/danger_signs/FWANC3HEAD"
      },
      {
        "name": "FWDISPLAYTEXT6",
        "bind": "/model/instance/ANC_Reminder_Visit_3/danger_signs/FWDISPLAYTEXT6"
      },
      {
        "name": "FWANC3BLRVIS",
        "bind": "/model/instance/ANC_Reminder_Visit_3/danger_signs/FWANC3BLRVIS"
      },
      {
        "name": "FWDISPLAYTEXT7",
        "bind": "/model/instance/ANC_Reminder_Visit_3/danger_signs/FWDISPLAYTEXT7"
      },
      {
        "name": "FWANC3SWLNG",
        "bind": "/model/instance/ANC_Reminder_Visit_3/danger_signs/FWANC3SWLNG"
      },
      {
        "name": "FWDISPLAYTEXT8",
        "bind": "/model/instance/ANC_Reminder_Visit_3/danger_signs/FWDISPLAYTEXT8"
      },
      {
        "name": "FWANC3CONVL",
        "bind": "/model/instance/ANC_Reminder_Visit_3/danger_signs/FWANC3CONVL"
      },
      {
        "name": "FWDISPLAYTEXT9",
        "bind": "/model/instance/ANC_Reminder_Visit_3/danger_signs/FWDISPLAYTEXT9"
      },
      {
        "name": "FWANC3BLD",
        "bind": "/model/instance/ANC_Reminder_Visit_3/danger_signs/FWANC3BLD"
      },
      {
        "name": "FWDISPLAYTEXT10",
        "bind": "/model/instance/ANC_Reminder_Visit_3/danger_signs/FWDISPLAYTEXT10"
      },
      {
        "name": "FWDISPLAYTEXT11",
        "bind": "/model/instance/ANC_Reminder_Visit_3/danger_signs/FWDISPLAYTEXT11"
      },
      {
        "name": "FWBPC1LOCOFDEL",
        "bind": "/model/instance/ANC_Reminder_Visit_3/FWBPC1LOCOFDEL"
      },
      {
        "name": "FWBPC1DISPLAYTEXT1",
        "bind": "/model/instance/ANC_Reminder_Visit_3/FWBPC1DISPLAYTEXT1"
      },
      {
        "name": "FWBPC1DISPLAYTEXT2",
        "bind": "/model/instance/ANC_Reminder_Visit_3/FWBPC1DISPLAYTEXT2"
      },
      {
        "name": "FWBPC1DISPLAYTEXT3",
        "bind": "/model/instance/ANC_Reminder_Visit_3/FWBPC1DISPLAYTEXT3"
      },
      {
        "name": "FWBPC1ASSTLAB",
        "bind": "/model/instance/ANC_Reminder_Visit_3/FWBPC1ASSTLAB"
      },
      {
        "name": "FWBPC1DISPLAYTEXT4",
        "bind": "/model/instance/ANC_Reminder_Visit_3/FWBPC1DISPLAYTEXT4"
      },
      {
        "name": "FWBPC1DISPLAYTEXT5",
        "bind": "/model/instance/ANC_Reminder_Visit_3/FWBPC1DISPLAYTEXT5"
      },
      {
        "name": "FWBPC1TRNSPRT",
        "bind": "/model/instance/ANC_Reminder_Visit_3/FWBPC1TRNSPRT"
      },
      {
        "name": "FWBPC1DISPLAYTEXT6",
        "bind": "/model/instance/ANC_Reminder_Visit_3/FWBPC1DISPLAYTEXT6"
      },
      {
        "name": "FWBPC1DISPLAYTEXT7",
        "bind": "/model/instance/ANC_Reminder_Visit_3/FWBPC1DISPLAYTEXT7"
      },
      {
        "name": "FWBPC1BLDGRP",
        "bind": "/model/instance/ANC_Reminder_Visit_3/FWBPC1BLDGRP"
      },
      {
        "name": "FWBPC1DISPLAYTEXT8",
        "bind": "/model/instance/ANC_Reminder_Visit_3/FWBPC1DISPLAYTEXT8"
      },
      {
        "name": "FWBPC1DISPLAYTEXT9",
        "bind": "/model/instance/ANC_Reminder_Visit_3/FWBPC1DISPLAYTEXT9"
      },
      {
        "name": "FWBPC1BLDDNR",
        "bind": "/model/instance/ANC_Reminder_Visit_3/FWBPC1BLDDNR"
      },
      {
        "name": "FWBPC1DISPLAYTEXT10",
        "bind": "/model/instance/ANC_Reminder_Visit_3/FWBPC1DISPLAYTEXT10"
      },
      {
        "name": "FWBPC1DISPLAYTEXT11",
        "bind": "/model/instance/ANC_Reminder_Visit_3/FWBPC1DISPLAYTEXT11"
      },
      {
        "name": "FWBPC1FINARGMT",
        "bind": "/model/instance/ANC_Reminder_Visit_3/FWBPC1FINARGMT"
      },
      {
        "name": "FWBPC1DISPLAYTEXT12",
        "bind": "/model/instance/ANC_Reminder_Visit_3/FWBPC1DISPLAYTEXT12"
      },
      {
        "name": "FWBPC1DISPLAYTEXT13",
        "bind": "/model/instance/ANC_Reminder_Visit_3/FWBPC1DISPLAYTEXT13"
      },
      {
        "name": "FWANC3DS1",
        "bind": "/model/instance/ANC_Reminder_Visit_3/FWANC3DS1"
      },
      {
        "name": "FWANC3DS2",
        "bind": "/model/instance/ANC_Reminder_Visit_3/FWANC3DS2"
      },
      {
        "name": "FWANC3DS3",
        "bind": "/model/instance/ANC_Reminder_Visit_3/FWANC3DS3"
      },
      {
        "name": "FWANC3DS4",
        "bind": "/model/instance/ANC_Reminder_Visit_3/FWANC3DS4"
      },
      {
        "name": "FWANC3DS5",
        "bind": "/model/instance/ANC_Reminder_Visit_3/FWANC3DS5"
      },
      {
        "name": "FWANC3DS6",
        "bind": "/model/instance/ANC_Reminder_Visit_3/FWANC3DS6"
      },
      {
        "name": "FWDANGERVALUE",
        "bind": "/model/instance/ANC_Reminder_Visit_3/FWDANGERVALUE"
      },
      {
        "name": "FWNOTELIGIBLE",
        "bind": "/model/instance/ANC_Reminder_Visit_3/FWNOTELIGIBLE"
      },
      {
        "name": "ELCO",
        "bind": "/model/instance/ANC_Reminder_Visit_3/ELCO"
      },
      {
        "name": "FWHR_ANC3",
        "bind": "/model/instance/ANC_Reminder_Visit_3/FWHR_ANC3"
      },
      {
        "name": "FWFLAGVALUE",
        "bind": "/model/instance/ANC_Reminder_Visit_3/FWFLAGVALUE"
      },
      {
        "name": "FWSORTVALUE",
        "bind": "/model/instance/ANC_Reminder_Visit_3/FWSORTVALUE"
      },
      {
        "name": "user_type",
        "bind": "/model/instance/ANC_Reminder_Visit_3/user_type"
      },
      {
        "name": "external_user_ID",
        "bind": "/model/instance/ANC_Reminder_Visit_3/external_user_ID"
      },
      {
        "name": "relationalid",
        "bind": "/model/instance/ANC_Reminder_Visit_3/relationalid"
      }
    ]
  }
}
