<?xml version="1.0" encoding="UTF-8"?>
<form autocomplete="off" novalidate="novalidate" class="or clearfix" id="Baby_Immunization">
   <!--This form was created by transforming a OpenRosa-flavored (X)Form using an XSLT sheet created by Enketo LLC.-->
   <section class="form-logo" />
   <h3 id="form-title">Baby Immunization</h3>
   <label class="question non-select ">
			<span lang="" class="question-label active">Tanggal pemberian imunisasi Hb 0-7 hari</span>
			<span lang="" class="or-hint active">Tanggal dan bulan diberikan imunisasi HB 0</span>
			<input type="date" name="/Baby_Immunization/tanggal_pemberian_imunisasi_hb_07" data-constraint=".&lt;=  /Baby_Immunization/today " data-type-xml="date" />
		</label>
		<label class="question non-select ">
			<span lang="" class="question-label active">Tanggal pemberian imunisasi BCG dan Polio 1</span>
			<span lang="" class="or-hint active">Tanggal dan bulan pemberian imunisasi BCG dan polio 1</span>
			<input type="date" name="/Baby_Immunization/tanggal_pemberian_imunisasi_bcg_dan_Polio1" data-constraint=".&lt;=  /Baby_Immunization/today " data-type-xml="date" />
		</label>
		<label class="question non-select ">
			<span lang="" class="question-label active">Tanggal pemberian imunisasi DPT/HB1/Polio 2</span>
			<span lang="" class="or-hint active">Tanggal dan bulan pemberian imunisasi DPT 1, HB1 dan Polio 2</span>
			<input type="date" name="/Baby_Immunization/tanggal_pemberian_imunisasi_dpthb1Polio2" data-constraint=".&lt;=  /Baby_Immunization/today " data-type-xml="date" />
		</label>
		<label class="question non-select ">
			<span lang="" class="question-label active">Tanggal pemberian imunisasi DPT/HB2/Polio 3</span>
			<span lang="" class="or-hint active">Tanggal dan bulan pemberian imunisasi DPT 2, HB2 dan Polio 3</span>
			<input type="date" name="/Baby_Immunization/tanggal_pemberian_imunisasi_dpthb2Polio3" data-constraint=".&lt;=  /Baby_Immunization/today " data-type-xml="date" />
		</label>
		<label class="question non-select ">
			<span lang="" class="question-label active">Tanggal pemberian imunisasi DPT/HB3/Polio 4</span>
			<span lang="" class="or-hint active">Tanggal dan bulan pemberian imunisasi DPT 3, HB3 dan Polio 4</span>
			<input type="date" name="/Baby_Immunization/tanggal_pemberian_imunisasi_dpthb3Polio4" data-constraint=".&lt;=  /Baby_Immunization/today " data-type-xml="date" />
		</label>
		<label class="question non-select ">
			<span lang="" class="question-label active">Tanggal pemberian imunisasi Campak</span>
			<span lang="" class="or-hint active">Tanggal dan bulan pemberian imunisasi campak</span>
			<input type="date" name="/Baby_Immunization/tanggal_pemberian_imunisasi_campak" data-constraint=".&lt;=  /Baby_Immunization/today " data-type-xml="date" />
		</label>

   <fieldset id="or-preload-items" style="display:none;">
      <label class="calculation non-select ">
         <input type="hidden" name="/Baby_Immunization/start" data-preload="timestamp" data-preload-params="start" data-type-xml="dateTime" />
      </label>
      <label class="calculation non-select ">
         <input type="hidden" name="/Baby_Immunization/today" data-preload="date" data-preload-params="today" data-type-xml="date" />
      </label>
      <label class="calculation non-select ">
         <input type="hidden" name="/Baby_Immunization/deviceid" data-preload="property" data-preload-params="deviceid" data-type-xml="string" />
      </label>
      <label class="calculation non-select ">
         <input type="hidden" name="/Baby_Immunization/simserial" data-preload="property" data-preload-params="simserial" data-type-xml="string" />
      </label>
      <label class="calculation non-select ">
         <input type="hidden" name="/Baby_Immunization/phonenumber" data-preload="property" data-preload-params="phonenumber" data-type-xml="string" />
      </label>
      <label class="calculation non-select ">
         <input type="hidden" name="/Baby_Immunization/end" data-preload="timestamp" data-preload-params="end" data-type-xml="dateTime" />
      </label>
   </fieldset>
   <fieldset id="or-calculated-items" style="display:none;">
      <label class="calculation non-select ">
         <input autocomplete="off" type="hidden" name="/Baby_Immunization/reg_date" data-calculate=" /Baby_Immunization/today " data-type-xml="date"/>
      </label>
      <label class="calculation non-select ">
         <input type="hidden" name="/Baby_Immunization/meta/instanceID" data-calculate="concat('uuid:', uuid())" data-type-xml="string" />
      </label>
      <label class="calculation non-select ">
         <input type="hidden" name="/Baby_Immunization.xls/formhub/uuid" data-calculate="'a76cdc71d5984baa969a753c1d39120a'" data-type-xml="string" />
      </label>
   </fieldset>
</form>

