<model>
    <instance>
        <Baby_Immunization id="Baby_Immunization" version="201506080810">
          <formhub>
            <uuid/>
          </formhub>
          <start/>
          <today/>
	  <reg_date/>
          <deviceid/>
          <simserial/>
          <phonenumber/>
          <tanggal_pemberian_imunisasi_hb_07/>
          <tanggal_pemberian_imunisasi_bcg_dan_Polio1/>
          <tanggal_pemberian_imunisasi_dpthb1Polio2/>
          <tanggal_pemberian_imunisasi_dpthb2Polio3/>
          <tanggal_pemberian_imunisasi_dpthb3Polio4/>
          <tanggal_pemberian_imunisasi_campak/>
          <end/>
          <meta>
            <instanceID/>
          </meta>
        </Baby_Immunization>
      </instance>
  </model>
