<?xml version="1.0" encoding="UTF-8"?>
<form autocomplete="off" novalidate="novalidate" class="or clearfix" id="kohort_bayi_kunjungan_perbulan">
   <!--This form was created by transforming a OpenRosa-flavored (X)Form using an XSLT sheet created by Enketo LLC.-->
   <section class="form-logo" />
   <h3 id="form-title">Kohort Kunjungan Bayi Perbulan</h3>
   <label class="question non-select ">
      <span lang="" class="or-constraint-msg active">diisi dengan tanggal hari ini atau sebelumnya</span>
      <span lang="" class="question-label active">Tanggal diperiksa</span>
      <span lang="" class="or-hint active">Diisi dengan tanggal pemeriksaan</span>
      <input type="date" name="/kohort_bayi_kunjungan_perbulan/tanggal_kunjungan_bayi_perbulan" data-constraint=".&lt;= /kohort_bayi_kunjungan_perbulan/today " data-calculate=" /kohort_bayi_kunjungan_perbulan/today " data-type-xml="date" />
   </label>
   <label class="question non-select ">
      <span lang="" class="or-constraint-msg active">nilai tidak boleh minus</span>
      <span lang="" class="question-label active">Berat badan bayi bulan ini</span>
      <span lang="" class="or-hint active">Berat badan bayi saat pemeriksaan bulan ini</span>
      <input type="number" name="/kohort_bayi_kunjungan_perbulan/berat_badan_bayi_setiap_kunjungan_bayi_perbulan" data-constraint=".&gt;0" data-type-xml="decimal" step="any" />
   </label>
   <fieldset class="question ">
      <fieldset>
         <legend>
            <span lang="" class="question-label active">Indikator pertumbuhan bayi (monitor berat badan)</span>
            <span lang="" class="or-hint active">Diisi N (jika berat badan naik sesuai garis pertumbuhan), T ( tidak naik berat badannya), O (tidak ditimbang pada bulan lalu), B (jika baru pertama kali ditimbang)</span>
         </legend>
         <div class="option-wrapper">
            <label class="">
               <input type="radio" name="/kohort_bayi_kunjungan_perbulan/indikator_berat_bedan_bayi" data-name="/kohort_bayi_kunjungan_perbulan/indikator_berat_bedan_bayi" value="N" data-type-xml="select1" />
               <span lang="" class="option-label active">N (jika berat bedan naik sesuai garis pertumbuhan)</span>
            </label>
            <label class="">
               <input type="radio" name="/kohort_bayi_kunjungan_perbulan/indikator_berat_bedan_bayi" data-name="/kohort_bayi_kunjungan_perbulan/indikator_berat_bedan_bayi" value="T" data-type-xml="select1" />
               <span lang="" class="option-label active">T (tidak naik berat badannya, berat badan tetap)</span>
            </label>
            <label class="">
               <input type="radio" name="/kohort_bayi_kunjungan_perbulan/indikator_berat_bedan_bayi" data-name="/kohort_bayi_kunjungan_perbulan/indikator_berat_bedan_bayi" value="O" data-type-xml="select1" />
               <span lang="" class="option-label active">O (tidak ditimbang pada bulan lalu)</span>
            </label>
            <label class="">
               <input type="radio" name="/kohort_bayi_kunjungan_perbulan/indikator_berat_bedan_bayi" data-name="/kohort_bayi_kunjungan_perbulan/indikator_berat_bedan_bayi" value="B" data-type-xml="select1" />
               <span lang="" class="option-label active">B (baru pertama kali ditimbang)</span>
            </label>
         </div>
      </fieldset>
   </fieldset>
   <label class="question or-appearance-minimal ">
      <span lang="" class="question-label active">Pemberian Asi Eksklusif</span>
      <span lang="" class="or-hint active">Diisi E1/E2/E3/E4/E5/E6 jika bayi diberi ASI eksklusif</span>
      <select name="/kohort_bayi_kunjungan_perbulan/pemberian_asi_eksklusif" data-name="/kohort_bayi_kunjungan_perbulan/pemberian_asi_eksklusif" data-type-xml="select1">
         <option value="">...</option>
         <option value="ekslusif_1">Ekslusif 1 (E1)</option>
         <option value="ekslusif_2">Ekslusif 2 (E2)</option>
         <option value="ekslusif_3">Ekslusif 3 (E3)</option>
         <option value="ekslusif_4">Ekslusif 4 (E4)</option>
         <option value="ekslusif_5">Ekslusif 5 (E5)</option>
         <option value="ekslusif_6">Ekslusif 6 (E6)</option>
      </select>
      <span class="or-option-translations" style="display:none;" />
   </label>
   <fieldset class="question ">
      <fieldset>
         <legend>
            <span lang="" class="question-label active">Status Gizi</span>
            <span lang="" class="or-hint active">Diisi status gizi menurut BB/TB (GB, GK, GR)</span>
         </legend>
         <div class="option-wrapper">
            <label class="">
               <input type="radio" name="/kohort_bayi_kunjungan_perbulan/status_gizi" data-name="/kohort_bayi_kunjungan_perbulan/status_gizi" value="GB" data-type-xml="select1" />
               <span lang="" class="option-label active">GB</span>
            </label>
            <label class="">
               <input type="radio" name="/kohort_bayi_kunjungan_perbulan/status_gizi" data-name="/kohort_bayi_kunjungan_perbulan/status_gizi" value="GK" data-type-xml="select1" />
               <span lang="" class="option-label active">GK</span>
            </label>
            <label class="">
               <input type="radio" name="/kohort_bayi_kunjungan_perbulan/status_gizi" data-name="/kohort_bayi_kunjungan_perbulan/status_gizi" value="GR" data-type-xml="select1" />
               <span lang="" class="option-label active">GR</span>
            </label>
         </div>
      </fieldset>
   </fieldset>
   <fieldset class="question ">
      <fieldset>
         <legend>
            <span lang="" class="question-label active">Hasil dilakukannya KPSP</span>
            <span lang="" class="or-hint active">Hasil yang didapatkan setelah dilakukan Kuesioner Pra Skrining Perkembangan (KPSP) per Bulan</span>
         </legend>
         <div class="option-wrapper">
            <label class="">
               <input type="radio" name="/kohort_bayi_kunjungan_perbulan/hasil_dilakukannya_kpsp" data-name="/kohort_bayi_kunjungan_perbulan/hasil_dilakukannya_kpsp" value="DS" data-type-xml="select1" />
               <span lang="" class="option-label active">KPSP dilakukan dan hasilnya sesuai (DS)</span>
            </label>
            <label class="">
               <input type="radio" name="/kohort_bayi_kunjungan_perbulan/hasil_dilakukannya_kpsp" data-name="/kohort_bayi_kunjungan_perbulan/hasil_dilakukannya_kpsp" value="Dm" data-type-xml="select1" />
               <span lang="" class="option-label active">KPSP dilakukan dan hasilnya meragukan (Dm)</span>
            </label>
            <label class="">
               <input type="radio" name="/kohort_bayi_kunjungan_perbulan/hasil_dilakukannya_kpsp" data-name="/kohort_bayi_kunjungan_perbulan/hasil_dilakukannya_kpsp" value="Dp" data-type-xml="select1" />
               <span lang="" class="option-label active">KPSP dilakukan dan hasilnya penyimpangan (Dp)</span>
            </label>
            <label class="">
               <input type="radio" name="/kohort_bayi_kunjungan_perbulan/hasil_dilakukannya_kpsp" data-name="/kohort_bayi_kunjungan_perbulan/hasil_dilakukannya_kpsp" value="NA" data-type-xml="select1" />
               <span lang="" class="option-label active">KPSP tidak dilakukan</span>
            </label>
         </div>
      </fieldset>
   </fieldset>
   <fieldset class="question or-branch pre-init ">
      <fieldset>
         <legend>
            <span lang="" class="question-label active">Penyimpangan</span>
            <span lang="" class="or-hint active">Diisi M bila balita sakit di MTBS, R bila dirujuk, S bila balita sakit tidak di MTBS</span>
         </legend>
         <div class="option-wrapper">
            <label class="">
               <input type="radio" name="/kohort_bayi_kunjungan_perbulan/kpsp_penyimpangan" data-name="/kohort_bayi_kunjungan_perbulan/kpsp_penyimpangan" value="M" data-relevant=" /kohort_bayi_kunjungan_perbulan/hasil_dilakukannya_kpsp  = 'Dp'" data-type-xml="select1" />
               <span lang="" class="option-label active">M (balita sakit di MTBS)</span>
            </label>
            <label class="">
               <input type="radio" name="/kohort_bayi_kunjungan_perbulan/kpsp_penyimpangan" data-name="/kohort_bayi_kunjungan_perbulan/kpsp_penyimpangan" value="R" data-relevant=" /kohort_bayi_kunjungan_perbulan/hasil_dilakukannya_kpsp  = 'Dp'" data-type-xml="select1" />
               <span lang="" class="option-label active">R (dirujuk)</span>
            </label>
            <label class="">
               <input type="radio" name="/kohort_bayi_kunjungan_perbulan/kpsp_penyimpangan" data-name="/kohort_bayi_kunjungan_perbulan/kpsp_penyimpangan" value="S" data-relevant=" /kohort_bayi_kunjungan_perbulan/hasil_dilakukannya_kpsp  = 'Dp'" data-type-xml="select1" />
               <span lang="" class="option-label active">S (tidak di MTBS)</span>
            </label>
         </div>
      </fieldset>
   </fieldset>
   <fieldset class="question ">
      <fieldset>
         <legend>
            <span lang="" class="question-label active">Pelayanan Vit A</span>
            <span lang="" class="or-hint active">Menunjukkan apakah pelayanan Vitamin A diberikan saat kunjungan bayi</span>
         </legend>
         <div class="option-wrapper">
            <label class="">
               <input type="radio" name="/kohort_bayi_kunjungan_perbulan/pelayanan_vita" data-name="/kohort_bayi_kunjungan_perbulan/pelayanan_vita" value="jika_dilakukan" data-type-xml="select1" />
               <span lang="" class="option-label active">Jika dilakukan (v)</span>
            </label>
            <label class="">
               <input type="radio" name="/kohort_bayi_kunjungan_perbulan/pelayanan_vita" data-name="/kohort_bayi_kunjungan_perbulan/pelayanan_vita" value="jika_tidak_dilakukan" data-type-xml="select1" />
               <span lang="" class="option-label active">Jika tidak dilakukan (x)</span>
            </label>
         </div>
      </fieldset>
   </fieldset>
   <fieldset class="question ">
      <fieldset>
         <legend>
            <span lang="" class="question-label active">Apakah dilakukan imunisasi?</span>
            <span lang="" class="or-hint active">Diisi apakah saat kunjungan dilakukan imunisasi atau tidak</span>
         </legend>
         <div class="option-wrapper">
            <label class="">
               <input type="radio" name="/kohort_bayi_kunjungan_perbulan/dilakukan_imunisasi" data-name="/kohort_bayi_kunjungan_perbulan/dilakukan_imunisasi" value="Ya" data-type-xml="select1" />
               <span lang="" class="option-label active">Ya</span>
            </label>
            <label class="">
               <input type="radio" name="/kohort_bayi_kunjungan_perbulan/dilakukan_imunisasi" data-name="/kohort_bayi_kunjungan_perbulan/dilakukan_imunisasi" value="Tidak" data-type-xml="select1" />
               <span lang="" class="option-label active">Tidak</span>
            </label>
         </div>
      </fieldset>
   </fieldset>
   <label class="question or-branch pre-init non-select ">
      <span lang="" class="or-constraint-msg active">diisi dengan tanggal hari ini atau sebelumnya</span>
      <span lang="" class="question-label active">Tanggal pemberian imunisasi Hb 0-7 hari</span>
      <span lang="" class="or-hint active">Tanggal dan bulan diberikan imunisasi HB 0</span>
      <input type="date" name="/kohort_bayi_kunjungan_perbulan/tanggal_pemberian_imunisasi_hb_07" data-constraint=".&lt;=  /kohort_bayi_kunjungan_perbulan/today " data-relevant=" /kohort_bayi_kunjungan_perbulan/dilakukan_imunisasi  = 'Ya'" data-type-xml="date" />
   </label>
   <label class="question or-branch pre-init non-select ">
      <span lang="" class="or-constraint-msg active">diisi dengan tanggal hari ini atau sebelumnya</span>
      <span lang="" class="question-label active">Tanggal pemberian imunisasi BCG dan Polio 1</span>
      <span lang="" class="or-hint active">Tanggal dan bulan pemberian imunisasi BCG dan polio 1</span>
      <input type="date" name="/kohort_bayi_kunjungan_perbulan/tanggal_pemberian_imunisasi_bcg_dan_Polio1" data-constraint=".&lt;=  /kohort_bayi_kunjungan_perbulan/today " data-relevant=" /kohort_bayi_kunjungan_perbulan/dilakukan_imunisasi  = 'Ya'" data-type-xml="date" />
   </label>
   <label class="question or-branch pre-init non-select ">
      <span lang="" class="or-constraint-msg active">diisi dengan tanggal hari ini atau sebelumnya</span>
      <span lang="" class="question-label active">Tanggal pemberian imunisasi DPT/HB1/Polio 2</span>
      <span lang="" class="or-hint active">Tanggal dan bulan pemberian imunisasi DPT 1, HB1 dan Polio 2</span>
      <input type="date" name="/kohort_bayi_kunjungan_perbulan/tanggal_pemberian_imunisasi_dpthb1Polio2" data-constraint=".&lt;=  /kohort_bayi_kunjungan_perbulan/today " data-relevant=" /kohort_bayi_kunjungan_perbulan/dilakukan_imunisasi  = 'Ya'" data-type-xml="date" />
   </label>
   <label class="question or-branch pre-init non-select ">
      <span lang="" class="or-constraint-msg active">diisi dengan tanggal hari ini atau sebelumnya</span>
      <span lang="" class="question-label active">Tanggal pemberian imunisasi DPT/HB2/Polio 3</span>
      <span lang="" class="or-hint active">Tanggal dan bulan pemberian imunisasi DPT 2, HB2 dan Polio 3</span>
      <input type="date" name="/kohort_bayi_kunjungan_perbulan/tanggal_pemberian_imunisasi_dpthb2Polio3" data-constraint=".&lt;=  /kohort_bayi_kunjungan_perbulan/today " data-relevant=" /kohort_bayi_kunjungan_perbulan/dilakukan_imunisasi  = 'Ya'" data-type-xml="date" />
   </label>
   <label class="question or-branch pre-init non-select ">
      <span lang="" class="or-constraint-msg active">diisi dengan tanggal hari ini atau sebelumnya</span>
      <span lang="" class="question-label active">Tanggal pemberian imunisasi DPT/HB3/Polio 4</span>
      <span lang="" class="or-hint active">Tanggal dan bulan pemberian imunisasi DPT 3, HB3 dan Polio 4</span>
      <input type="date" name="/kohort_bayi_kunjungan_perbulan/tanggal_pemberian_imunisasi_dpthb3Polio4" data-constraint=".&lt;=  /kohort_bayi_kunjungan_perbulan/today " data-relevant=" /kohort_bayi_kunjungan_perbulan/dilakukan_imunisasi  = 'Ya'" data-type-xml="date" />
   </label>
   <label class="question or-branch pre-init non-select ">
      <span lang="" class="or-constraint-msg active">diisi dengan tanggal hari ini atau sebelumnya</span>
      <span lang="" class="question-label active">Tanggal pemberian imunisasi Campak</span>
      <span lang="" class="or-hint active">Tanggal dan bulan pemberian imunisasi campak</span>
      <input type="date" name="/kohort_bayi_kunjungan_perbulan/tanggal_pemberian_imunisasi_campak" data-constraint=".&lt;=  /kohort_bayi_kunjungan_perbulan/today " data-relevant=" /kohort_bayi_kunjungan_perbulan/dilakukan_imunisasi  = 'Ya'" data-type-xml="date" />
   </label>
   <label class="question non-select ">
      <span lang="" class="question-label active">Keterangan</span>
      <span lang="" class="or-hint active">Diisi dengan keterangan baru, pindah domisili atau informasi lainnya</span>
      <input type="text" name="/kohort_bayi_kunjungan_perbulan/keterangan" data-type-xml="string" />
   </label>
   <fieldset id="or-preload-items" style="display:none;">
      <label class="calculation non-select ">
         <input type="hidden" name="/kohort_bayi_kunjungan_perbulan/start" data-preload="timestamp" data-preload-params="start" data-type-xml="dateTime" />
      </label>
      <label class="calculation non-select ">
         <input type="hidden" name="/kohort_bayi_kunjungan_perbulan/today" data-preload="date" data-preload-params="today" data-type-xml="date" />
      </label>
      <label class="calculation non-select ">
         <input type="hidden" name="/kohort_bayi_kunjungan_perbulan/deviceid" data-preload="property" data-preload-params="deviceid" data-type-xml="string" />
      </label>
      <label class="calculation non-select ">
         <input type="hidden" name="/kohort_bayi_kunjungan_perbulan/simserial" data-preload="property" data-preload-params="simserial" data-type-xml="string" />
      </label>
      <label class="calculation non-select ">
         <input type="hidden" name="/kohort_bayi_kunjungan_perbulan/phonenumber" data-preload="property" data-preload-params="phonenumber" data-type-xml="string" />
      </label>
      <label class="calculation non-select ">
         <input type="hidden" name="/kohort_bayi_kunjungan_perbulan/end" data-preload="timestamp" data-preload-params="end" data-type-xml="dateTime" />
      </label>
   </fieldset>
   <fieldset id="or-calculated-items" style="display:none;">
   <label class="calculation non-select ">
				<input autocomplete="off" type="hidden" name="/kohort_bayi_kunjungan_perbulan/reg_date" data-calculate=" /kohort_bayi_kunjungan_perbulan/today " data-type-xml="date" />
		  </label>
      <label class="calculation non-select ">
         <input type="hidden" name="/kohort_bayi_kunjungan_perbulan/meta/instanceID" data-calculate="concat('uuid:', uuid())" data-type-xml="string" />
      </label>
      <label class="calculation non-select ">
         <input type="hidden" name="/kohort_bayi_kunjungan_perbulan/formhub/uuid" data-calculate="'7be6e175332149899f2c446b97434198'" data-type-xml="string" />
      </label>
   </fieldset>
</form>