<model>
    <instance>
        <kohort_bayi_kunjungan_perbulan id="kohort_bayi_kunjungan_perbulan" version="201506200232">
          <formhub>
            <uuid/>
          </formhub>
          <start/>
          <today/>
          <reg_date/>
          <deviceid/>
          <simserial/>
          <phonenumber/>
          <tanggal_kunjungan_bayi_perbulan/>
          <berat_badan_bayi_setiap_kunjungan_bayi_perbulan/>
          <indikator_berat_bedan_bayi/>
          <pemberian_asi_eksklusif/>
          <status_gizi/>
          <hasil_dilakukannya_kpsp/>
          <kpsp_penyimpangan/>
          <pelayanan_vita/>
          <dilakukan_imunisasi/>
          <tanggal_pemberian_imunisasi_hb_07/>
          <tanggal_pemberian_imunisasi_bcg_dan_Polio1/>
          <tanggal_pemberian_imunisasi_dpthb1Polio2/>
          <tanggal_pemberian_imunisasi_dpthb2Polio3/>
          <tanggal_pemberian_imunisasi_dpthb3Polio4/>
          <tanggal_pemberian_imunisasi_campak/>
          <keterangan/>
          <end/>
          <meta>
            <instanceID/>
          </meta>
        </kohort_bayi_kunjungan_perbulan>
      </instance>
  </model>
