{
  "form_data_definition_version":"1",
  "form":{
    "bind_type":"kartu_ibu",
    "default_bind_path":"/model/instance/register_pnc/",
    "fields":[
      {
        "name":"id",
        "shouldLoadValue":true
      },
      {
        "name":"motherId",
        "shouldLoadValue":true,
        "source":"kartu_ibu.ibu.id"
      },
      {
        "name":"childId",
        "shouldLoadValue":true,
        "source":"kartu_ibu.ibu.anak.id"
      },
      {
        "name":"puskesmas",
        "bind":"/model/instance/register_pnc/puskesmas"
      },
      {
        "name":"noIbu",
        "bind":"/model/instance/register_pnc/no_ibu"
      },
      {
        "name":"namalengkap",
        "bind":"/model/instance/register_pnc/nama_lengkap"
      },
      {
        "name":"namaSuami",
        "bind":"/model/instance/register_pnc/nama_suami"
      },
      {
        "name":"tanggalLahir",
        "bind":"/model/instance/register_pnc/tanggal_lahir_ibu"
      },
      {
        "name":"umur",
        "bind":"/model/instance/register_pnc/umur"
      },
      {
        "name":"alamatDomisili",
        "bind":"/model/instance/register_pnc/alamat_domisili"
      },
      {
        "name":"propinsi",
        "bind":"/model/instance/register_pnc/propinsi"
      },
      {
        "name":"kabupaten",
        "bind":"/model/instance/register_pnc/kabupaten"
      },
      {
        "name":"kecamatan",
        "bind":"/model/instance/register_pnc/kecamatan"
      },
      {
        "name":"desa",
        "bind":"/model/instance/register_pnc/desa"
      },
      {
        "name":"dusun",
        "bind":"/model/instance/register_pnc/dusun"
      },
      {
        "name":"pendidikan",
        "bind":"/model/instance/register_pnc/pendidikan"
      },
      {
        "name":"agama",
        "bind":"/model/instance/register_pnc/agama"
      },
      {
        "name":"pekerjaan",
        "bind":"/model/instance/register_pnc/pekerjaan"
      },
      {
        "name":"gakinTidak",
        "bind":"/model/instance/register_pnc/gakin_tidak"
      },
      {
        "name":"posyandu",
        "bind":"/model/instance/register_pnc/posyandu"
      },
      {
        "name":"namaKader",
        "bind":"/model/instance/register_pnc/nama_kader"
      },
      {
        "name":"namaDukun",
        "bind":"/model/instance/register_pnc/nama_dukun"
      },
      {
        "name":"asuransiJiwa",
        "bind":"/model/instance/register_pnc/asuransi_jiwa"
      },
      {
        "name":"golonganDarah",
        "bind":"/model/instance/register_pnc/golongan_darah"
      },
      {
        "name":"nomorTelponHp",
        "bind":"/model/instance/register_pnc/nomor_telponhp"
      },
      {
        "name":"usiaKehamilan",
        "bind":"/model/instance/register_pnc/usia_kehamilan_saat_persalinan",
        "source":"kartu_ibu.ibu.usiaKehamilan"
      },
      {
        "name":"usiaKehamilanBerdasarkanHPHT",
        "bind":"/model/instance/register_pnc/usia_kehamilan_berdasarkan_hpht",
        "source":"kartu_ibu.ibu.usiaKehamilanBerdasarkanHPHT"
      },
      {
        "name":"keadaanIbu",
        "bind":"/model/instance/register_pnc/keadaan_ibu",
        "source":"kartu_ibu.ibu.keadaanIbu"
      },
      {
        "name":"keadaanBayi",
        "bind":"/model/instance/register_pnc/keadaan_bayi",
        "source":"kartu_ibu.ibu.anak.keadaanBayi"
      },
      {
        "name":"beratLahir",
        "bind":"/model/instance/register_pnc/berat_bayi_gram",
        "source":"kartu_ibu.ibu.anak.beratLahir"
      },
      {
        "name":"persalinan",
        "bind":"/model/instance/register_pnc/persalinan",
        "source":"kartu_ibu.ibu.persalinan"
      },
      {
        "name":"tanggalKalaIAktif",
        "bind":"/model/instance/register_pnc/tanggal__kala_i_aktif",
        "source":"kartu_ibu.ibu.tanggalKalaIAktif"
      },
      {
        "name":"jamKalaIAktif",
        "bind":"/model/instance/register_pnc/jam__kala_i_aktif",
        "source":"kartu_ibu.ibu.jamKalaIAktif"
      },
      {
        "name":"tanggalKalaII",
        "bind":"/model/instance/register_pnc/tanggal__kala_ii",
        "source":"kartu_ibu.ibu.tanggalKalaII"
      },
      {
        "name":"jamKalaII",
        "bind":"/model/instance/register_pnc/jam__kala_ii",
        "source":"kartu_ibu.ibu.jamKalaII"
      },
      {
        "name":"tanggalPlasentaLahir",
        "bind":"/model/instance/register_pnc/tanggal__plasenta_lahir",
        "source":"kartu_ibu.ibu.tanggalPlasentaLahir"
      },
      {
        "name":"jamPlasentaLahir",
        "bind":"/model/instance/register_pnc/jam__plasenta_lahir",
        "source":"kartu_ibu.ibu.jamPlasentaLahir"
      },
      {
        "name":"perdarahanKalaIV2JamPostpartum",
        "bind":"/model/instance/register_pnc/perdarahan_kala_iv_2_jam_postpartum",
        "source":"kartu_ibu.ibu.perdarahanKalaIV2JamPostpartum"
      },
      {
        "name":"persentasi",
        "bind":"/model/instance/register_pnc/persentasi",
        "source":"kartu_ibu.ibu.persentasi"
      },
      {
        "name":"tempatBersalin",
        "bind":"/model/instance/register_pnc/tempat_bersalin",
        "source":"kartu_ibu.ibu.jamKalaII"
      },
      {
        "name":"penolong",
        "bind":"/model/instance/register_pnc/penolong",
        "source":"kartu_ibu.ibu.penolong"
      },
      {
        "name":"penolongLainLain",
        "bind":"/model/instance/register_pnc/penolonglain-lain_ln",
        "source":"kartu_ibu.ibu.penolongLainLain"
      },
      {
        "name":"caraPersalinanIbu",
        "bind":"/model/instance/register_pnc/cara_persalinan_ibu",
        "source":"kartu_ibu.ibu.caraPersalinanIbu"
      },
      {
        "name":"manajemenAktifKalaIII",
        "bind":"/model/instance/register_pnc/manajemen_aktif_kala_iii",
        "source":"kartu_ibu.ibu.manajemenAktifKalaIII"
      },
      {
        "name":"pelayanan",
        "bind":"/model/instance/register_pnc/pelayanan",
        "source":"kartu_ibu.ibu.pelayanan"
      },
      {
        "name":"integrasiProgram",
        "bind":"/model/instance/register_pnc/integrasi_program",
        "source":"kartu_ibu.ibu.integrasiProgram"
      },
      {
        "name":"komplikasi",
        "bind":"/model/instance/register_pnc/komplikasi",
        "source":"kartu_ibu.ibu.komplikasi"
      },
      {
        "name":"komplikasiLainLain",
        "bind":"/model/instance/register_pnc/komplikasi_lain_lain",
        "source":"kartu_ibu.ibu.komplikasiLainLain"
      },
      {
        "name":"dirujukKe",
        "bind":"/model/instance/register_pnc/dirujuk_ke",
        "source":"kartu_ibu.ibu.dirujukKe"
      },
      {
        "name":"dirujukKeLainLain",
        "bind":"/model/instance/register_pnc/dirujuk_kelain-lain",
        "source":"kartu_ibu.ibu.dirujukKeLainLain"
      },
      {
        "name":"alamatBersalin",
        "bind":"/model/instance/register_pnc/alamat_bersalin",
        "source":"kartu_ibu.ibu.alamatBersalin"
      },
      {
        "name":"noBayi",
        "bind":"/model/instance/register_pnc/no_bayi",
        "source":"kartu_ibu.ibu.anak.noBayi"
      },
      {
        "name":"namaBayi",
        "bind":"/model/instance/register_pnc/nama_bayi",
        "source":"kartu_ibu.ibu.anak.namaBayi"
      },
      {
        "name":"tanggalLahirAnak",
        "bind":"/model/instance/register_pnc/tanggal_lahir_anak",
        "source":"kartu_ibu.ibu.anak.tanggalLahirAnak"
      },
      {
        "name":"jenisKelamin",
        "bind":"/model/instance/register_pnc/jenis_kelamin",
        "source":"kartu_ibu.ibu.anak.jenisKelamin"
      },
      {
        "name":"kepemilikan_buku_kia",
        "bind":"/model/instance/register_pnc/kepemilikan_buku_kia",
        "source":"kartu_ibu.ibu.anak.kepemilikan_buku_kia"
      },
      {
        "name":"type",
        "value":"pnc",
        "source":"kartu_ibu.ibu.type"
      },
      {
        "name":"isOutOfArea",
        "value":"false"
      },
      {
        "name":"isClosed",
        "value":"false"
      },
      {
        "name":"isClosed",
        "value":"false",
        "source":"kartu_ibu.ibu.isClosed"
      },
      {
        "name":"isClosed",
        "value":"false",
        "source":"kartu_ibu.ibu.anak.isClosed"
      },
      {
        "name":"isHighRisk",
        "bind":"/model/instance/register_pnc/is_high_risk"
      },
      {
        "name":"isHighRiskChild",
        "bind":"/model/instance/register_pnc/is_high_risk_child",
        "source":"kartu_ibu.ibu.anak.isHighRiskChild"
      },
      {
        "name":"submissionDate",
        "bind":"/model/instance/register_pnc/today"
      },
      {
        "name":"registrationDate",
        "bind":"/model/instance/register_pnc/reg_date"
      },
      {
        "name": "referenceDate",
        "bind": "/model/instance/register_pnc/reference_date",
        "source": "kartu_ibu.ibu.referenceDate"
      }
    ]
  }
}
