<model>
    <instance>
        <register_pnc id="register_pnc" version="201508070302">
          <formhub>
            <uuid/>
          </formhub>
          <start/>
          <today/>
          <deviceid/>
          <simserial/>
          <phonenumber/>
          <generated_note_name_7/>
          <puskesmas/>
          <no_ibu/>
          <nama_lengkap/>
          <nama_suami/>
          <tanggal_lahir_ibu/>
          <umur/>
          <generated_note_name_14/>
          <alamat_domisili/>
          <propinsi>Nusa Tenggara Barat</propinsi>
          <kabupaten>Lombok Tengah</kabupaten>
          <kecamatan/>
          <kecamatanl/>
          <desa1/>
          <desa2/>
          <desa/>
          <dusun1/>
          <dusun2/>
          <dusun/>
          <pendidikan/>
          <agama/>
          <pekerjaan>Ibu rumah tangga</pekerjaan>
          <gakin_tidak/>
          <posyandu/>
          <nama_kader/>
          <nama_dukun/>
          <asuransi_jiwa/>
          <golongan_darah/>
          <nomortelpon/>
          <nomor_telponhp/>
          <generated_note_name_37/>
          <usia_kehamilan_saat_persalinan/>
          <usia_kehamilan_berdasarkan_hpht/>
          <keadaan_ibu/>
          <keadaan_bayi/>
          <berat_bayi_gram/>
          <persalinan/>
          <tanggal__kala_i_aktif/>
          <jam__kala_i_aktif/>
          <tanggal__kala_ii/>
          <jam__kala_ii/>
          <tanggal__plasenta_lahir/>
          <jam__plasenta_lahir/>
          <perdarahan_kala_iv_2_jam_postpartum/>
          <persentasi/>
          <tempat_bersalin/>
          <penolong/>
          <penolonglain-lain_ln/>
          <cara_persalinan_ibu/>
          <manajemen_aktif_kala_iii/>
          <pelayanan/>
          <integrasi_program/>
          <komplikasi/>
          <komplikasilain-lain/>
          <dirujuk_ke/>
          <dirujuk_kelain-lain/>
          <alamat_bersalin/>
          <generated_note_name_64/>
          <no_bayi/>
          <nama_bayi/>
          <tanggal_lahir_anak/>
          <jenis_kelamin/>
          <kepemilikan_buku_kia/>
          <Too_young_risk/>
          <Too_old_mother/>
          <Low_Birthweght_risk/>
          <Very_Low_Birthweight_risk/>
          <preterm_risk/>
          <is_high_risk/>
          <high_risk_reason/>
          <distosia_risk/>
          <hipertensi_dalam_kehamilan_risk/>
          <perdarahan_post-partum_risk/>
          <Infeksi_risk/>
          <sepsis_maternal_risk/>
          <preeklampsi_eklampsi_risk/>
          <Lainnya_risk/>
          <vacum_risk/>
          <forceps_risk/>
          <sectio_caesaria_risk/>
          <is_high_risk_post-partum/>
          <high_risk_post-partum_reason/>
          <is_high_risk_child/>
          <high_risk_child_reason/>
          <high_risk_note/>
          <end/>
          <meta>
            <instanceID/>
          </meta>
        </register_pnc>
      </instance>
    <instance id="individual_accompanying_during_labor">
        <root>
          <item>
            <itextId>static_instance-individual_accompanying_during_labor-0</itextId>
            <name>suami</name>
          </item>
          <item>
            <itextId>static_instance-individual_accompanying_during_labor-1</itextId>
            <name>keluaga</name>
          </item>
          <item>
            <itextId>static_instance-individual_accompanying_during_labor-2</itextId>
            <name>teman</name>
          </item>
          <item>
            <itextId>static_instance-individual_accompanying_during_labor-3</itextId>
            <name>tetangga</name>
          </item>
          <item>
            <itextId>static_instance-individual_accompanying_during_labor-4</itextId>
            <name>lain-lain</name>
          </item>
          <item>
            <itextId>static_instance-individual_accompanying_during_labor-5</itextId>
            <name>tidak_ada</name>
          </item>
        </root>
      </instance>
    <instance id="education">
        <root>
          <item>
            <itextId>static_instance-education-0</itextId>
            <name>sekolah_dasar</name>
          </item>
          <item>
            <itextId>static_instance-education-1</itextId>
            <name>sekolah_menengah_pertama</name>
          </item>
          <item>
            <itextId>static_instance-education-2</itextId>
            <name>sekolah_menengah_atas</name>
          </item>
          <item>
            <itextId>static_instance-education-3</itextId>
            <name>perguruan_tinggi</name>
          </item>
        </root>
      </instance>
    <instance id="insurance">
        <root>
          <item>
            <itextId>static_instance-insurance-0</itextId>
            <name>jaminan_kesehatan_masyarakat</name>
          </item>
          <item>
            <itextId>static_instance-insurance-1</itextId>
            <name>Jamsostek</name>
          </item>
          <item>
            <itextId>static_instance-insurance-2</itextId>
            <name>jaminan_kesehatan_daerah</name>
          </item>
          <item>
            <itextId>static_instance-insurance-3</itextId>
            <name>asuransi_kesehatan</name>
          </item>
          <item>
            <itextId>static_instance-insurance-4</itextId>
            <name>jaminan_persalinan</name>
          </item>
          <item>
            <itextId>static_instance-insurance-5</itextId>
            <name>tidak_ada_asuransi</name>
          </item>
        </root>
      </instance>
    <instance id="previous_labor">
        <root>
          <item>
            <itextId>static_instance-previous_labor-0</itextId>
            <name>normal</name>
          </item>
          <item>
            <itextId>static_instance-previous_labor-1</itextId>
            <name>tidak_normal</name>
          </item>
          <item>
            <itextId>static_instance-previous_labor-2</itextId>
            <name>tidak_ada_persalinan_sebelumnya</name>
          </item>
        </root>
      </instance>
    <instance id="management_of_active_stage_iii">
        <root>
          <item>
            <itextId>static_instance-management_of_active_stage_iii-0</itextId>
            <name>injeksi_oksittosin</name>
          </item>
          <item>
            <itextId>static_instance-management_of_active_stage_iii-1</itextId>
            <name>peregangan_tali_pusat</name>
          </item>
          <item>
            <itextId>static_instance-management_of_active_stage_iii-2</itextId>
            <name>masase_fundus_uteri</name>
          </item>
        </root>
      </instance>
    <instance id="ways_of_mother_delivery">
        <root>
          <item>
            <itextId>static_instance-ways_of_mother_delivery-0</itextId>
            <name>normal</name>
          </item>
          <item>
            <itextId>static_instance-ways_of_mother_delivery-1</itextId>
            <name>vacum</name>
          </item>
          <item>
            <itextId>static_instance-ways_of_mother_delivery-2</itextId>
            <name>forceps</name>
          </item>
          <item>
            <itextId>static_instance-ways_of_mother_delivery-3</itextId>
            <name>sectio_caesaria</name>
          </item>
        </root>
      </instance>
    <instance id="service">
        <root>
          <item>
            <itextId>static_instance-service-0</itextId>
            <name>imd_k_1_jam_l_1_jam</name>
          </item>
          <item>
            <itextId>static_instance-service-1</itextId>
            <name>menggunakan_partograf</name>
          </item>
          <item>
            <itextId>static_instance-service-2</itextId>
            <name>catat_di_buku_kia</name>
          </item>
        </root>
      </instance>
    <instance id="referred_to">
        <root>
          <item>
            <itextId>static_instance-referred_to-0</itextId>
            <name>pusat_kesehatan_masyarakat</name>
          </item>
          <item>
            <itextId>static_instance-referred_to-1</itextId>
            <name>rumah_bersalin</name>
          </item>
          <item>
            <itextId>static_instance-referred_to-2</itextId>
            <name>rumah_sakit_ibu_dan_anak</name>
          </item>
          <item>
            <itextId>static_instance-referred_to-3</itextId>
            <name>rumah_sakit</name>
          </item>
          <item>
            <itextId>static_instance-referred_to-4</itextId>
            <name>lain_lain</name>
          </item>
          <item>
            <itextId>static_instance-referred_to-5</itextId>
            <name>tidak_dirujuk</name>
          </item>
        </root>
      </instance>
    <instance id="condition_of_house">
        <root>
          <item>
            <itextId>static_instance-condition_of_house-0</itextId>
            <name>permanen</name>
          </item>
          <item>
            <itextId>static_instance-condition_of_house-1</itextId>
            <name>tidak_permanen</name>
          </item>
        </root>
      </instance>
    <instance id="desa">
        <root>
          <item>
            <itextId>static_instance-desa-0</itextId>
            <kecamatan>Janapria</kecamatan>
            <name>Lekor</name>
          </item>
          <item>
            <itextId>static_instance-desa-1</itextId>
            <kecamatan>Janapria</kecamatan>
            <name>Jango</name>
          </item>
          <item>
            <itextId>static_instance-desa-2</itextId>
            <kecamatan>Janapria</kecamatan>
            <name>Janapria</name>
          </item>
          <item>
            <itextId>static_instance-desa-3</itextId>
            <kecamatan>Janapria</kecamatan>
            <name>Saba</name>
          </item>
          <item>
            <itextId>static_instance-desa-4</itextId>
            <kecamatan>Janapria</kecamatan>
            <name>Setuta</name>
          </item>
          <item>
            <itextId>static_instance-desa-5</itextId>
            <kecamatan>Janapria</kecamatan>
            <name>Pendem</name>
          </item>
          <item>
            <itextId>static_instance-desa-6</itextId>
            <kecamatan>Janapria</kecamatan>
            <name>Lainnya</name>
          </item>
          <item>
            <itextId>static_instance-desa-7</itextId>
            <kecamatan>Pujut</kecamatan>
            <name>Sengkol</name>
          </item>
          <item>
            <itextId>static_instance-desa-8</itextId>
            <kecamatan>Pujut</kecamatan>
            <name>Tanak Awu</name>
          </item>
          <item>
            <itextId>static_instance-desa-9</itextId>
            <kecamatan>Pujut</kecamatan>
            <name>Ketara</name>
          </item>
          <item>
            <itextId>static_instance-desa-10</itextId>
            <kecamatan>Pujut</kecamatan>
            <name>Kawo</name>
          </item>
          <item>
            <itextId>static_instance-desa-11</itextId>
            <kecamatan>Pujut</kecamatan>
            <name>Pengembur</name>
          </item>
          <item>
            <itextId>static_instance-desa-12</itextId>
            <kecamatan>Pujut</kecamatan>
            <name>PKM Sengkol</name>
          </item>
          <item>
            <itextId>static_instance-desa-13</itextId>
            <kecamatan>Pujut</kecamatan>
            <name>Segala Anyar</name>
          </item>
          <item>
            <itextId>static_instance-desa-14</itextId>
            <kecamatan>Pujut</kecamatan>
            <name>Lainnya</name>
          </item>
        </root>
      </instance>
    <instance id="religion">
        <root>
          <item>
            <itextId>static_instance-religion-0</itextId>
            <name>islam</name>
          </item>
          <item>
            <itextId>static_instance-religion-1</itextId>
            <name>hindu</name>
          </item>
          <item>
            <itextId>static_instance-religion-2</itextId>
            <name>kristen</name>
          </item>
          <item>
            <itextId>static_instance-religion-3</itextId>
            <name>katolik</name>
          </item>
          <item>
            <itextId>static_instance-religion-4</itextId>
            <name>budha</name>
          </item>
          <item>
            <itextId>static_instance-religion-5</itextId>
            <name>lainnya</name>
          </item>
        </root>
      </instance>
    <instance id="blood_donor">
        <root>
          <item>
            <itextId>static_instance-blood_donor-0</itextId>
            <name>suami</name>
          </item>
          <item>
            <itextId>static_instance-blood_donor-1</itextId>
            <name>keluaga</name>
          </item>
          <item>
            <itextId>static_instance-blood_donor-2</itextId>
            <name>teman</name>
          </item>
          <item>
            <itextId>static_instance-blood_donor-3</itextId>
            <name>lain-lain</name>
          </item>
          <item>
            <itextId>static_instance-blood_donor-4</itextId>
            <name>tidak_ada</name>
          </item>
        </root>
      </instance>
    <instance id="maternal_and_child_health_booklet">
        <root>
          <item>
            <itextId>static_instance-maternal_and_child_health_booklet-0</itextId>
            <name>memiliki</name>
          </item>
          <item>
            <itextId>static_instance-maternal_and_child_health_booklet-1</itextId>
            <name>tidak_memiliki</name>
          </item>
        </root>
      </instance>
    <instance id="place">
        <root>
          <item>
            <itextId>static_instance-place-0</itextId>
            <name>rumah</name>
          </item>
          <item>
            <itextId>static_instance-place-1</itextId>
            <name>podok_bersalin_desa</name>
          </item>
          <item>
            <itextId>static_instance-place-2</itextId>
            <name>pusat_kesehatan_masyarakat_pembantu</name>
          </item>
          <item>
            <itextId>static_instance-place-3</itextId>
            <name>pusat_kesehatan_masyarakat</name>
          </item>
          <item>
            <itextId>static_instance-place-4</itextId>
            <name>rumah_bersalin</name>
          </item>
          <item>
            <itextId>static_instance-place-5</itextId>
            <name>rumah_sakit_ibu_dan_anak</name>
          </item>
          <item>
            <itextId>static_instance-place-6</itextId>
            <name>rumah_sakit</name>
          </item>
          <item>
            <itextId>static_instance-place-7</itextId>
            <name>rumah_sakit_orang_dengan_hiv_aids</name>
          </item>
        </root>
      </instance>
    <instance id="presentation">
        <root>
          <item>
            <itextId>static_instance-presentation-0</itextId>
            <name>puncak_kepala</name>
          </item>
          <item>
            <itextId>static_instance-presentation-1</itextId>
            <name>belakang_kepala</name>
          </item>
          <item>
            <itextId>static_instance-presentation-2</itextId>
            <name>lintang_oblique</name>
          </item>
          <item>
            <itextId>static_instance-presentation-3</itextId>
            <name>menumbung</name>
          </item>
          <item>
            <itextId>static_instance-presentation-4</itextId>
            <name>bokong</name>
          </item>
          <item>
            <itextId>static_instance-presentation-5</itextId>
            <name>dahi</name>
          </item>
          <item>
            <itextId>static_instance-presentation-6</itextId>
            <name>muka</name>
          </item>
          <item>
            <itextId>static_instance-presentation-7</itextId>
            <name>kaki</name>
          </item>
          <item>
            <itextId>static_instance-presentation-8</itextId>
            <name>rangkap</name>
          </item>
        </root>
      </instance>
    <instance id="blood_type">
        <root>
          <item>
            <itextId>static_instance-blood_type-0</itextId>
            <name>a</name>
          </item>
          <item>
            <itextId>static_instance-blood_type-1</itextId>
            <name>b</name>
          </item>
          <item>
            <itextId>static_instance-blood_type-2</itextId>
            <name>ab</name>
          </item>
          <item>
            <itextId>static_instance-blood_type-3</itextId>
            <name>o</name>
          </item>
          <item>
            <itextId>static_instance-blood_type-4</itextId>
            <name>NA</name>
          </item>
        </root>
      </instance>
    <instance id="province">
        <root>
          <item>
            <itextId>static_instance-province-0</itextId>
            <name>NTB</name>
          </item>
        </root>
      </instance>
    <instance id="birth_attendant">
        <root>
          <item>
            <itextId>static_instance-birth_attendant-0</itextId>
            <name>keluarga</name>
          </item>
          <item>
            <itextId>static_instance-birth_attendant-1</itextId>
            <name>dukun</name>
          </item>
          <item>
            <itextId>static_instance-birth_attendant-2</itextId>
            <name>bidan</name>
          </item>
          <item>
            <itextId>static_instance-birth_attendant-3</itextId>
            <name>dr.umum</name>
          </item>
          <item>
            <itextId>static_instance-birth_attendant-4</itextId>
            <name>dr.spesialis</name>
          </item>
          <item>
            <itextId>static_instance-birth_attendant-5</itextId>
            <name>lain_lain</name>
          </item>
          <item>
            <itextId>static_instance-birth_attendant-6</itextId>
            <name>tidak_ada</name>
          </item>
        </root>
      </instance>
    <instance id="transportation">
        <root>
          <item>
            <itextId>static_instance-transportation-0</itextId>
            <name>sepeda_motor</name>
          </item>
          <item>
            <itextId>static_instance-transportation-1</itextId>
            <name>mobil</name>
          </item>
          <item>
            <itextId>static_instance-transportation-2</itextId>
            <name>lain-lain</name>
          </item>
        </root>
      </instance>
    <instance id="condition_of_mother">
        <root>
          <item>
            <itextId>static_instance-condition_of_mother-0</itextId>
            <name>hidup</name>
          </item>
          <item>
            <itextId>static_instance-condition_of_mother-1</itextId>
            <name>mati</name>
          </item>
        </root>
      </instance>
    <instance id="maternal_and_child_health_booklet_ownership">
        <root>
          <item>
            <itextId>static_instance-maternal_and_child_health_booklet_ownership-0</itextId>
            <name>ya</name>
          </item>
          <item>
            <itextId>static_instance-maternal_and_child_health_booklet_ownership-1</itextId>
            <name>tidak</name>
          </item>
        </root>
      </instance>
    <instance id="condition_of_baby">
        <root>
          <item>
            <itextId>static_instance-condition_of_baby-0</itextId>
            <name>hidup</name>
          </item>
          <item>
            <itextId>static_instance-condition_of_baby-1</itextId>
            <name>mati</name>
          </item>
        </root>
      </instance>
    <instance id="yes_no">
        <root>
          <item>
            <itextId>static_instance-yes_no-0</itextId>
            <name>Ya</name>
          </item>
          <item>
            <itextId>static_instance-yes_no-1</itextId>
            <name>Tidak</name>
          </item>
        </root>
      </instance>
    <instance id="poor_family_not">
        <root>
          <item>
            <itextId>static_instance-poor_family_not-0</itextId>
            <name>ya</name>
          </item>
          <item>
            <itextId>static_instance-poor_family_not-1</itextId>
            <name>tidak</name>
          </item>
        </root>
      </instance>
    <instance id="dusun">
        <root>
          <item>
            <itextId>static_instance-dusun-0</itextId>
            <kecamatan>Pujut</kecamatan>
            <name>Kale</name>
            <desa>Sengkol</desa>
          </item>
          <item>
            <itextId>static_instance-dusun-1</itextId>
            <kecamatan>Pujut</kecamatan>
            <name>Piyang</name>
            <desa>Sengkol</desa>
          </item>
          <item>
            <itextId>static_instance-dusun-2</itextId>
            <kecamatan>Pujut</kecamatan>
            <name>Soweng</name>
            <desa>Sengkol</desa>
          </item>
          <item>
            <itextId>static_instance-dusun-3</itextId>
            <kecamatan>Pujut</kecamatan>
            <name>Senundal</name>
            <desa>Sengkol</desa>
          </item>
          <item>
            <itextId>static_instance-dusun-4</itextId>
            <kecamatan>Pujut</kecamatan>
            <name>Jomang</name>
            <desa>Sengkol</desa>
          </item>
          <item>
            <itextId>static_instance-dusun-5</itextId>
            <kecamatan>Pujut</kecamatan>
            <name>Penambong</name>
            <desa>Sengkol</desa>
          </item>
          <item>
            <itextId>static_instance-dusun-6</itextId>
            <kecamatan>Pujut</kecamatan>
            <name>Peresak</name>
            <desa>Sengkol</desa>
          </item>
          <item>
            <itextId>static_instance-dusun-7</itextId>
            <kecamatan>Pujut</kecamatan>
            <name>Pesarih</name>
            <desa>Sengkol</desa>
          </item>
          <item>
            <itextId>static_instance-dusun-8</itextId>
            <kecamatan>Pujut</kecamatan>
            <name>Sedo</name>
            <desa>Sengkol</desa>
          </item>
          <item>
            <itextId>static_instance-dusun-9</itextId>
            <kecamatan>Pujut</kecamatan>
            <name>Lotir</name>
            <desa>Sengkol</desa>
          </item>
          <item>
            <itextId>static_instance-dusun-10</itextId>
            <kecamatan>Pujut</kecamatan>
            <name>Belong</name>
            <desa>Sengkol</desa>
          </item>
          <item>
            <itextId>static_instance-dusun-11</itextId>
            <kecamatan>Pujut</kecamatan>
            <name>Sereneng</name>
            <desa>Sengkol</desa>
          </item>
          <item>
            <itextId>static_instance-dusun-12</itextId>
            <kecamatan>Pujut</kecamatan>
            <name>Sengkol I</name>
            <desa>Sengkol</desa>
          </item>
          <item>
            <itextId>static_instance-dusun-13</itextId>
            <kecamatan>Pujut</kecamatan>
            <name>Sengkol II</name>
            <desa>Sengkol</desa>
          </item>
          <item>
            <itextId>static_instance-dusun-14</itextId>
            <kecamatan>Pujut</kecamatan>
            <name>Junge</name>
            <desa>Sengkol</desa>
          </item>
          <item>
            <itextId>static_instance-dusun-15</itextId>
            <kecamatan>Pujut</kecamatan>
            <name>Gentang</name>
            <desa>Sengkol</desa>
          </item>
          <item>
            <itextId>static_instance-dusun-16</itextId>
            <kecamatan>Pujut</kecamatan>
            <name>Tajuk</name>
            <desa>Sengkol</desa>
          </item>
          <item>
            <itextId>static_instance-dusun-17</itextId>
            <kecamatan>Pujut</kecamatan>
            <name>Rebile</name>
            <desa>Tanak Awu</desa>
          </item>
          <item>
            <itextId>static_instance-dusun-18</itextId>
            <kecamatan>Pujut</kecamatan>
            <name>Perendik</name>
            <desa>Tanak Awu</desa>
          </item>
          <item>
            <itextId>static_instance-dusun-19</itextId>
            <kecamatan>Pujut</kecamatan>
            <name>Tanak Awu I</name>
            <desa>Tanak Awu</desa>
          </item>
          <item>
            <itextId>static_instance-dusun-20</itextId>
            <kecamatan>Pujut</kecamatan>
            <name>Tanak Awu II</name>
            <desa>Tanak Awu</desa>
          </item>
          <item>
            <itextId>static_instance-dusun-21</itextId>
            <kecamatan>Pujut</kecamatan>
            <name>Selawang</name>
            <desa>Tanak Awu</desa>
          </item>
          <item>
            <itextId>static_instance-dusun-22</itextId>
            <kecamatan>Pujut</kecamatan>
            <name>Reak I</name>
            <desa>Tanak Awu</desa>
          </item>
          <item>
            <itextId>static_instance-dusun-23</itextId>
            <kecamatan>Pujut</kecamatan>
            <name>Reak II</name>
            <desa>Tanak Awu</desa>
          </item>
          <item>
            <itextId>static_instance-dusun-24</itextId>
            <kecamatan>Pujut</kecamatan>
            <name>Singe</name>
            <desa>Tanak Awu</desa>
          </item>
          <item>
            <itextId>static_instance-dusun-25</itextId>
            <kecamatan>Pujut</kecamatan>
            <name>Gantang Lauk</name>
            <desa>Tanak Awu</desa>
          </item>
          <item>
            <itextId>static_instance-dusun-26</itextId>
            <kecamatan>Pujut</kecamatan>
            <name>Gantang Daye</name>
            <desa>Tanak Awu</desa>
          </item>
          <item>
            <itextId>static_instance-dusun-27</itextId>
            <kecamatan>Pujut</kecamatan>
            <name>Tatak</name>
            <desa>Tanak Awu</desa>
          </item>
          <item>
            <itextId>static_instance-dusun-28</itextId>
            <kecamatan>Pujut</kecamatan>
            <name>Tanak Awu Bat</name>
            <desa>Tanak Awu</desa>
          </item>
          <item>
            <itextId>static_instance-dusun-29</itextId>
            <kecamatan>Pujut</kecamatan>
            <name>Tanpok</name>
            <desa>Tanak Awu</desa>
          </item>
          <item>
            <itextId>static_instance-dusun-30</itextId>
            <kecamatan>Pujut</kecamatan>
            <name>Jambek</name>
            <desa>Tanak Awu</desa>
          </item>
          <item>
            <itextId>static_instance-dusun-31</itextId>
            <kecamatan>Pujut</kecamatan>
            <name>Sempalan</name>
            <desa>Ketara</desa>
          </item>
          <item>
            <itextId>static_instance-dusun-32</itextId>
            <kecamatan>Pujut</kecamatan>
            <name>Sarah</name>
            <desa>Ketara</desa>
          </item>
          <item>
            <itextId>static_instance-dusun-33</itextId>
            <kecamatan>Pujut</kecamatan>
            <name>Reban</name>
            <desa>Ketara</desa>
          </item>
          <item>
            <itextId>static_instance-dusun-34</itextId>
            <kecamatan>Pujut</kecamatan>
            <name>Plangsang</name>
            <desa>Ketara</desa>
          </item>
          <item>
            <itextId>static_instance-dusun-35</itextId>
            <kecamatan>Pujut</kecamatan>
            <name>Bagek Dewe</name>
            <desa>Ketara</desa>
          </item>
          <item>
            <itextId>static_instance-dusun-36</itextId>
            <kecamatan>Pujut</kecamatan>
            <name>Ketare</name>
            <desa>Ketara</desa>
          </item>
          <item>
            <itextId>static_instance-dusun-37</itextId>
            <kecamatan>Pujut</kecamatan>
            <name>Dese</name>
            <desa>Ketara</desa>
          </item>
          <item>
            <itextId>static_instance-dusun-38</itextId>
            <kecamatan>Pujut</kecamatan>
            <name>Dayen Rurung</name>
            <desa>Ketara</desa>
          </item>
          <item>
            <itextId>static_instance-dusun-39</itextId>
            <kecamatan>Pujut</kecamatan>
            <name>Selak</name>
            <desa>Ketara</desa>
          </item>
          <item>
            <itextId>static_instance-dusun-40</itextId>
            <kecamatan>Pujut</kecamatan>
            <name>Lebak</name>
            <desa>Ketara</desa>
          </item>
          <item>
            <itextId>static_instance-dusun-41</itextId>
            <kecamatan>Pujut</kecamatan>
            <name>Sampet</name>
            <desa>Ketara</desa>
          </item>
          <item>
            <itextId>static_instance-dusun-42</itextId>
            <kecamatan>Pujut</kecamatan>
            <name>Perigi</name>
            <desa>Ketara</desa>
          </item>
          <item>
            <itextId>static_instance-dusun-43</itextId>
            <kecamatan>Pujut</kecamatan>
            <name>Abe</name>
            <desa>Ketara</desa>
          </item>
          <item>
            <itextId>static_instance-dusun-44</itextId>
            <kecamatan>Pujut</kecamatan>
            <name>Kampu</name>
            <desa>Ketara</desa>
          </item>
          <item>
            <itextId>static_instance-dusun-45</itextId>
            <kecamatan>Pujut</kecamatan>
            <name>Embung Rungkas</name>
            <desa>Ketara</desa>
          </item>
          <item>
            <itextId>static_instance-dusun-46</itextId>
            <kecamatan>Pujut</kecamatan>
            <name>Bale Montong I</name>
            <desa>Kawo</desa>
          </item>
          <item>
            <itextId>static_instance-dusun-47</itextId>
            <kecamatan>Pujut</kecamatan>
            <name>Bale Montong II</name>
            <desa>Kawo</desa>
          </item>
          <item>
            <itextId>static_instance-dusun-48</itextId>
            <kecamatan>Pujut</kecamatan>
            <name>Batu Bangke</name>
            <desa>Kawo</desa>
          </item>
          <item>
            <itextId>static_instance-dusun-49</itextId>
            <kecamatan>Pujut</kecamatan>
            <name>Pengadang</name>
            <desa>Kawo</desa>
          </item>
          <item>
            <itextId>static_instance-dusun-50</itextId>
            <kecamatan>Pujut</kecamatan>
            <name>Karang Jangkong</name>
            <desa>Kawo</desa>
          </item>
          <item>
            <itextId>static_instance-dusun-51</itextId>
            <kecamatan>Pujut</kecamatan>
            <name>Balen Along</name>
            <desa>Kawo</desa>
          </item>
          <item>
            <itextId>static_instance-dusun-52</itextId>
            <kecamatan>Pujut</kecamatan>
            <name>Dayen Kubur</name>
            <desa>Kawo</desa>
          </item>
          <item>
            <itextId>static_instance-dusun-53</itextId>
            <kecamatan>Pujut</kecamatan>
            <name>Gubuk Direk</name>
            <desa>Kawo</desa>
          </item>
          <item>
            <itextId>static_instance-dusun-54</itextId>
            <kecamatan>Pujut</kecamatan>
            <name>Sarang Angin</name>
            <desa>Kawo</desa>
          </item>
          <item>
            <itextId>static_instance-dusun-55</itextId>
            <kecamatan>Pujut</kecamatan>
            <name>Karang Daye</name>
            <desa>Kawo</desa>
          </item>
          <item>
            <itextId>static_instance-dusun-56</itextId>
            <kecamatan>Pujut</kecamatan>
            <name>Gilik</name>
            <desa>Kawo</desa>
          </item>
          <item>
            <itextId>static_instance-dusun-57</itextId>
            <kecamatan>Pujut</kecamatan>
            <name>Gampung</name>
            <desa>Kawo</desa>
          </item>
          <item>
            <itextId>static_instance-dusun-58</itextId>
            <kecamatan>Pujut</kecamatan>
            <name>Wareng</name>
            <desa>Kawo</desa>
          </item>
          <item>
            <itextId>static_instance-dusun-59</itextId>
            <kecamatan>Pujut</kecamatan>
            <name>Pance</name>
            <desa>Kawo</desa>
          </item>
          <item>
            <itextId>static_instance-dusun-60</itextId>
            <kecamatan>Pujut</kecamatan>
            <name>Bumi Gora</name>
            <desa>Kawo</desa>
          </item>
          <item>
            <itextId>static_instance-dusun-61</itextId>
            <kecamatan>Pujut</kecamatan>
            <name>Buntereng</name>
            <desa>Kawo</desa>
          </item>
          <item>
            <itextId>static_instance-dusun-62</itextId>
            <kecamatan>Pujut</kecamatan>
            <name>Gonjong</name>
            <desa>Kawo</desa>
          </item>
          <item>
            <itextId>static_instance-dusun-63</itextId>
            <kecamatan>Pujut</kecamatan>
            <name>Pengembur I</name>
            <desa>Pengembur</desa>
          </item>
          <item>
            <itextId>static_instance-dusun-64</itextId>
            <kecamatan>Pujut</kecamatan>
            <name>Pengembur II</name>
            <desa>Pengembur</desa>
          </item>
          <item>
            <itextId>static_instance-dusun-65</itextId>
            <kecamatan>Pujut</kecamatan>
            <name>Pengembur III</name>
            <desa>Pengembur</desa>
          </item>
          <item>
            <itextId>static_instance-dusun-66</itextId>
            <kecamatan>Pujut</kecamatan>
            <name>Penyampi</name>
            <desa>Pengembur</desa>
          </item>
          <item>
            <itextId>static_instance-dusun-67</itextId>
            <kecamatan>Pujut</kecamatan>
            <name>Batu Belek</name>
            <desa>Pengembur</desa>
          </item>
          <item>
            <itextId>static_instance-dusun-68</itextId>
            <kecamatan>Pujut</kecamatan>
            <name>Tawah</name>
            <desa>Pengembur</desa>
          </item>
          <item>
            <itextId>static_instance-dusun-69</itextId>
            <kecamatan>Pujut</kecamatan>
            <name>Perigi</name>
            <desa>Pengembur</desa>
          </item>
          <item>
            <itextId>static_instance-dusun-70</itextId>
            <kecamatan>Pujut</kecamatan>
            <name>Sinah</name>
            <desa>Pengembur</desa>
          </item>
          <item>
            <itextId>static_instance-dusun-71</itextId>
            <kecamatan>Pujut</kecamatan>
            <name>Siwang</name>
            <desa>Pengembur</desa>
          </item>
          <item>
            <itextId>static_instance-dusun-72</itextId>
            <kecamatan>Pujut</kecamatan>
            <name>Tamping</name>
            <desa>Pengembur</desa>
          </item>
          <item>
            <itextId>static_instance-dusun-73</itextId>
            <kecamatan>Pujut</kecamatan>
            <name>Sepit</name>
            <desa>Pengembur</desa>
          </item>
          <item>
            <itextId>static_instance-dusun-74</itextId>
            <kecamatan>Pujut</kecamatan>
            <name>Keramat</name>
            <desa>Pengembur</desa>
          </item>
          <item>
            <itextId>static_instance-dusun-75</itextId>
            <kecamatan>Pujut</kecamatan>
            <name>Anak Anjan</name>
            <desa>Segala Anyar</desa>
          </item>
          <item>
            <itextId>static_instance-dusun-76</itextId>
            <kecamatan>Pujut</kecamatan>
            <name>Kadik I</name>
            <desa>Segala Anyar</desa>
          </item>
          <item>
            <itextId>static_instance-dusun-77</itextId>
            <kecamatan>Pujut</kecamatan>
            <name>Kadik II</name>
            <desa>Segala Anyar</desa>
          </item>
          <item>
            <itextId>static_instance-dusun-78</itextId>
            <kecamatan>Pujut</kecamatan>
            <name>Penupi</name>
            <desa>Segala Anyar</desa>
          </item>
          <item>
            <itextId>static_instance-dusun-79</itextId>
            <kecamatan>Pujut</kecamatan>
            <name>Penaok</name>
            <desa>Segala Anyar</desa>
          </item>
          <item>
            <itextId>static_instance-dusun-80</itextId>
            <kecamatan>Pujut</kecamatan>
            <name>Dasan Duah</name>
            <desa>Segala Anyar</desa>
          </item>
          <item>
            <itextId>static_instance-dusun-81</itextId>
            <kecamatan>Pujut</kecamatan>
            <name>Lamben</name>
            <desa>Segala Anyar</desa>
          </item>
          <item>
            <itextId>static_instance-dusun-82</itextId>
            <kecamatan>Pujut</kecamatan>
            <name>Segale</name>
            <desa>Segala Anyar</desa>
          </item>
          <item>
            <itextId>static_instance-dusun-83</itextId>
            <kecamatan>Pujut</kecamatan>
            <name>Karang baru</name>
            <desa>Segala Anyar</desa>
          </item>
          <item>
            <itextId>static_instance-dusun-84</itextId>
            <kecamatan>Pujut</kecamatan>
            <name>Tenang Baru</name>
            <desa>Segala Anyar</desa>
          </item>
          <item>
            <itextId>static_instance-dusun-85</itextId>
            <kecamatan>Pujut</kecamatan>
            <name>Tenang</name>
            <desa>Segala Anyar</desa>
          </item>
          <item>
            <itextId>static_instance-dusun-86</itextId>
            <kecamatan>Pujut</kecamatan>
            <name>Bolok</name>
            <desa>Segala Anyar</desa>
          </item>
          <item>
            <itextId>static_instance-dusun-87</itextId>
            <kecamatan>Janapria</kecamatan>
            <name>Lekor Barat</name>
            <desa>Lekor</desa>
          </item>
          <item>
            <itextId>static_instance-dusun-88</itextId>
            <kecamatan>Janapria</kecamatan>
            <name>Lekor Timur</name>
            <desa>Lekor</desa>
          </item>
          <item>
            <itextId>static_instance-dusun-89</itextId>
            <kecamatan>Janapria</kecamatan>
            <name>Lekor Tengah</name>
            <desa>Lekor</desa>
          </item>
          <item>
            <itextId>static_instance-dusun-90</itextId>
            <kecamatan>Janapria</kecamatan>
            <name>Sandat</name>
            <desa>Lekor</desa>
          </item>
          <item>
            <itextId>static_instance-dusun-91</itextId>
            <kecamatan>Janapria</kecamatan>
            <name>Bare Putih</name>
            <desa>Lekor</desa>
          </item>
          <item>
            <itextId>static_instance-dusun-92</itextId>
            <kecamatan>Janapria</kecamatan>
            <name>Pelapak</name>
            <desa>Lekor</desa>
          </item>
          <item>
            <itextId>static_instance-dusun-93</itextId>
            <kecamatan>Janapria</kecamatan>
            <name>Menteger</name>
            <desa>Lekor</desa>
          </item>
          <item>
            <itextId>static_instance-dusun-94</itextId>
            <kecamatan>Janapria</kecamatan>
            <name>Ambat</name>
            <desa>Lekor</desa>
          </item>
          <item>
            <itextId>static_instance-dusun-95</itextId>
            <kecamatan>Janapria</kecamatan>
            <name>Berenge</name>
            <desa>Lekor</desa>
          </item>
          <item>
            <itextId>static_instance-dusun-96</itextId>
            <kecamatan>Janapria</kecamatan>
            <name>Pepao Barat I</name>
            <desa>Lekor</desa>
          </item>
          <item>
            <itextId>static_instance-dusun-97</itextId>
            <kecamatan>Janapria</kecamatan>
            <name>Pepao Barat II</name>
            <desa>Lekor</desa>
          </item>
          <item>
            <itextId>static_instance-dusun-98</itextId>
            <kecamatan>Janapria</kecamatan>
            <name>Pepao Timur</name>
            <desa>Lekor</desa>
          </item>
          <item>
            <itextId>static_instance-dusun-99</itextId>
            <kecamatan>Janapria</kecamatan>
            <name>Presak</name>
            <desa>Lekor</desa>
          </item>
          <item>
            <itextId>static_instance-dusun-100</itextId>
            <kecamatan>Janapria</kecamatan>
            <name>Lendang Jawe</name>
            <desa>Lekor</desa>
          </item>
          <item>
            <itextId>static_instance-dusun-101</itextId>
            <kecamatan>Janapria</kecamatan>
            <name>Kapet</name>
            <desa>Lekor</desa>
          </item>
          <item>
            <itextId>static_instance-dusun-102</itextId>
            <kecamatan>Janapria</kecamatan>
            <name>Lempenge</name>
            <desa>Lekor</desa>
          </item>
          <item>
            <itextId>static_instance-dusun-103</itextId>
            <kecamatan>Janapria</kecamatan>
            <name>Montong Bile</name>
            <desa>Lekor</desa>
          </item>
          <item>
            <itextId>static_instance-dusun-104</itextId>
            <kecamatan>Janapria</kecamatan>
            <name>Gulung</name>
            <desa>Lekor</desa>
          </item>
          <item>
            <itextId>static_instance-dusun-105</itextId>
            <kecamatan>Janapria</kecamatan>
            <name>Walun</name>
            <desa>Lekor</desa>
          </item>
          <item>
            <itextId>static_instance-dusun-106</itextId>
            <kecamatan>Janapria</kecamatan>
            <name>Belo</name>
            <desa>Lekor</desa>
          </item>
          <item>
            <itextId>static_instance-dusun-107</itextId>
            <kecamatan>Janapria</kecamatan>
            <name>Dongger</name>
            <desa>Lekor</desa>
          </item>
          <item>
            <itextId>static_instance-dusun-108</itextId>
            <kecamatan>Janapria</kecamatan>
            <name>Wiyung</name>
            <desa>Lekor</desa>
          </item>
          <item>
            <itextId>static_instance-dusun-109</itextId>
            <kecamatan>Janapria</kecamatan>
            <name>Embung Wile</name>
            <desa>Lekor</desa>
          </item>
          <item>
            <itextId>static_instance-dusun-110</itextId>
            <kecamatan>Janapria</kecamatan>
            <name>Santong</name>
            <desa>Lekor</desa>
          </item>
          <item>
            <itextId>static_instance-dusun-111</itextId>
            <kecamatan>Janapria</kecamatan>
            <name>Selaping</name>
            <desa>Lekor</desa>
          </item>
          <item>
            <itextId>static_instance-dusun-112</itextId>
            <kecamatan>Janapria</kecamatan>
            <name>Sondo</name>
            <desa>Lekor</desa>
          </item>
          <item>
            <itextId>static_instance-dusun-113</itextId>
            <kecamatan>Janapria</kecamatan>
            <name>Lengkok Bunut</name>
            <desa>Lekor</desa>
          </item>
          <item>
            <itextId>static_instance-dusun-114</itextId>
            <kecamatan>Janapria</kecamatan>
            <name>Renge</name>
            <desa>Lekor</desa>
          </item>
          <item>
            <itextId>static_instance-dusun-115</itextId>
            <kecamatan>Janapria</kecamatan>
            <name>Taken-Aken</name>
            <desa>Lekor</desa>
          </item>
          <item>
            <itextId>static_instance-dusun-116</itextId>
            <kecamatan>Janapria</kecamatan>
            <name>Sesok</name>
            <desa>Jango</desa>
          </item>
          <item>
            <itextId>static_instance-dusun-117</itextId>
            <kecamatan>Janapria</kecamatan>
            <name>Puntik Baru</name>
            <desa>Jango</desa>
          </item>
          <item>
            <itextId>static_instance-dusun-118</itextId>
            <kecamatan>Janapria</kecamatan>
            <name>Prigi</name>
            <desa>Jango</desa>
          </item>
          <item>
            <itextId>static_instance-dusun-119</itextId>
            <kecamatan>Janapria</kecamatan>
            <name>Jango Utara</name>
            <desa>Jango</desa>
          </item>
          <item>
            <itextId>static_instance-dusun-120</itextId>
            <kecamatan>Janapria</kecamatan>
            <name>Jango Selatan</name>
            <desa>Jango</desa>
          </item>
          <item>
            <itextId>static_instance-dusun-121</itextId>
            <kecamatan>Janapria</kecamatan>
            <name>Batu Ngreng</name>
            <desa>Jango</desa>
          </item>
          <item>
            <itextId>static_instance-dusun-122</itextId>
            <kecamatan>Janapria</kecamatan>
            <name>Arba</name>
            <desa>Jango</desa>
          </item>
          <item>
            <itextId>static_instance-dusun-123</itextId>
            <kecamatan>Janapria</kecamatan>
            <name>Rungkang Barat</name>
            <desa>Jango</desa>
          </item>
          <item>
            <itextId>static_instance-dusun-124</itextId>
            <kecamatan>Janapria</kecamatan>
            <name>Rungkang Timur</name>
            <desa>Jango</desa>
          </item>
          <item>
            <itextId>static_instance-dusun-125</itextId>
            <kecamatan>Janapria</kecamatan>
            <name>Gerepek</name>
            <desa>Jango</desa>
          </item>
          <item>
            <itextId>static_instance-dusun-126</itextId>
            <kecamatan>Janapria</kecamatan>
            <name>Kampung Baru</name>
            <desa>Jango</desa>
          </item>
          <item>
            <itextId>static_instance-dusun-127</itextId>
            <kecamatan>Janapria</kecamatan>
            <name>Kenyalu Barat</name>
            <desa>Jango</desa>
          </item>
          <item>
            <itextId>static_instance-dusun-128</itextId>
            <kecamatan>Janapria</kecamatan>
            <name>Kenyalu Timur</name>
            <desa>Jango</desa>
          </item>
          <item>
            <itextId>static_instance-dusun-129</itextId>
            <kecamatan>Janapria</kecamatan>
            <name>Kenyalu Selatan</name>
            <desa>Jango</desa>
          </item>
          <item>
            <itextId>static_instance-dusun-130</itextId>
            <kecamatan>Janapria</kecamatan>
            <name>Kenyalu Utara</name>
            <desa>Jango</desa>
          </item>
          <item>
            <itextId>static_instance-dusun-131</itextId>
            <kecamatan>Janapria</kecamatan>
            <name>Kenyalu Tengah</name>
            <desa>Jango</desa>
          </item>
          <item>
            <itextId>static_instance-dusun-132</itextId>
            <kecamatan>Janapria</kecamatan>
            <name>Perok Timur</name>
            <desa>Janapria</desa>
          </item>
          <item>
            <itextId>static_instance-dusun-133</itextId>
            <kecamatan>Janapria</kecamatan>
            <name>Perok Barat</name>
            <desa>Janapria</desa>
          </item>
          <item>
            <itextId>static_instance-dusun-134</itextId>
            <kecamatan>Janapria</kecamatan>
            <name>Tempek-Empek</name>
            <desa>Janapria</desa>
          </item>
          <item>
            <itextId>static_instance-dusun-135</itextId>
            <kecamatan>Janapria</kecamatan>
            <name>Nunang I</name>
            <desa>Janapria</desa>
          </item>
          <item>
            <itextId>static_instance-dusun-136</itextId>
            <kecamatan>Janapria</kecamatan>
            <name>Pengebat</name>
            <desa>Janapria</desa>
          </item>
          <item>
            <itextId>static_instance-dusun-137</itextId>
            <kecamatan>Janapria</kecamatan>
            <name>Sadah</name>
            <desa>Janapria</desa>
          </item>
          <item>
            <itextId>static_instance-dusun-138</itextId>
            <kecamatan>Janapria</kecamatan>
            <name>Batu Bangus</name>
            <desa>Janapria</desa>
          </item>
          <item>
            <itextId>static_instance-dusun-139</itextId>
            <kecamatan>Janapria</kecamatan>
            <name>Batu Kembar I</name>
            <desa>Janapria</desa>
          </item>
          <item>
            <itextId>static_instance-dusun-140</itextId>
            <kecamatan>Janapria</kecamatan>
            <name>Batu Kembar II</name>
            <desa>Janapria</desa>
          </item>
          <item>
            <itextId>static_instance-dusun-141</itextId>
            <kecamatan>Janapria</kecamatan>
            <name>Penambong</name>
            <desa>Janapria</desa>
          </item>
          <item>
            <itextId>static_instance-dusun-142</itextId>
            <kecamatan>Janapria</kecamatan>
            <name>Lemokek</name>
            <desa>Janapria</desa>
          </item>
          <item>
            <itextId>static_instance-dusun-143</itextId>
            <kecamatan>Janapria</kecamatan>
            <name>Lambah Olot</name>
            <desa>Janapria</desa>
          </item>
          <item>
            <itextId>static_instance-dusun-144</itextId>
            <kecamatan>Janapria</kecamatan>
            <name>Tonjong</name>
            <desa>Janapria</desa>
          </item>
          <item>
            <itextId>static_instance-dusun-145</itextId>
            <kecamatan>Janapria</kecamatan>
            <name>Jembe Barat</name>
            <desa>Saba</desa>
          </item>
          <item>
            <itextId>static_instance-dusun-146</itextId>
            <kecamatan>Janapria</kecamatan>
            <name>Jembe Timur</name>
            <desa>Saba</desa>
          </item>
          <item>
            <itextId>static_instance-dusun-147</itextId>
            <kecamatan>Janapria</kecamatan>
            <name>Jembe Utara</name>
            <desa>Saba</desa>
          </item>
          <item>
            <itextId>static_instance-dusun-148</itextId>
            <kecamatan>Janapria</kecamatan>
            <name>Selek</name>
            <desa>Saba</desa>
          </item>
          <item>
            <itextId>static_instance-dusun-149</itextId>
            <kecamatan>Janapria</kecamatan>
            <name>Selek Direk</name>
            <desa>Saba</desa>
          </item>
          <item>
            <itextId>static_instance-dusun-150</itextId>
            <kecamatan>Janapria</kecamatan>
            <name>Masjaya</name>
            <desa>Saba</desa>
          </item>
          <item>
            <itextId>static_instance-dusun-151</itextId>
            <kecamatan>Janapria</kecamatan>
            <name>Melati</name>
            <desa>Saba</desa>
          </item>
          <item>
            <itextId>static_instance-dusun-152</itextId>
            <kecamatan>Janapria</kecamatan>
            <name>Gundu</name>
            <desa>Saba</desa>
          </item>
          <item>
            <itextId>static_instance-dusun-153</itextId>
            <kecamatan>Janapria</kecamatan>
            <name>Janggawana Selatan</name>
            <desa>Saba</desa>
          </item>
          <item>
            <itextId>static_instance-dusun-154</itextId>
            <kecamatan>Janapria</kecamatan>
            <name>Janggawana Utara</name>
            <desa>Saba</desa>
          </item>
          <item>
            <itextId>static_instance-dusun-155</itextId>
            <kecamatan>Janapria</kecamatan>
            <name>Janggawana</name>
            <desa>Saba</desa>
          </item>
          <item>
            <itextId>static_instance-dusun-156</itextId>
            <kecamatan>Janapria</kecamatan>
            <name>Janggawana Tengah</name>
            <desa>Saba</desa>
          </item>
          <item>
            <itextId>static_instance-dusun-157</itextId>
            <kecamatan>Janapria</kecamatan>
            <name>Sengkerek</name>
            <desa>Saba</desa>
          </item>
          <item>
            <itextId>static_instance-dusun-158</itextId>
            <kecamatan>Janapria</kecamatan>
            <name>Keruak</name>
            <desa>Saba</desa>
          </item>
          <item>
            <itextId>static_instance-dusun-159</itextId>
            <kecamatan>Janapria</kecamatan>
            <name>Keruak Utara</name>
            <desa>Saba</desa>
          </item>
          <item>
            <itextId>static_instance-dusun-160</itextId>
            <kecamatan>Janapria</kecamatan>
            <name>Presak Sanggeng</name>
            <desa>Saba</desa>
          </item>
          <item>
            <itextId>static_instance-dusun-161</itextId>
            <kecamatan>Janapria</kecamatan>
            <name>Pengempok</name>
            <desa>Saba</desa>
          </item>
          <item>
            <itextId>static_instance-dusun-162</itextId>
            <kecamatan>Janapria</kecamatan>
            <name>Lingkok Buak Barat</name>
            <desa>Saba</desa>
          </item>
          <item>
            <itextId>static_instance-dusun-163</itextId>
            <kecamatan>Janapria</kecamatan>
            <name>Lingkok Buak Timur</name>
            <desa>Saba</desa>
          </item>
          <item>
            <itextId>static_instance-dusun-164</itextId>
            <kecamatan>Janapria</kecamatan>
            <name>Lingkok Buak Tengah</name>
            <desa>Saba</desa>
          </item>
          <item>
            <itextId>static_instance-dusun-165</itextId>
            <kecamatan>Janapria</kecamatan>
            <name>Terentem</name>
            <desa>Saba</desa>
          </item>
          <item>
            <itextId>static_instance-dusun-166</itextId>
            <kecamatan>Janapria</kecamatan>
            <name>Tentram</name>
            <desa>Saba</desa>
          </item>
          <item>
            <itextId>static_instance-dusun-167</itextId>
            <kecamatan>Janapria</kecamatan>
            <name>Suangke</name>
            <desa>Saba</desa>
          </item>
          <item>
            <itextId>static_instance-dusun-168</itextId>
            <kecamatan>Janapria</kecamatan>
            <name>Siwi</name>
            <desa>Setuta</desa>
          </item>
          <item>
            <itextId>static_instance-dusun-169</itextId>
            <kecamatan>Janapria</kecamatan>
            <name>Nunang Selatan</name>
            <desa>Setuta</desa>
          </item>
          <item>
            <itextId>static_instance-dusun-170</itextId>
            <kecamatan>Janapria</kecamatan>
            <name>Juna</name>
            <desa>Setuta</desa>
          </item>
          <item>
            <itextId>static_instance-dusun-171</itextId>
            <kecamatan>Janapria</kecamatan>
            <name>Setuta Timur</name>
            <desa>Setuta</desa>
          </item>
          <item>
            <itextId>static_instance-dusun-172</itextId>
            <kecamatan>Janapria</kecamatan>
            <name>Setuta Barat</name>
            <desa>Setuta</desa>
          </item>
          <item>
            <itextId>static_instance-dusun-173</itextId>
            <kecamatan>Janapria</kecamatan>
            <name>Liwung Satu</name>
            <desa>Setuta</desa>
          </item>
          <item>
            <itextId>static_instance-dusun-174</itextId>
            <kecamatan>Janapria</kecamatan>
            <name>Liwung Dua</name>
            <desa>Setuta</desa>
          </item>
          <item>
            <itextId>static_instance-dusun-175</itextId>
            <kecamatan>Janapria</kecamatan>
            <name>Batu Belek</name>
            <desa>Setuta</desa>
          </item>
          <item>
            <itextId>static_instance-dusun-176</itextId>
            <kecamatan>Janapria</kecamatan>
            <name>Biletawah</name>
            <desa>Setuta</desa>
          </item>
          <item>
            <itextId>static_instance-dusun-177</itextId>
            <kecamatan>Janapria</kecamatan>
            <name>Pendem</name>
            <desa>Pendem</desa>
          </item>
          <item>
            <itextId>static_instance-dusun-178</itextId>
            <kecamatan>Janapria</kecamatan>
            <name>Nyangget</name>
            <desa>Pendem</desa>
          </item>
          <item>
            <itextId>static_instance-dusun-179</itextId>
            <kecamatan>Janapria</kecamatan>
            <name>Maliklo</name>
            <desa>Pendem</desa>
          </item>
          <item>
            <itextId>static_instance-dusun-180</itextId>
            <kecamatan>Janapria</kecamatan>
            <name>Montong Bile</name>
            <desa>Pendem</desa>
          </item>
          <item>
            <itextId>static_instance-dusun-181</itextId>
            <kecamatan>Janapria</kecamatan>
            <name>Gelondong</name>
            <desa>Pendem</desa>
          </item>
          <item>
            <itextId>static_instance-dusun-182</itextId>
            <kecamatan>Janapria</kecamatan>
            <name>Penuntut</name>
            <desa>Pendem</desa>
          </item>
          <item>
            <itextId>static_instance-dusun-183</itextId>
            <kecamatan>Janapria</kecamatan>
            <name>Kuang</name>
            <desa>Pendem</desa>
          </item>
          <item>
            <itextId>static_instance-dusun-184</itextId>
            <kecamatan>Janapria</kecamatan>
            <name>Lekong Bangkon</name>
            <desa>Pendem</desa>
          </item>
          <item>
            <itextId>static_instance-dusun-185</itextId>
            <kecamatan>Janapria</kecamatan>
            <name>Jangka</name>
            <desa>Pendem</desa>
          </item>
          <item>
            <itextId>static_instance-dusun-186</itextId>
            <kecamatan>Janapria</kecamatan>
            <name>Jelitong</name>
            <desa>Pendem</desa>
          </item>
          <item>
            <itextId>static_instance-dusun-187</itextId>
            <kecamatan>Janapria</kecamatan>
            <name>Gelung</name>
            <desa>Pendem</desa>
          </item>
          <item>
            <itextId>static_instance-dusun-188</itextId>
            <kecamatan>Janapria</kecamatan>
            <name>Piling</name>
            <desa>Pendem</desa>
          </item>
          <item>
            <itextId>static_instance-dusun-189</itextId>
            <kecamatan>Janapria</kecamatan>
            <name>Petorok</name>
            <desa>Pendem</desa>
          </item>
          <item>
            <itextId>static_instance-dusun-190</itextId>
            <kecamatan>Janapria</kecamatan>
            <name>Karang Majelo</name>
            <desa>Pendem</desa>
          </item>
        </root>
      </instance>
    <instance id="kecamatan">
        <root>
          <item>
            <itextId>static_instance-kecamatan-0</itextId>
            <name>Pujut</name>
          </item>
          <item>
            <itextId>static_instance-kecamatan-1</itextId>
            <name>Janapria</name>
          </item>
          <item>
            <itextId>static_instance-kecamatan-2</itextId>
            <name>Lainnya</name>
          </item>
        </root>
      </instance>
    <instance id="persalinan">
        <root>
          <item>
            <itextId>static_instance-persalinan-0</itextId>
            <name>kalasatu</name>
          </item>
          <item>
            <itextId>static_instance-persalinan-1</itextId>
            <name>kaladua</name>
          </item>
          <item>
            <itextId>static_instance-persalinan-2</itextId>
            <name>kalatiga</name>
          </item>
          <item>
            <itextId>static_instance-persalinan-3</itextId>
            <name>kalaempat</name>
          </item>
        </root>
      </instance>
    <instance id="complications">
        <root>
          <item>
            <itextId>static_instance-complications-0</itextId>
            <name>tidak_ada_komplikasi</name>
          </item>
          <item>
            <itextId>static_instance-complications-1</itextId>
            <name>distosia</name>
          </item>
          <item>
            <itextId>static_instance-complications-2</itextId>
            <name>hipertensi_dalam_kehamilan</name>
          </item>
          <item>
            <itextId>static_instance-complications-3</itextId>
            <name>perdarahan_post-partum</name>
          </item>
          <item>
            <itextId>static_instance-complications-4</itextId>
            <name>Infeksi</name>
          </item>
          <item>
            <itextId>static_instance-complications-5</itextId>
            <name>sepsis_maternal</name>
          </item>
          <item>
            <itextId>static_instance-complications-6</itextId>
            <name>preeklampsi_eklampsi</name>
          </item>
          <item>
            <itextId>static_instance-complications-7</itextId>
            <name>lain_lain</name>
          </item>
        </root>
      </instance>
    <instance id="stock_of_labor_tools">
        <root>
          <item>
            <itextId>static_instance-stock_of_labor_tools-0</itextId>
            <name>kain</name>
          </item>
          <item>
            <itextId>static_instance-stock_of_labor_tools-1</itextId>
            <name>handuk</name>
          </item>
          <item>
            <itextId>static_instance-stock_of_labor_tools-2</itextId>
            <name>pakaian_bersih_dan_kering</name>
          </item>
        </root>
      </instance>
    <instance id="gender">
        <root>
          <item>
            <itextId>static_instance-gender-0</itextId>
            <name>laki</name>
          </item>
          <item>
            <itextId>static_instance-gender-1</itextId>
            <name>perempuan</name>
          </item>
        </root>
      </instance>
    <instance id="kabupaten">
        <root>
          <item>
            <itextId>static_instance-kabupaten-0</itextId>
            <name>Lombok Barat</name>
          </item>
          <item>
            <itextId>static_instance-kabupaten-1</itextId>
            <name>Lombok Tengah</name>
          </item>
          <item>
            <itextId>static_instance-kabupaten-2</itextId>
            <name>Lombok Timur</name>
          </item>
        </root>
      </instance>
  </model>
