<?xml version="1.0" encoding="UTF-8"?>
<form autocomplete="off" novalidate="novalidate" class="or clearfix" id="Register_Anc_Only">
	<!--This form was created by transforming a OpenRosa-flavored (X)Form using an XSLT sheet created by Enketo LLC.-->
	<section class="form-logo" />
	<h3 id="form-title">Tambah ANC</h3>
	<label class="question non-select ">
		<span lang="Bahasa" class="question-label active" data-itext-id="/Register_Anc_Only/B01026:label">Tanggal Kunjungan</span>
		<span lang="en" class="question-label " data-itext-id="/Register_Anc_Only/B01026:label">Date of visit</span>
		<span lang="Bahasa" class="or-hint active" data-itext-id="/Register_Anc_Only/B01026:hint">Tanggal pemeriksaan kehamilan pertama kali oleh bidan</span>
		<span lang="en" class="or-hint " data-itext-id="/Register_Anc_Only/B01026:hint">Date of first antenatal checkup by midwife</span>
		<input type="date" name="/Register_Anc_Only/B01026" data-type-xml="date" />
	</label>
	<fieldset class="question ">
		<fieldset>
			<legend>
				<span lang="Bahasa" class="question-label active" data-itext-id="/Register_Anc_Only/B01044:label">Jamkesmas</span>
				<span lang="en" class="question-label " data-itext-id="/Register_Anc_Only/B01044:label">Insurance</span>
				<span lang="Bahasa" class="or-hint active" data-itext-id="/Register_Anc_Only/B01044:hint">Apakah Ibu memiliki Jamkesmas atau tidak</span>
				<span lang="en" class="or-hint " data-itext-id="/Register_Anc_Only/B01044:hint">Does mother have the card of National Health Insurance for the Poor and Near Poor?</span>
			</legend>
			<div class="option-wrapper">
				<label class="">
					<input type="radio" name="/Register_Anc_Only/B01044" data-name="/Register_Anc_Only/B01044" value="jika_ya" data-type-xml="select1" />
					<span lang="Bahasa" class="option-label active" data-itext-id="/Register_Anc_Only/B01044/jika_ya:label">Jika Ya (√)</span>
					<span lang="en" class="option-label " data-itext-id="/Register_Anc_Only/B01044/jika_ya:label">Yes</span>
				</label>
				<label class="">
					<input type="radio" name="/Register_Anc_Only/B01044" data-name="/Register_Anc_Only/B01044" value="jika_tidak" data-type-xml="select1" />
					<span lang="Bahasa" class="option-label active" data-itext-id="/Register_Anc_Only/B01044/jika_tidak:label">Jika Tidak (x)</span>
					<span lang="en" class="option-label " data-itext-id="/Register_Anc_Only/B01044/jika_tidak:label">No</span>
				</label>
			</div>
		</fieldset>
	</fieldset>
	<label class="note non-select ">
		<span lang="Bahasa" class="question-label active" data-itext-id="/Register_Anc_Only/generated_note_name_9:label">Riwayat Obstetrik</span>
		<span lang="en" class="question-label " data-itext-id="/Register_Anc_Only/generated_note_name_9:label">Obstetric history</span>
		<input type="text" name="/Register_Anc_Only/generated_note_name_9" data-type-xml="string" readonly="readonly" />
	</label>
	<label class="question non-select ">
		<span lang="Bahasa" class="or-constraint-msg active" data-itext-id="/Register_Anc_Only/B01022:jr:constraintMsg">Nilai yang dimasukkan tidak memenuhi syarat, mohon periksa kembali</span>
		<span lang="en" class="or-constraint-msg " data-itext-id="/Register_Anc_Only/B01022:jr:constraintMsg">The entered value doesn't meet the criteria, please check it again</span>
		<span lang="Bahasa" class="question-label active" data-itext-id="/Register_Anc_Only/B01022:label">Gravida</span>
		<span lang="en" class="question-label " data-itext-id="/Register_Anc_Only/B01022:label">Gravida</span>
		<span lang="Bahasa" class="or-hint active" data-itext-id="/Register_Anc_Only/B01022:hint">Menunjukkan jumlah kehamilan Ibu</span>
		<span lang="en" class="or-hint " data-itext-id="/Register_Anc_Only/B01022:hint">Indicating mother's number of pregnancy</span>
		<input type="number" name="/Register_Anc_Only/B01022" data-constraint=".&gt;-1 and .&lt;100" data-type-xml="int" />
	</label>
	<label class="question non-select ">
		<span lang="Bahasa" class="or-constraint-msg active" data-itext-id="/Register_Anc_Only/B01023:jr:constraintMsg">Nilai yang dimasukkan tidak memenuhi syarat, mohon periksa kembali</span>
		<span lang="en" class="or-constraint-msg " data-itext-id="/Register_Anc_Only/B01023:jr:constraintMsg">The entered value doesn't meet the criteria, please check it again</span>
		<span lang="Bahasa" class="question-label active" data-itext-id="/Register_Anc_Only/B01023:label">Partus</span>
		<span lang="en" class="question-label " data-itext-id="/Register_Anc_Only/B01023:label">Parity</span>
		<span lang="Bahasa" class="or-hint active" data-itext-id="/Register_Anc_Only/B01023:hint">Menunjukkan jumlah kelahiran / persalinan Ibu</span>
		<span lang="en" class="or-hint " data-itext-id="/Register_Anc_Only/B01023:hint">Indicating mother's number of birth/delivery</span>
		<input type="number" name="/Register_Anc_Only/B01023" data-constraint=".&gt;-1 and .&lt;100" data-type-xml="int" />
	</label>
	<label class="question non-select ">
		<span lang="Bahasa" class="or-constraint-msg active" data-itext-id="/Register_Anc_Only/B01024:jr:constraintMsg">Nilai yang dimasukkan tidak memenuhi syarat, mohon periksa kembali</span>
		<span lang="en" class="or-constraint-msg " data-itext-id="/Register_Anc_Only/B01024:jr:constraintMsg">The entered value doesn't meet the criteria, please check it again</span>
		<span lang="Bahasa" class="question-label active" data-itext-id="/Register_Anc_Only/B01024:label">Abortus</span>
		<span lang="en" class="question-label " data-itext-id="/Register_Anc_Only/B01024:label">Abortus</span>
		<span lang="Bahasa" class="or-hint active" data-itext-id="/Register_Anc_Only/B01024:hint">Menunjukkan jumlah berapa kali Ibu keguguran</span>
		<span lang="en" class="or-hint " data-itext-id="/Register_Anc_Only/B01024:hint">Indicating mother's number of abortion/miscarriage</span>
		<input type="number" name="/Register_Anc_Only/B01024" data-constraint=".&gt;-1 and .&lt;100" data-type-xml="int" />
	</label>
	<label class="question non-select ">
		<span lang="Bahasa" class="or-constraint-msg active" data-itext-id="/Register_Anc_Only/B01025:jr:constraintMsg">Nilai yang dimasukkan tidak memenuhi syarat, mohon periksa kembali</span>
		<span lang="en" class="or-constraint-msg " data-itext-id="/Register_Anc_Only/B01025:jr:constraintMsg">The entered value doesn't meet the criteria, please check it again</span>
		<span lang="Bahasa" class="question-label active" data-itext-id="/Register_Anc_Only/B01025:label">Hidup</span>
		<span lang="en" class="question-label " data-itext-id="/Register_Anc_Only/B01025:label">Alive</span>
		<span lang="Bahasa" class="or-hint active" data-itext-id="/Register_Anc_Only/B01025:hint">Menunjukkan jumlah anak hidup sampai kehamilan sekarang</span>
		<span lang="en" class="or-hint " data-itext-id="/Register_Anc_Only/B01025:hint">Inidcating mother's number of alive children until the current pregnancy</span>
		<input type="number" name="/Register_Anc_Only/B01025" data-constraint=".&gt;-1 and .&lt;100" data-type-xml="int" />
	</label>
	<label class="note non-select ">
		<span lang="Bahasa" class="question-label active" data-itext-id="/Register_Anc_Only/generated_note_name_14:label">Pemeriksaan Bidan</span>
		<span lang="en" class="question-label " data-itext-id="/Register_Anc_Only/generated_note_name_14:label">Midwife chek-up</span>
		<input type="text" name="/Register_Anc_Only/generated_note_name_14" data-type-xml="string" readonly="readonly" />
	</label>
	<label class="question non-select ">
		<span lang="Bahasa" class="question-label active" data-itext-id="/Register_Anc_Only/B01027:label">Tanggal HPHT</span>
		<span lang="en" class="question-label " data-itext-id="/Register_Anc_Only/B01027:label">Last Menstrual Period date</span>
		<span lang="Bahasa" class="or-hint active" data-itext-id="/Register_Anc_Only/B01027:hint">Tanggal Hari Pertama Haid Terakhir Ibu</span>
		<span lang="en" class="or-hint " data-itext-id="/Register_Anc_Only/B01027:hint">Date of first day of last menstrual period</span>
		<input type="date" name="/Register_Anc_Only/B01027" data-type-xml="date" />
	</label>
	<label class="note non-select ">
		<span lang="Bahasa" class="question-label active" data-itext-id="/Register_Anc_Only/edd_note:label">
			HTP:
			<span class="or-output" data-value=" /Register_Anc_Only/B01028 " />
		</span>
		<span lang="en" class="question-label " data-itext-id="/Register_Anc_Only/edd_note:label">Estimated Date of Delivery</span>
		<input type="text" name="/Register_Anc_Only/edd_note" data-type-xml="string" readonly="readonly" />
	</label>
	<label class="note non-select ">
		<span lang="Bahasa" class="question-label active" data-itext-id="/Register_Anc_Only/generated_note_name_20:label">
			Usia Klinis :
			<span class="or-output" data-value=" /Register_Anc_Only/B01046 " />
		</span>
		<span lang="en" class="question-label " data-itext-id="/Register_Anc_Only/generated_note_name_20:label">Gestational age (in weeks)</span>
		<input type="text" name="/Register_Anc_Only/generated_note_name_20" data-type-xml="string" readonly="readonly" />
	</label>
	<label class="note non-select ">
		<span lang="Bahasa" class="question-label active" data-itext-id="/Register_Anc_Only/generated_note_name_22:label">
			Trimester Ke:
			<span class="or-output" data-value=" /Register_Anc_Only/B01047 " />
		</span>
		<span lang="en" class="question-label " data-itext-id="/Register_Anc_Only/generated_note_name_22:label">Trimester order</span>
		<input type="text" name="/Register_Anc_Only/generated_note_name_22" data-type-xml="string" readonly="readonly" />
	</label>
	<fieldset class="question ">
		<fieldset>
			<legend>
				<span lang="Bahasa" class="question-label active" data-itext-id="/Register_Anc_Only/B01032:label">Buku KIA</span>
				<span lang="en" class="question-label " data-itext-id="/Register_Anc_Only/B01032:label">Maternal and Child Health Booklet</span>
				<span lang="Bahasa" class="or-hint active" data-itext-id="/Register_Anc_Only/B01032:hint">Menunjukkan apakah Ibu memiliki buku KIA atau tidak</span>
				<span lang="en" class="or-hint " data-itext-id="/Register_Anc_Only/B01032:hint">Indicating whether mother has MCH Booklet</span>
			</legend>
			<div class="option-wrapper">
				<label class="">
					<input type="radio" name="/Register_Anc_Only/B01032" data-name="/Register_Anc_Only/B01032" value="memiliki" data-type-xml="select1" />
					<span lang="Bahasa" class="option-label active" data-itext-id="/Register_Anc_Only/B01032/memiliki:label">Memiliki (M)</span>
					<span lang="en" class="option-label " data-itext-id="/Register_Anc_Only/B01032/memiliki:label">Yes</span>
				</label>
				<label class="">
					<input type="radio" name="/Register_Anc_Only/B01032" data-name="/Register_Anc_Only/B01032" value="tidak_memiliki" data-type-xml="select1" />
					<span lang="Bahasa" class="option-label active" data-itext-id="/Register_Anc_Only/B01032/tidak_memiliki:label">Tidak Memiliki (TM)</span>
					<span lang="en" class="option-label " data-itext-id="/Register_Anc_Only/B01032/tidak_memiliki:label">No</span>
				</label>
			</div>
		</fieldset>
	</fieldset>
	<label class="question or-branch pre-init non-select ">
		<span lang="Bahasa" class="question-label active" data-itext-id="/Register_Anc_Only/B02010:label">Tanggal memperoleh Buku KIA</span>
		<span lang="en" class="question-label " data-itext-id="/Register_Anc_Only/B02010:label">Date of recieving Maternal and Child Health Booklet</span>
		<input type="date" name="/Register_Anc_Only/B02010" data-relevant=" /Register_Anc_Only/B01032  = 'memiliki'" data-type-xml="date" />
	</label>
	<label class="question non-select ">
		<span lang="Bahasa" class="or-constraint-msg active" data-itext-id="/Register_Anc_Only/B01030:jr:constraintMsg">Berat badan tidak boleh kurang dari nol</span>
		<span lang="en" class="or-constraint-msg " data-itext-id="/Register_Anc_Only/B01030:jr:constraintMsg">Weight can not be less than zero</span>
		<span lang="Bahasa" class="question-label active" data-itext-id="/Register_Anc_Only/B01030:label">BB (Kg)</span>
		<span lang="en" class="question-label " data-itext-id="/Register_Anc_Only/B01030:label">Weight</span>
		<span class="required">*</span>
		<span lang="Bahasa" class="or-hint active" data-itext-id="/Register_Anc_Only/B01030:hint">Menunjukkan berat badan Ibu sebelum kehamilan (kg)</span>
		<span lang="en" class="or-hint " data-itext-id="/Register_Anc_Only/B01030:hint">Indicating mother's weight before being pregnant (kg)</span>
		<input type="number" name="/Register_Anc_Only/B01030" required="required" data-constraint=".&gt;0 and .&lt;150" data-type-xml="decimal" step="any" />
	</label>
	<label class="question non-select ">
		<span lang="Bahasa" class="or-constraint-msg active" data-itext-id="/Register_Anc_Only/B01031:jr:constraintMsg">Tinggi badan tidak boleh kurang dari nol</span>
		<span lang="en" class="or-constraint-msg " data-itext-id="/Register_Anc_Only/B01031:jr:constraintMsg">Height can not be less than zero</span>
		<span lang="Bahasa" class="question-label active" data-itext-id="/Register_Anc_Only/B01031:label">TB (Cm)</span>
		<span lang="en" class="question-label " data-itext-id="/Register_Anc_Only/B01031:label">Height</span>
		<span lang="Bahasa" class="or-hint active" data-itext-id="/Register_Anc_Only/B01031:hint">Menunjukkan tinggi badan Ibu (CM)</span>
		<span lang="en" class="or-hint " data-itext-id="/Register_Anc_Only/B01031:hint">Indicating mother's height (cm)</span>
		<input type="number" name="/Register_Anc_Only/B01031" data-constraint=".&gt;0 and .&lt;200" data-type-xml="decimal" step="any" />
	</label>
	<label class="question non-select ">
		<span lang="Bahasa" class="or-constraint-msg active" data-itext-id="/Register_Anc_Only/B01052:jr:constraintMsg">Nilai yang dimasukkan tidak memenuhi syarat, mohon periksa kembali</span>
		<span lang="en" class="or-constraint-msg " data-itext-id="/Register_Anc_Only/B01052:jr:constraintMsg">The entered value doesn't meet the criteria, please check it again</span>
		<span lang="Bahasa" class="question-label active" data-itext-id="/Register_Anc_Only/B01052:label">LILA (cm)</span>
		<span lang="en" class="question-label " data-itext-id="/Register_Anc_Only/B01052:label">Mid-Upper Arm Circumference of mother</span>
		<span lang="Bahasa" class="or-hint active" data-itext-id="/Register_Anc_Only/B01052:hint">Menunjukkan lingkar lengan Ibu pada saat kunjungan ANC (cm)</span>
		<span lang="en" class="or-hint " data-itext-id="/Register_Anc_Only/B01052:hint">Indicating mother's arm circumference on ANC check-up</span>
		<input type="number" name="/Register_Anc_Only/B01052" data-constraint=".&gt;0 and .&lt;200" data-type-xml="decimal" step="any" />
	</label>
	<fieldset class="question or-branch pre-init ">
		<fieldset>
			<legend>
				<span lang="Bahasa" class="question-label active" data-itext-id="/Register_Anc_Only/B01029:label">Persalinan sebelumnya</span>
				<span lang="en" class="question-label " data-itext-id="/Register_Anc_Only/B01029:label">Previous labor</span>
				<span lang="Bahasa" class="or-hint active" data-itext-id="/Register_Anc_Only/B01029:hint">Riwayat persalinan sebelumnya normal atau dengan komplikasi</span>
				<span lang="en" class="or-hint " data-itext-id="/Register_Anc_Only/B01029:hint">History of previous delivery whether normal or with complication</span>
			</legend>
			<div class="option-wrapper">
				<label class="">
					<input type="radio" name="/Register_Anc_Only/B01029" data-name="/Register_Anc_Only/B01029" value="normal" data-relevant=" /Register_Anc_Only/B01022  != '1'" data-type-xml="select1" />
					<span lang="Bahasa" class="option-label active" data-itext-id="/Register_Anc_Only/B01029/normal:label">Normal (N)</span>
					<span lang="en" class="option-label " data-itext-id="/Register_Anc_Only/B01029/normal:label">Normal (N);</span>
				</label>
				<label class="">
					<input type="radio" name="/Register_Anc_Only/B01029" data-name="/Register_Anc_Only/B01029" value="tidak_normal" data-relevant=" /Register_Anc_Only/B01022  != '1'" data-type-xml="select1" />
					<span lang="Bahasa" class="option-label active" data-itext-id="/Register_Anc_Only/B01029/tidak_normal:label">Tidak Normal (dengan tindakan) (TN)</span>
					<span lang="en" class="option-label " data-itext-id="/Register_Anc_Only/B01029/tidak_normal:label">Abnormal ( With Treatment)</span>
				</label>
			</div>
		</fieldset>
	</fieldset>
	<fieldset class="question ">
		<fieldset>
			<legend>
				<span lang="Bahasa" class="question-label active" data-itext-id="/Register_Anc_Only/B01033:label">Riwayat Komplikasi Kebidanan</span>
				<span lang="en" class="question-label " data-itext-id="/Register_Anc_Only/B01033:label">Obstetric complication record</span>
				<span class="required">*</span>
				<span lang="Bahasa" class="or-hint active" data-itext-id="/Register_Anc_Only/B01033:hint">Riwayat komplikasi yang dimiliki Ibu sebelumnya</span>
				<span lang="en" class="or-hint " data-itext-id="/Register_Anc_Only/B01033:hint">History of complication that mother previously had</span>
			</legend>
			<div class="option-wrapper">
				<label class="">
					<input type="checkbox" name="/Register_Anc_Only/B01033" value="abortus_berulang" required="required" data-type-xml="select" />
					<span lang="Bahasa" class="option-label active" data-itext-id="/Register_Anc_Only/B01033/abortus_berulang:label">Abortus Berulang</span>
					<span lang="en" class="option-label " data-itext-id="/Register_Anc_Only/B01033/abortus_berulang:label">Repeated Abortus (AS)</span>
				</label>
				<label class="">
					<input type="checkbox" name="/Register_Anc_Only/B01033" value="ket" required="required" data-type-xml="select" />
					<span lang="Bahasa" class="option-label active" data-itext-id="/Register_Anc_Only/B01033/ket:label">KET</span>
					<span lang="en" class="option-label " data-itext-id="/Register_Anc_Only/B01033/ket:label">Ectopic Pregnancy (EP)</span>
				</label>
				<label class="">
					<input type="checkbox" name="/Register_Anc_Only/B01033" value="mola" required="required" data-type-xml="select" />
					<span lang="Bahasa" class="option-label active" data-itext-id="/Register_Anc_Only/B01033/mola:label">Mola Hidatidosa</span>
					<span lang="en" class="option-label " data-itext-id="/Register_Anc_Only/B01033/mola:label">Mola Hydatidosa (ML)</span>
				</label>
				<label class="">
					<input type="checkbox" name="/Register_Anc_Only/B01033" value="kpd" required="required" data-type-xml="select" />
					<span lang="Bahasa" class="option-label active" data-itext-id="/Register_Anc_Only/B01033/kpd:label">KPD</span>
					<span lang="en" class="option-label " data-itext-id="/Register_Anc_Only/B01033/kpd:label">Premature Rupture of Membranes</span>
				</label>
				<label class="">
					<input type="checkbox" name="/Register_Anc_Only/B01033" value="cacat_kongenital" required="required" data-type-xml="select" />
					<span lang="Bahasa" class="option-label active" data-itext-id="/Register_Anc_Only/B01033/cacat_kongenital:label">Cacat Kongenital</span>
					<span lang="en" class="option-label " data-itext-id="/Register_Anc_Only/B01033/cacat_kongenital:label">Congenital Abnormality</span>
				</label>
				<label class="">
					<input type="checkbox" name="/Register_Anc_Only/B01033" value="riwayat_sc" required="required" data-type-xml="select" />
					<span lang="Bahasa" class="option-label active" data-itext-id="/Register_Anc_Only/B01033/riwayat_sc:label">Riwayat SC</span>
					<span lang="en" class="option-label " data-itext-id="/Register_Anc_Only/B01033/riwayat_sc:label">Sectio Caesaria (SC)</span>
				</label>
				<label class="">
					<input type="checkbox" name="/Register_Anc_Only/B01033" value="riwayat_ve_forseps" required="required" data-type-xml="select" />
					<span lang="Bahasa" class="option-label active" data-itext-id="/Register_Anc_Only/B01033/riwayat_ve_forseps:label">Riwayat VE/Forseps</span>
					<span lang="en" class="option-label " data-itext-id="/Register_Anc_Only/B01033/riwayat_ve_forseps:label">Vacuum (VC); Forceps (FS)</span>
				</label>
				<label class="">
					<input type="checkbox" name="/Register_Anc_Only/B01033" value="lainnya" required="required" data-type-xml="select" />
					<span lang="Bahasa" class="option-label active" data-itext-id="/Register_Anc_Only/B01033/lainnya:label">Lainnya</span>
					<span lang="en" class="option-label " data-itext-id="/Register_Anc_Only/B01033/lainnya:label">Other</span>
				</label>
				<label class="">
					<input type="checkbox" name="/Register_Anc_Only/B01033" value="tidak_ada_riwayat_komplikasi" required="required" data-type-xml="select" />
					<span lang="Bahasa" class="option-label active" data-itext-id="/Register_Anc_Only/B01033/tidak_ada_riwayat_komplikasi:label">Tidak ada riwayat komplikasi</span>
					<span lang="en" class="option-label " data-itext-id="/Register_Anc_Only/B01033/tidak_ada_riwayat_komplikasi:label">No complication</span>
				</label>
			</div>
		</fieldset>
	</fieldset>
	<label class="question or-branch pre-init non-select ">
		<span lang="Bahasa" class="question-label active" data-itext-id="/Register_Anc_Only/B01033L:label">Komplikasi Lainnya</span>
		<span lang="en" class="question-label " data-itext-id="/Register_Anc_Only/B01033L:label">Other complication</span>
		<span class="required">*</span>
		<span lang="Bahasa" class="or-hint active" data-itext-id="/Register_Anc_Only/B01033L:hint">Menunjukkan keterangan komplikasi lain yang diderita Ibu hamil</span>
		<span lang="en" class="or-hint " data-itext-id="/Register_Anc_Only/B01033L:hint">Indicating information of other complication that mother had</span>
		<input type="text" name="/Register_Anc_Only/B01033L" required="required" data-relevant="selected( /Register_Anc_Only/B01033 , 'lainnya')" data-type-xml="string" />
	</label>
	<fieldset class="question ">
		<fieldset>
			<legend>
				<span lang="Bahasa" class="question-label active" data-itext-id="/Register_Anc_Only/B01034:label">Penyakit Kronis</span>
				<span lang="en" class="question-label " data-itext-id="/Register_Anc_Only/B01034:label">Chronic disease</span>
				<span class="required">*</span>
				<span lang="Bahasa" class="or-hint active" data-itext-id="/Register_Anc_Only/B01034:hint">Penyakit yang pernah atau sedang dimiliki oleh Ibu (Isi NA jika tidak ada penyakit kronis)</span>
				<span lang="en" class="or-hint " data-itext-id="/Register_Anc_Only/B01034:hint">Disease that mother had or has (Write NA if mother has no chronical diseases)</span>
			</legend>
			<div class="option-wrapper">
				<label class="">
					<input type="checkbox" name="/Register_Anc_Only/B01034" value="hipertensi" required="required" data-type-xml="select" />
					<span lang="Bahasa" class="option-label active" data-itext-id="/Register_Anc_Only/B01034/hipertensi:label">Hipertensi</span>
					<span lang="en" class="option-label " data-itext-id="/Register_Anc_Only/B01034/hipertensi:label">Hypertension</span>
				</label>
				<label class="">
					<input type="checkbox" name="/Register_Anc_Only/B01034" value="diabetes_melitus" required="required" data-type-xml="select" />
					<span lang="Bahasa" class="option-label active" data-itext-id="/Register_Anc_Only/B01034/diabetes_melitus:label">Diabetes Melitus</span>
					<span lang="en" class="option-label " data-itext-id="/Register_Anc_Only/B01034/diabetes_melitus:label">Diabetes Mellitus</span>
				</label>
				<label class="">
					<input type="checkbox" name="/Register_Anc_Only/B01034" value="kelainan_jantung" required="required" data-type-xml="select" />
					<span lang="Bahasa" class="option-label active" data-itext-id="/Register_Anc_Only/B01034/kelainan_jantung:label">Kelainan Jantung</span>
					<span lang="en" class="option-label " data-itext-id="/Register_Anc_Only/B01034/kelainan_jantung:label">Heart Disease</span>
				</label>
				<label class="">
					<input type="checkbox" name="/Register_Anc_Only/B01034" value="kelainan_ginjal" required="required" data-type-xml="select" />
					<span lang="Bahasa" class="option-label active" data-itext-id="/Register_Anc_Only/B01034/kelainan_ginjal:label">Kelainan Ginjal</span>
					<span lang="en" class="option-label " data-itext-id="/Register_Anc_Only/B01034/kelainan_ginjal:label">Kidney Disease</span>
				</label>
				<label class="">
					<input type="checkbox" name="/Register_Anc_Only/B01034" value="kelainan_hati" required="required" data-type-xml="select" />
					<span lang="Bahasa" class="option-label active" data-itext-id="/Register_Anc_Only/B01034/kelainan_hati:label">Kelainan Hati</span>
					<span lang="en" class="option-label " data-itext-id="/Register_Anc_Only/B01034/kelainan_hati:label">Liver Disease</span>
				</label>
				<label class="">
					<input type="checkbox" name="/Register_Anc_Only/B01034" value="malaria" required="required" data-type-xml="select" />
					<span lang="Bahasa" class="option-label active" data-itext-id="/Register_Anc_Only/B01034/malaria:label">Malaria</span>
					<span lang="en" class="option-label " data-itext-id="/Register_Anc_Only/B01034/malaria:label">Malaria</span>
				</label>
				<label class="">
					<input type="checkbox" name="/Register_Anc_Only/B01034" value="asma" required="required" data-type-xml="select" />
					<span lang="Bahasa" class="option-label active" data-itext-id="/Register_Anc_Only/B01034/asma:label">Asma</span>
					<span lang="en" class="option-label " data-itext-id="/Register_Anc_Only/B01034/asma:label">Asthma</span>
				</label>
				<label class="">
					<input type="checkbox" name="/Register_Anc_Only/B01034" value="sifilis" required="required" data-type-xml="select" />
					<span lang="Bahasa" class="option-label active" data-itext-id="/Register_Anc_Only/B01034/sifilis:label">IMS Sifilis</span>
					<span lang="en" class="option-label " data-itext-id="/Register_Anc_Only/B01034/sifilis:label">Syphilis</span>
				</label>
				<label class="">
					<input type="checkbox" name="/Register_Anc_Only/B01034" value="hbsag" required="required" data-type-xml="select" />
					<span lang="Bahasa" class="option-label active" data-itext-id="/Register_Anc_Only/B01034/hbsag:label">HbsAg</span>
					<span lang="en" class="option-label " data-itext-id="/Register_Anc_Only/B01034/hbsag:label">HBsAg</span>
				</label>
				<label class="">
					<input type="checkbox" name="/Register_Anc_Only/B01034" value="hiv_aids" required="required" data-type-xml="select" />
					<span lang="Bahasa" class="option-label active" data-itext-id="/Register_Anc_Only/B01034/hiv_aids:label">HIV/AIDS</span>
					<span lang="en" class="option-label " data-itext-id="/Register_Anc_Only/B01034/hiv_aids:label">HIV/AIDS</span>
				</label>
				<label class="">
					<input type="checkbox" name="/Register_Anc_Only/B01034" value="tbc" required="required" data-type-xml="select" />
					<span lang="Bahasa" class="option-label active" data-itext-id="/Register_Anc_Only/B01034/tbc:label">Tubercolusis</span>
					<span lang="en" class="option-label " data-itext-id="/Register_Anc_Only/B01034/tbc:label">TBC</span>
				</label>
				<label class="">
					<input type="checkbox" name="/Register_Anc_Only/B01034" value="lainnya" required="required" data-type-xml="select" />
					<span lang="Bahasa" class="option-label active" data-itext-id="/Register_Anc_Only/B01034/lainnya:label">Lainnya</span>
					<span lang="en" class="option-label " data-itext-id="/Register_Anc_Only/B01034/lainnya:label">Other</span>
				</label>
				<label class="">
					<input type="checkbox" name="/Register_Anc_Only/B01034" value="tidak_ada_riwayat_kronis" required="required" data-type-xml="select" />
					<span lang="Bahasa" class="option-label active" data-itext-id="/Register_Anc_Only/B01034/tidak_ada_riwayat_kronis:label">Tidak ada riwayat kronis</span>
					<span lang="en" class="option-label " data-itext-id="/Register_Anc_Only/B01034/tidak_ada_riwayat_kronis:label">No Chronical desease</span>
				</label>
			</div>
		</fieldset>
	</fieldset>
	<label class="question or-branch pre-init non-select ">
		<span lang="Bahasa" class="question-label active" data-itext-id="/Register_Anc_Only/B01034L:label">Penyakit Kronis Lainnya</span>
		<span lang="en" class="question-label " data-itext-id="/Register_Anc_Only/B01034L:label">Other chronic disease</span>
		<span lang="Bahasa" class="or-hint active" data-itext-id="/Register_Anc_Only/B01034L:hint">Menunjukkan keterangan penyakit kronis</span>
		<span lang="en" class="or-hint " data-itext-id="/Register_Anc_Only/B01034L:hint">Indicating information of other chronical disease that mother has</span>
		<input type="text" name="/Register_Anc_Only/B01034L" data-relevant="selected( /Register_Anc_Only/B01034 , 'lainnya')" data-type-xml="string" />
	</label>
	<label class="question non-select ">
		<span lang="Bahasa" class="question-label active" data-itext-id="/Register_Anc_Only/B01035:label">Alergi</span>
		<span lang="en" class="question-label " data-itext-id="/Register_Anc_Only/B01035:label">Alergic</span>
		<span class="required">*</span>
		<span lang="Bahasa" class="or-hint active" data-itext-id="/Register_Anc_Only/B01035:hint">Alergi yang dimiliki oleh Ibu (Isi NA jika tidak ada alergi)</span>
		<span lang="en" class="or-hint " data-itext-id="/Register_Anc_Only/B01035:hint">Allergy that mother has (Write NA if mother has no allergy)</span>
		<input type="text" name="/Register_Anc_Only/B01035" required="required" data-type-xml="string" />
	</label>
	<fieldset class="question or-branch pre-init ">
		<fieldset>
			<legend>
				<span lang="Bahasa" class="question-label active" data-itext-id="/Register_Anc_Only/high_risk_note:label">
					masuk kategori RT (Resiko Tinggi), karena:
					<span class="or-output" data-value=" /Register_Anc_Only/high_risk_reason " />
					,
					<span class="or-output" data-value=" /Register_Anc_Only/high_risk_pregnancy_reason " />
					,
					<span class="or-output" data-value=" /Register_Anc_Only/high_risk_labour_reason " />
					<span class="or-output" data-value=" /Register_Anc_Only/other_risk_reason " />
				</span>
				<span lang="en" class="question-label " data-itext-id="/Register_Anc_Only/high_risk_note:label">-</span>
				<span class="required">*</span>
			</legend>
			<div class="option-wrapper">
				<label>
					<input value="OK" type="radio" name="/Register_Anc_Only/high_risk_note" required="required" data-relevant=" /Register_Anc_Only/is_high_risk_pregnancy  = 'yes' or  /Register_Anc_Only/is_high_risk  = 'yes' or  /Register_Anc_Only/is_high_risk_labour  = 'yes' or  /Register_Anc_Only/is_other_risk  = 'yes' or  /Register_Anc_Only/is_high_risk  = 'yes' or  /Register_Anc_Only/is_high_risk_pregnancy  = 'yes' or  /Register_Anc_Only/is_high_risk_labour  = 'yes'" data-type-xml="string" />
					<span class="option-label active" lang="">OK</span>
				</label>
			</div>
		</fieldset>
	</fieldset>
	<fieldset id="or-preload-items" style="display:none;">
		<label class="calculation non-select ">
			<input type="hidden" name="/Register_Anc_Only/start" data-preload="timestamp" data-preload-params="start" data-type-xml="dateTime" />
		</label>
		<label class="calculation non-select ">
			<input type="hidden" name="/Register_Anc_Only/today" data-preload="date" data-preload-params="today" data-type-xml="date" />
		</label>
		<label class="calculation non-select ">
			<input type="hidden" name="/Register_Anc_Only/deviceid" data-preload="property" data-preload-params="deviceid" data-type-xml="string" />
		</label>
		<label class="calculation non-select ">
			<input type="hidden" name="/Register_Anc_Only/simserial" data-preload="property" data-preload-params="simserial" data-type-xml="string" />
		</label>
		<label class="calculation non-select ">
			<input type="hidden" name="/Register_Anc_Only/phonenumber" data-preload="property" data-preload-params="phonenumber" data-type-xml="string" />
		</label>
		<label class="calculation non-select ">
			<input type="hidden" name="/Register_Anc_Only/end" data-preload="timestamp" data-preload-params="end" data-type-xml="dateTime" />
		</label>
	</fieldset>
	<fieldset id="or-calculated-items" style="display:none;">
		<label class="calculation non-select ">
			<input type="hidden" name="/Register_Anc_Only/edd" data-calculate="date( /Register_Anc_Only/B01027 +280)" data-type-xml="string" />
		</label>
		<label class="calculation non-select ">
			<input type="hidden" name="/Register_Anc_Only/B01028" data-calculate="format-date( /Register_Anc_Only/edd , '%Y-%n-%e')" data-type-xml="string" />
		</label>
		<label class="calculation non-select ">
			<input type="hidden" name="/Register_Anc_Only/B01046" data-calculate="int((( /Register_Anc_Only/today  -  /Register_Anc_Only/B01027 ) div 7)+1)" data-type-xml="string" />
		</label>
		<label class="calculation non-select ">
			<input type="hidden" name="/Register_Anc_Only/B01047" data-calculate="if(( /Register_Anc_Only/B01046 &lt;'14'), 1, (if( /Register_Anc_Only/B01046 &gt;='14' and  /Register_Anc_Only/B01046 &lt;='27', 2, (if( /Register_Anc_Only/B01046 &gt;'27', 3, '')))))" data-type-xml="string" />
		</label>
		<label class="calculation non-select ">
			<input type="hidden" name="/Register_Anc_Only/Protein_energy_Malnutrition_risk" data-calculate="if( /Register_Anc_Only/B01052  &lt; 23.5, 'kekurangan_energi_kronis', '')" data-type-xml="string" />
		</label>
		<label class="calculation non-select ">
			<input type="hidden" name="/Register_Anc_Only/TB_risk" data-calculate="if( /Register_Anc_Only/B01031  &lt;= 145, 'Tinggi_badan_kurang', '')" data-type-xml="string" />
		</label>
		<label class="calculation non-select ">
			<input type="hidden" name="/Register_Anc_Only/Too_many_children_risk" data-calculate="if( /Register_Anc_Only/B01023  &gt;3, 'Anak Lebih dari 3', '')" data-type-xml="string" />
		</label>
		<label class="calculation non-select ">
			<input type="hidden" name="/Register_Anc_Only/abortus_risk" data-calculate="if( /Register_Anc_Only/B01024  &gt; 3, 'Riwayat aborsi', '')" data-type-xml="string" />
		</label>
		<label class="calculation non-select ">
			<input type="hidden" name="/Register_Anc_Only/Section_Cesarea_record_risk" data-calculate="(if(selected( /Register_Anc_Only/B01033 ,'riwayat_sc'), 'Riwayat SC',''))" data-type-xml="string" />
		</label>
		<label class="calculation non-select ">
			<input type="hidden" name="/Register_Anc_Only/STI_BBVs_risk" data-calculate="(if(selected( /Register_Anc_Only/B01034 ,'STI/BBVs'), 'STI/BBVs',''))" data-type-xml="string" />
		</label>
		<label class="calculation non-select ">
			<input type="hidden" name="/Register_Anc_Only/Ectopic_Pregnancy_risk" data-calculate="(if(selected( /Register_Anc_Only/B01033 ,'ket'), 'KET',''))" data-type-xml="string" />
		</label>
		<label class="calculation non-select ">
			<input type="hidden" name="/Register_Anc_Only/Mola_Hidatidosa_risk" data-calculate="(if(selected( /Register_Anc_Only/B01033 ,'mola'), 'mola',''))" data-type-xml="string" />
		</label>
		<label class="calculation non-select ">
			<input type="hidden" name="/Register_Anc_Only/congenital_abnormality_risk" data-calculate="(if(selected( /Register_Anc_Only/B01033 ,'cacat_kongenital'), 'cacat_kongenital',''))" data-type-xml="string" />
		</label>
		<label class="calculation non-select ">
			<input type="hidden" name="/Register_Anc_Only/early_waterbreak_risk" data-calculate="(if(selected( /Register_Anc_Only/B01033 ,'kpd'), 'kpd',''))" data-type-xml="string" />
		</label>
		<label class="calculation non-select ">
			<input type="hidden" name="/Register_Anc_Only/Cardiovascular_Disease_Record_risk" data-calculate="(if(selected( /Register_Anc_Only/B01034 ,'kelainan_jantung'), 'kelainan_jantung',''))" data-type-xml="string" />
		</label>
		<label class="calculation non-select ">
			<input type="hidden" name="/Register_Anc_Only/Kidney_Disorder_risk" data-calculate="(if(selected( /Register_Anc_Only/B01034 ,'kelainan_ginjal'), 'kelainan_ginjal',''))" data-type-xml="string" />
		</label>
		<label class="calculation non-select ">
			<input type="hidden" name="/Register_Anc_Only/Heart_Disorder_risk" data-calculate="(if(selected( /Register_Anc_Only/B01034 ,'kelainan_hati'), 'kelainan_hati',''))" data-type-xml="string" />
		</label>
		<label class="calculation non-select ">
			<input type="hidden" name="/Register_Anc_Only/Asthma_risk" data-calculate="(if(selected( /Register_Anc_Only/B01034 ,'asma'), 'asma',''))" data-type-xml="string" />
		</label>
		<label class="calculation non-select ">
			<input type="hidden" name="/Register_Anc_Only/Tuberculosis_risk" data-calculate="(if(selected( /Register_Anc_Only/B01034 ,'tbc'), 'tbc',''))" data-type-xml="string" />
		</label>
		<label class="calculation non-select ">
			<input type="hidden" name="/Register_Anc_Only/malaria_risk" data-calculate="(if(selected( /Register_Anc_Only/B01034 ,'malaria'), 'malaria',''))" data-type-xml="string" />
		</label>
		<label class="calculation non-select ">
			<input type="hidden" name="/Register_Anc_Only/HIV_AIDS_risk" data-calculate="(if(selected( /Register_Anc_Only/B01034 ,'hiv_aids'), 'hiv_aids',''))" data-type-xml="string" />
		</label>
		<label class="calculation non-select ">
			<input type="hidden" name="/Register_Anc_Only/is_high_risk" data-calculate="if(( /Register_Anc_Only/Cardiovascular_Disease_Record_risk  != '' or  /Register_Anc_Only/Kidney_Disorder_risk  != '' or  /Register_Anc_Only/Heart_Disorder_risk  != '' or  /Register_Anc_Only/Asthma_risk  != '' or  /Register_Anc_Only/Tuberculosis_risk  != ''or  /Register_Anc_Only/HIV_AIDS_risk  != '' or  /Register_Anc_Only/STI_BBVs_risk  != '' or  /Register_Anc_Only/Ectopic_Pregnancy_risk  != ''or  /Register_Anc_Only/malaria_risk  !=''), 'yes', 'no')" data-type-xml="string" />
		</label>
		<label class="calculation non-select ">
			<input type="hidden" name="/Register_Anc_Only/high_risk_reason" data-calculate="concat( /Register_Anc_Only/Cardiovascular_Disease_Record_risk , ' ',  /Register_Anc_Only/Kidney_Disorder_risk , ' ',  /Register_Anc_Only/Heart_Disorder_risk , ' ',  /Register_Anc_Only/Asthma_risk , ' ',  /Register_Anc_Only/Tuberculosis_risk , ' ',  /Register_Anc_Only/HIV_AIDS_risk , ' ',  /Register_Anc_Only/STI_BBVs_risk , ' ',  /Register_Anc_Only/Ectopic_Pregnancy_risk , ' ',  /Register_Anc_Only/malaria_risk )" data-type-xml="string" />
		</label>
		<label class="calculation non-select ">
			<input type="hidden" name="/Register_Anc_Only/is_high_risk_pregnancy" data-calculate="if(( /Register_Anc_Only/Too_many_children_risk  != '' or  /Register_Anc_Only/Protein_energy_Malnutrition_risk  != '' or  /Register_Anc_Only/abortus_risk  != '' or  /Register_Anc_Only/Protein_energy_Malnutrition_risk  != '' ), 'yes', 'no')" data-type-xml="string" />
		</label>
		<label class="calculation non-select ">
			<input type="hidden" name="/Register_Anc_Only/high_risk_pregnancy_reason" data-calculate="concat( /Register_Anc_Only/Too_many_children_risk , ' ',  /Register_Anc_Only/Protein_energy_Malnutrition_risk , ' ',  /Register_Anc_Only/abortus_risk , ' ',  /Register_Anc_Only/Protein_energy_Malnutrition_risk )" data-type-xml="string" />
		</label>
		<label class="calculation non-select ">
			<input type="hidden" name="/Register_Anc_Only/is_high_risk_labour" data-calculate="if(( /Register_Anc_Only/TB_risk  !='' or  /Register_Anc_Only/Section_Cesarea_record_risk  !=''), 'yes', 'no')" data-type-xml="string" />
		</label>
		<label class="calculation non-select ">
			<input type="hidden" name="/Register_Anc_Only/high_risk_labour_reason" data-calculate="concat( /Register_Anc_Only/TB_risk , ' ',  /Register_Anc_Only/Section_Cesarea_record_risk )" data-type-xml="string" />
		</label>
		<label class="calculation non-select ">
			<input type="hidden" name="/Register_Anc_Only/is_other_risk" data-calculate="if(( /Register_Anc_Only/Mola_Hidatidosa_risk  != '' or  /Register_Anc_Only/congenital_abnormality_risk  != '' or  /Register_Anc_Only/early_waterbreak_risk  != ''), 'yes', 'no')" data-type-xml="string" />
		</label>
		<label class="calculation non-select ">
			<input type="hidden" name="/Register_Anc_Only/other_risk_reason" data-calculate="concat( /Register_Anc_Only/Mola_Hidatidosa_risk , ' ',  /Register_Anc_Only/congenital_abnormality_risk , ' ',  /Register_Anc_Only/early_waterbreak_risk )" data-type-xml="string" />
		</label>
		<label class="calculation non-select ">
			<input type="hidden" name="/Register_Anc_Only/meta/instanceID" data-calculate="concat('uuid:', uuid())" data-type-xml="string" />
		</label>
		<label class="calculation non-select ">
			<input type="hidden" name="/Register_Anc_Only/formhub/uuid" data-calculate="'2235853d4e6b4add9add671488fd7dd3'" data-type-xml="string" />
		</label>
	</fieldset>
</form>
