{
  "form_data_definition_version": "1",
  "form": {
    "bind_type": "kartu_ibu",
    "default_bind_path": "/model/instance/Register_Anc_Only/",
    "fields": [
      {
        "name": "id",
        "shouldLoadValue": true
      },
      {
        "name": "motherId",
        "source": "kartu_ibu.ibu.id"
      },
      {
        "name": "referenceDate",
        "bind": "/model/instance/Register_Anc_Only/B01026",
        "source": "kartu_ibu.ibu.referenceDate"
      },
      {
        "name": "gravida",
        "bind": "/model/instance/Register_Anc_Only/B01022",
        "shouldLoadValue": true
      },
      {
        "name": "partus",
        "bind": "/model/instance/Register_Anc_Only/B01023",
        "shouldLoadValue": true
      },
      {
        "name": "abortus",
        "bind": "/model/instance/Register_Anc_Only/B01024",
        "shouldLoadValue": true
      },
      {
        "name": "hidup",
        "bind": "/model/instance/Register_Anc_Only/B01025",
        "shouldLoadValue": true
      },
      {
        "name": "persalinanSebelumnya",
        "bind": "/model/instance/Register_Anc_Only/B01029",
        "source": "kartu_ibu.ibu.persalinanSebelumnya"
      },
      {
        "name": "rkk",
        "bind": "/model/instance/Register_Anc_Only/B01033",
        "source": "kartu_ibu.ibu.rkk"
      },
      {
        "name": "rkklainnya",
        "bind": "/model/instance/Register_Anc_Only/B01033L",
        "source": "kartu_ibu.ibu.rkklainnya"
      },
      {
        "name": "penyakitKronis",
        "bind": "/model/instance/Register_Anc_Only/B01034",
        "source": "kartu_ibu.ibu.penyakitKronis"
      },
      {
        "name": "rpkLainnya",
        "bind": "/model/instance/Register_Anc_Only/B01034L",
        "source": "kartu_ibu.ibu.rpkLainnya"
      },
      {
        "name": "Alergi",
        "bind": "/model/instance/Register_Anc_Only/B01035",
        "source": "kartu_ibu.ibu.Alergi"
      },
      {
        "name": "tanggalHPHT",
        "bind": "/model/instance/Register_Anc_Only/B01027",
        "source": "kartu_ibu.ibu.tanggalHPHT"
      },
      {
        "name": "htp",
        "bind": "/model/instance/Register_Anc_Only/B01028"
      },
      {
        "name": "trimesterKe",
        "bind": "/model/instance/Register_Anc_Only/B01047"
      },
      {
        "name": "bukuKIA",
        "bind": "/model/instance/Register_Anc_Only/B01032",
        "source": "kartu_ibu.ibu.bukuKIA"
      },
      {
        "name": "tanggalMemperolehBukuKia",
        "bind": "/model/instance/Register_Anc_Only/B02010",
        "source": "kartu_ibu.ibu.tanggalMemperolehBukuKia"
      },
      {
        "name": "jamkesmas",
        "bind": "/model/instance/Register_Anc_Only/B01044"
      },
      {
        "name": "tbCM",
        "bind": "/model/instance/Register_Anc_Only/B01031",
        "source": "kartu_ibu.ibu.tbCM"
      },
      {
        "name": "bbKg",
        "bind": "/model/instance/Register_Anc_Only/B01030",
        "source": "kartu_ibu.ibu.bbKg"
      },
      {
        "name": "hasilPemeriksaanLILA",
        "bind": "/model/instance/Register_Anc_Only/B01052",
        "source": "kartu_ibu.ibu.hasilPemeriksaanLILA"
      },
      {
        "name": "keterangan",
        "bind": "/model/instance/Register_Anc_Only/keterangan",
        "source": "kartu_ibu.ibu.keterangan"
      },
      {
        "name": "proteinEnergyMalnutritionRisk",
        "bind": "/model/instance/Register_Anc_Only/Protein_energy_Malnutrition_risk"
      },
      {
        "name": "anemiaRisk",
        "bind": "/model/instance/Register_Anc_Only/anemia_risk"
      },
      {
        "name": "pihRisk",
        "bind": "/model/instance/Register_Anc_Only/PIH_risk"
      },
      {
        "name": "tbcRisk",
        "bind": "/model/instance/Register_Anc_Only/TBC_risk"
      },
      {
        "name": "malariaRisk",
        "bind": "/model/instance/Register_Anc_Only/malaria_risk"
      },
      {
        "name": "tbRisk",
        "bind": "/model/instance/Register_Anc_Only/TB_risk"
      },
      {
        "name": "tooManyChildrenRisk",
        "bind": "/model/instance/Register_Anc_Only/Too_many_children_risk"
      },
      {
        "name": "abortusRisk",
        "bind": "/model/instance/Register_Anc_Only/abortus_risk"
      },
      {
        "name": "zectionCesareaRecordRisk",
        "bind": "/model/instance/Register_Anc_Only/Section_Cesarea_record_risk"
      },
      {
        "name": "stibbvsRisk",
        "bind": "/model/instance/Register_Anc_Only/STI_BBVs_risk"
      },
      {
        "name": "ectopicPregnancyRisk",
        "bind": "/model/instance/Register_Anc_Only/Ectopic_Pregnancy_risk"
      },
      {
        "name": "molaHidatidosaRisk",
        "bind": "/model/instance/Register_Anc_Only/Mola_Hidatidosa_risk"
      },
      {
        "name": "congenitalAbnormalityRisk",
        "bind": "/model/instance/Register_Anc_Only/congenital_abnormality_risk"
      },
      {
        "name": "earlyWaterbreakRisk",
        "bind": "/model/instance/Register_Anc_Only/early_waterbreak_risk"
      },
      {
        "name": "cardiovascularDiseaseRecordRisk",
        "bind": "/model/instance/Register_Anc_Only/Cardiovascular_Disease_Record_risk"
      },
      {
        "name": "kidneyDisorderRisk",
        "bind": "/model/instance/Register_Anc_Only/Kidney_Disorder_risk"
      },
      {
        "name": "heartDisorderRisk",
        "bind": "/model/instance/Register_Anc_Only/Heart_Disorder_risk"
      },
      {
        "name": "asthmaRisk",
        "bind": "/model/instance/Register_Anc_Only/Asthma_risk"
      },
      {
        "name": "tuberculosisRisk",
        "bind": "/model/instance/Register_Anc_Only/Tuberculosis_risk"
      },
      {
        "name": "malariaRisk",
        "bind": "/model/instance/Register_Anc_Only/Malaria_risk"
      },
      {
        "name": "hivaidsRisk",
        "bind": "/model/instance/Register_Anc_Only/HIV_AIDS_risk"
      },
      {
        "name": "isHighRiskANC",
        "bind": "/model/instance/Register_Anc_Only/is_high_risk"
      },
      {
        "name": "isHighRiskReason",
        "bind": "/model/instance/Register_Anc_Only/is_high_risk_reason"
      },
      {
        "name": "isHighRiskPregnancy",
        "bind": "/model/instance/Register_Anc_Only/is_high_risk_pregnancy"
      },
      {
        "name": "highRiskPregnancyReason",
        "bind": "/model/instance/Register_Anc_Only/high_risk_pregnancy_reason"
      },
      {
        "name": "isHighRiskLabour",
        "bind": "/model/instance/Register_Anc_Only/is_high_risk_labour"
      },
      {
        "name": "highRiskLabourReason",
        "bind": "/model/instance/Register_Anc_Only/high_risk_labour_reason"
      },
      {
        "name": "isOtherRisk",
        "bind": "/model/instance/Register_Anc_Only/is_other_risk"
      },
      {
        "name": "otherRiskReason",
        "bind": "/model/instance/Register_Anc_Only/other_risk_reason"
      },
      {
        "name": "highRiskNote",
        "bind": "/model/instance/Register_Anc_Only/high_risk_note"
      },
      {
        "name": "isOutOfArea",
        "value": "false"
      },
      {
        "name": "isClosed",
        "value": "false"
      },
      {
        "name": "isClosed",
        "value": "false",
        "source": "kartu_ibu.ibu.isClosed"
      },
      {
        "name": "submissionDate",
        "bind": "/model/instance/Register_Anc_Only/today",
        "source": "kartu_ibu.ibu.submissionDate"
      },
      {
        "name": "registrationDate",
        "bind": "/model/instance/Register_Anc_Only/reg_date",
        "source": "kartu_ibu.ibu.registrationDate"
      },
      {
        "name": "jenisKontrasepsi",
        "value": ""
      },
      {
        "name": "type",
        "value": "anc",
        "source": "kartu_ibu.ibu.type"
      }
    ]
  }
}
