<model>
    <instance>
        <Register_Anc_Only id="Register_Anc_Only" version="201510150255">
          <formhub>
            <uuid/>
          </formhub>
          <start/>
          <today/>
	  <reg_date/>
          <deviceid/>
          <simserial/>
          <phonenumber/>
          <B01026/>
          <B01044/>
          <generated_note_name_9/>
          <B01022/>
          <B01023/>
          <B01024/>
          <B01025/>
          <generated_note_name_14/>
          <B01027/>
          <edd/>
          <B01028/>
          <edd_note/>
          <B01046/>
          <generated_note_name_20/>
          <B01047/>
          <generated_note_name_22/>
          <B01032/>
          <B02010/>
          <B01030/>
          <B01031/>
          <B01052/>
          <B01029/>
          <B01033/>
          <B01033L/>
          <B01034/>
          <B01034L/>
          <B01035/>
          <Protein_energy_Malnutrition_risk/>
          <TB_risk/>
          <Too_many_children_risk/>
          <abortus_risk/>
          <Section_Cesarea_record_risk/>
          <STI_BBVs_risk/>
          <Ectopic_Pregnancy_risk/>
          <Mola_Hidatidosa_risk/>
          <congenital_abnormality_risk/>
          <early_waterbreak_risk/>
          <Cardiovascular_Disease_Record_risk/>
          <Kidney_Disorder_risk/>
          <Heart_Disorder_risk/>
          <Asthma_risk/>
          <Tuberculosis_risk/>
          <malaria_risk/>
          <HIV_AIDS_risk/>
          <is_high_risk/>
          <high_risk_reason/>
          <is_high_risk_pregnancy/>
          <high_risk_pregnancy_reason/>
          <is_high_risk_labour/>
          <high_risk_labour_reason/>
          <is_other_risk/>
          <other_risk_reason/>
          <high_risk_note/>
          <end/>
          <meta>
            <instanceID/>
          </meta>
        </Register_Anc_Only>
      </instance>
  </model>
