<model>
  <instance>
    <ANC_Reminder_Visit_4 encounter_type="ANC Reminder Visit 4" id="ANCReminderVisit4" version="201602250626">
      <formhub>
        <uuid/>
      </formhub>
      <version/>
      <changes/>
      <existing_gobhhid/>
      <existing_jivhhid/>
      <existing_wom_bid/>
      <existing_wom_nid/>
      <existing_first_name/>
      <existing_husname/>
      <existing_psrlmp/>
      <existing_riskfactor/>
      <existing_FWVG/>
      <existing_FWHR_PSR/>
      <existing_FWHRP/>
      <existing_FWHR_ANC1/>
      <existing_FWHR_ANC2/>
      <existing_FWHR_ANC3/>
      <existing_dangervalue/>
      <existing_ELCO/>
      <existing_location openmrs_entity="encounter" openmrs_entity_id="location_id"/>
      <today openmrs_entity="encounter" openmrs_entity_id="encounter_date"/>
      <start openmrs_entity="concept" openmrs_entity_id="163137AAAAAAAAAAAAAAAAAAAAAAAAAAAAAA"/>
      <end openmrs_entity="concept" openmrs_entity_id="163138AAAAAAAAAAAAAAAAAAAAAAAAAAAAAA"/>
      <FWANC4DATE openmrs_entity="concept" openmrs_entity_id="160753AAAAAAAAAAAAAAAAAAAAAAAAAAAAAA"/>
      <FWCONFIRMATION/>
      <FWGESTATIONALAGE openmrs_entity="concept" openmrs_entity_id="1438AAAAAAAAAAAAAAAAAAAAAAAAAAAAAAAA"/>
      <FWEDD openmrs_entity="concept" openmrs_entity_id="5596AAAAAAAAAAAAAAAAAAAAAAAAAAAAAAAA"/>
      <FWANC4REMSTS openmrs_entity="concept" openmrs_entity_id="163088AAAAAAAAAAAAAAAAAAAAAAAAAAAAAA"/>
      <FWANC4INT/>
      <DISPLAYTEXT2/>
      <FWANC4KNWPRVDR/>
      <DISPLAYTEXT3/>
      <risk_group>
        <yn_dk_label/>
        <FWANC4ANM openmrs_entity="concept" openmrs_entity_id="1729AAAAAAAAAAAAAAAAAAAAAAAAAAAAAAAA" openmrs_entity_parent="148834AAAAAAAAAAAAAAAAAAAAAAAAAAAAAA"/>
        <FWANC4HBP openmrs_entity="concept" openmrs_entity_id="1729AAAAAAAAAAAAAAAAAAAAAAAAAAAAAAAA" openmrs_entity_parent="113859AAAAAAAAAAAAAAAAAAAAAAAAAAAAAA"/>
        <FWANC4DBT openmrs_entity="concept" openmrs_entity_id="1729AAAAAAAAAAAAAAAAAAAAAAAAAAAAAAAA" openmrs_entity_parent="119477AAAAAAAAAAAAAAAAAAAAAAAAAAAAAA"/>
        <FWANC4THY openmrs_entity="concept" openmrs_entity_id="1729AAAAAAAAAAAAAAAAAAAAAAAAAAAAAAAA" openmrs_entity_parent="124719AAAAAAAAAAAAAAAAAAAAAAAAAAAAAA"/>
      </risk_group>
      <DISPLAYTEXT4/>
      <FWANC4PROB openmrs_entity="concept" openmrs_entity_id="1889AAAAAAAAAAAAAAAAAAAAAAAAAAAAAAAA"/>
      <FWDISPLAYTEXT5/>
      <danger_signs>
        <yn_dk_label/>
        <FWANC4HEAD openmrs_entity="concept" openmrs_entity_id="1729AAAAAAAAAAAAAAAAAAAAAAAAAAAAAAAA" openmrs_entity_parent="139081AAAAAAAAAAAAAAAAAAAAAAAAAAAAAA"/>
        <FWDISPLAYTEXT6/>
        <FWANC4BLRVIS openmrs_entity="concept" openmrs_entity_id="1729AAAAAAAAAAAAAAAAAAAAAAAAAAAAAAAA" openmrs_entity_parent="147104AAAAAAAAAAAAAAAAAAAAAAAAAAAAAA"/>
        <FWDISPLAYTEXT7/>
        <FWANC4SWLNG openmrs_entity="concept" openmrs_entity_id="1729AAAAAAAAAAAAAAAAAAAAAAAAAAAAAAAA" openmrs_entity_parent="130428AAAAAAAAAAAAAAAAAAAAAAAAAAAAAA"/>
        <FWDISPLAYTEXT8/>
        <FWANC4CONVL openmrs_entity="concept" openmrs_entity_id="1729AAAAAAAAAAAAAAAAAAAAAAAAAAAAAAAA" openmrs_entity_parent="113054AAAAAAAAAAAAAAAAAAAAAAAAAAAAAA"/>
        <FWDISPLAYTEXT9/>
        <FWANC4BLD openmrs_entity="concept" openmrs_entity_id="1729AAAAAAAAAAAAAAAAAAAAAAAAAAAAAAAA" openmrs_entity_parent="150802AAAAAAAAAAAAAAAAAAAAAAAAAAAAAA"/>
        <FWDISPLAYTEXT10/>
        <FWDISPLAYTEXT11/>
      </danger_signs>
      <FWBPC1LOCOFDEL openmrs_entity="concept" openmrs_entity_id="159758AAAAAAAAAAAAAAAAAAAAAAAAAAAAAA"/>
      <FWBPC1DISPLAYTEXT1/>
      <FWBPC1DISPLAYTEXT2/>
      <FWBPC1DISPLAYTEXT3/>
      <FWBPC1ASSTLAB openmrs_entity="concept" openmrs_entity_id="162993AAAAAAAAAAAAAAAAAAAAAAAAAAAAAA"/>
      <FWBPC1DISPLAYTEXT4/>
      <FWBPC1DISPLAYTEXT5/>
      <FWBPC1TRNSPRT openmrs_entity="concept" openmrs_entity_id="162976AAAAAAAAAAAAAAAAAAAAAAAAAAAAAA"/>
      <FWBPC1DISPLAYTEXT6/>
      <FWBPC1DISPLAYTEXT7/>
      <FWBPC1BLDGRP openmrs_entity="concept" openmrs_entity_id="162975AAAAAAAAAAAAAAAAAAAAAAAAAAAAAA"/>
      <FWBPC1DISPLAYTEXT8/>
      <FWBPC1DISPLAYTEXT9/>
      <FWBPC1BLDDNR openmrs_entity="concept" openmrs_entity_id="162974AAAAAAAAAAAAAAAAAAAAAAAAAAAAAA"/>
      <FWBPC1DISPLAYTEXT10/>
      <FWBPC1DISPLAYTEXT11/>
      <FWBPC1FINARGMT openmrs_entity="concept" openmrs_entity_id="161006AAAAAAAAAAAAAAAAAAAAAAAAAAAAAA"/>
      <FWBPC1DISPLAYTEXT12/>
      <FWBPC1DISPLAYTEXT13/>
      <FWANC4DS1/>
      <FWANC4DS2/>
      <FWANC4DS3/>
      <FWANC4DS4/>
      <FWANC4DS5/>
      <FWANC4DS6/>
      <FWDANGERVALUE/>
      <FWNOTELIGIBLE/>
      <ELCO/>
      <FWHR_ANC4 openmrs_entity="concept" openmrs_entity_id="163091AAAAAAAAAAAAAAAAAAAAAAAAAAAAAA"/>
      <FWFLAGVALUE openmrs_entity="concept" openmrs_entity_id="163093AAAAAAAAAAAAAAAAAAAAAAAAAAAAAA"/>
      <FWSORTVALUE/>
      <user_type openmrs_entity="concept" openmrs_entity_id="163229AAAAAAAAAAAAAAAAAAAAAAAAAAAAAA">FWA</user_type>
      <external_user_ID openmrs_entity="concept" openmrs_entity_id="163161AAAAAAAAAAAAAAAAAAAAAAAAAAAAAA"/>
      <ANC4_current_formStatus/>
      <relationalid/>
      <meta>
        <instanceID/>
      </meta>
    </ANC_Reminder_Visit_4>
  </instance>
</model>