<?xml version="1.0" encoding="UTF-8"?>
<form autocomplete="off" novalidate="novalidate" class="or clearfix" id="dokumentasi_persalinan">
   <!--This form was created by transforming a OpenRosa-flavored (X)Form using an XSLT sheet created by Enketo LLC.-->
   <section class="form-logo" />
   <h3 id="form-title">Edit PNC</h3>
   <select id="form-languages" style="display:none;" data-default-lang="default">
      <option value="default">default</option>
   </select>
   <label class="note non-select ">
      <span lang="" class="or-constraint-msg active">Tidak boleh minus</span>
      <span lang="" class="question-label active">
         Usia kehamilan berdasarkan HPHT:
         <span class="or-output" data-value=" /dokumentasi_persalinan/usia_kehamilan"/>
         minggu
      </span>
      <span lang="" class="or-hint active">Usia Kehamilan yang sesuai dengan HPHT(Minggu)</span>
   </label>
   <fieldset class="question ">
      <fieldset>
         <legend>
            <span lang="" class="question-label active">Keadaan Ibu</span>
            <span lang="" class="or-hint active">Kondisi Ibu Setelah Proses Persalinan</span>
         </legend>
         <div class="option-wrapper">
            <label class="">
               <input type="radio" name="/dokumentasi_persalinan/keadaan_ibu" data-name="/dokumentasi_persalinan/keadaan_ibu" value="hidup" data-type-xml="select1" />
               <span lang="" class="option-label active">Hidup (H)</span>
            </label>
            <label class="">
               <input type="radio" name="/dokumentasi_persalinan/keadaan_ibu" data-name="/dokumentasi_persalinan/keadaan_ibu" value="mati" data-type-xml="select1" />
               <span lang="" class="option-label active">Mati (M)</span>
            </label>
         </div>
      </fieldset>
   </fieldset>
   <fieldset class="question ">
      <fieldset>
         <legend>
            <span lang="" class="question-label active">PERSALINAN</span>
            <span lang="" class="or-hint active">Isi Kala Persalinan dimulai dari kedatangan Ibu hamil</span>
         </legend>
         <div class="option-wrapper">
            <label class="">
               <input type="checkbox" name="/dokumentasi_persalinan/persalinan" value="kalasatu" data-type-xml="select" />
               <span lang="" class="option-label active">Kala I Aktif</span>
            </label>
            <label class="">
               <input type="checkbox" name="/dokumentasi_persalinan/persalinan" value="kaladua" data-type-xml="select" />
               <span lang="" class="option-label active">Kala II</span>
            </label>
            <label class="">
               <input type="checkbox" name="/dokumentasi_persalinan/persalinan" value="kalatiga" data-type-xml="select" />
               <span lang="" class="option-label active">Kala III (Bayi Lahir/Plasenta Lahir)</span>
            </label>
            <label class="">
               <input type="checkbox" name="/dokumentasi_persalinan/persalinan" value="kalaempat" data-type-xml="select" />
               <span lang="" class="option-label active">Kala IV (2 Jam Postpartum)</span>
            </label>
         </div>
      </fieldset>
   </fieldset>
   <label class="question or-branch pre-init non-select ">
      <span lang="" class="question-label active">Tanggal / Kala I Aktif</span>
      <span lang="" class="or-hint active">Menunjukan Tanggal Kala I Aktif</span>
      <input type="date" name="/dokumentasi_persalinan/tanggal__kala_i_aktif" data-relevant="selected( /dokumentasi_persalinan/persalinan ,'kalasatu')" data-type-xml="date" />
   </label>
   <label class="question or-branch pre-init non-select ">
      <span lang="" class="question-label active">Jam / Kala I Aktif</span>
      <span lang="" class="or-hint active">Menunjukkan Jam Kala I Aktfi</span>
      <input type="time" name="/dokumentasi_persalinan/jam__kala_i_aktif" data-relevant="selected( /dokumentasi_persalinan/persalinan ,'kalasatu')" data-type-xml="time" />
   </label>
   <label class="question or-branch pre-init non-select ">
      <span lang="" class="question-label active">Tanggal / Kala II</span>
      <span lang="" class="or-hint active">Menunjukkan Tanggal Terjadinya Kala II Pada Ibu</span>
      <input type="date" name="/dokumentasi_persalinan/tanggal__kala_ii" data-relevant="selected( /dokumentasi_persalinan/persalinan ,'kaladua')" data-type-xml="date" />
   </label>
   <label class="question or-branch pre-init non-select ">
      <span lang="" class="question-label active">Jam / Kala II</span>
      <span lang="" class="or-hint active">Menunjukkan Jam Terjadinya Kala II Pada Ibu</span>
      <input type="time" name="/dokumentasi_persalinan/jam__kala_ii" data-relevant="selected( /dokumentasi_persalinan/persalinan ,'kaladua')" data-type-xml="time" />
   </label>
   <label class="question or-branch pre-init non-select ">
      <span lang="" class="question-label active">Tanggal / Plasenta Lahir</span>
      <span lang="" class="or-hint active">Menunjukkan Tanggal Plasenta Lahir</span>
      <input type="date" name="/dokumentasi_persalinan/tanggal__plasenta_lahir" data-relevant="selected( /dokumentasi_persalinan/persalinan ,'kalatiga')" data-type-xml="date" />
   </label>
   <label class="question or-branch pre-init non-select ">
      <span lang="" class="question-label active">Jam / Plasenta Lahir</span>
      <span lang="" class="or-hint active">Menunjukkan Jam Plasenta Lahir</span>
      <input type="time" name="/dokumentasi_persalinan/jam__plasenta_lahir" data-relevant="selected( /dokumentasi_persalinan/persalinan ,'kalatiga')" data-type-xml="time" />
   </label>
   <label class="question or-branch pre-init non-select ">
      <span lang="" class="or-constraint-msg active">Nilai tidak boleh minus</span>
      <span lang="" class="question-label active">Perdarahan Kala IV 2 jam Postpartum</span>
      <span lang="" class="or-hint active">Menunjukkan Volume / Jumlah Darah Setelah 2 Jam Persalinan (cc)</span>
      <input type="number" name="/dokumentasi_persalinan/perdarahan_kala_iv_2_jam_postpartum" data-constraint=".&gt;-1 and .&lt;100" data-relevant="selected( /dokumentasi_persalinan/persalinan ,'kalaempat')" data-type-xml="int" />
   </label>
   <fieldset class="question or-branch pre-init ">
      <fieldset>
         <legend>
            <span lang="" class="question-label active">Persentasi</span>
            <span lang="" class="or-hint active">Menunjukkan Bagian Terendah Janin, yang Sudah Masuk Ke dalam PAP</span>
         </legend>
         <div class="option-wrapper">
            <label class="">
               <input type="radio" name="/dokumentasi_persalinan/persentasi" data-name="/dokumentasi_persalinan/persentasi" value="puncak_kepala" data-relevant="selected( /dokumentasi_persalinan/persalinan ,'kalaempat')" data-type-xml="select1" />
               <span lang="" class="option-label active">Puncak Kepala (PK)</span>
            </label>
            <label class="">
               <input type="radio" name="/dokumentasi_persalinan/persentasi" data-name="/dokumentasi_persalinan/persentasi" value="belakang_kepala" data-relevant="selected( /dokumentasi_persalinan/persalinan ,'kalaempat')" data-type-xml="select1" />
               <span lang="" class="option-label active">Belakang Kepala (BK)</span>
            </label>
            <label class="">
               <input type="radio" name="/dokumentasi_persalinan/persentasi" data-name="/dokumentasi_persalinan/persentasi" value="lintang_oblique" data-relevant="selected( /dokumentasi_persalinan/persalinan ,'kalaempat')" data-type-xml="select1" />
               <span lang="" class="option-label active">Lintang/Oblique (LG/OB)</span>
            </label>
            <label class="">
               <input type="radio" name="/dokumentasi_persalinan/persentasi" data-name="/dokumentasi_persalinan/persentasi" value="menumbung" data-relevant="selected( /dokumentasi_persalinan/persalinan ,'kalaempat')" data-type-xml="select1" />
               <span lang="" class="option-label active">Menumbung (MG)</span>
            </label>
            <label class="">
               <input type="radio" name="/dokumentasi_persalinan/persentasi" data-name="/dokumentasi_persalinan/persentasi" value="bokong" data-relevant="selected( /dokumentasi_persalinan/persalinan ,'kalaempat')" data-type-xml="select1" />
               <span lang="" class="option-label active">Bokong (BK)</span>
            </label>
            <label class="">
               <input type="radio" name="/dokumentasi_persalinan/persentasi" data-name="/dokumentasi_persalinan/persentasi" value="dahi" data-relevant="selected( /dokumentasi_persalinan/persalinan ,'kalaempat')" data-type-xml="select1" />
               <span lang="" class="option-label active">Dahi (Dahi)</span>
            </label>
            <label class="">
               <input type="radio" name="/dokumentasi_persalinan/persentasi" data-name="/dokumentasi_persalinan/persentasi" value="muka" data-relevant="selected( /dokumentasi_persalinan/persalinan ,'kalaempat')" data-type-xml="select1" />
               <span lang="" class="option-label active">Muka (MK)</span>
            </label>
            <label class="">
               <input type="radio" name="/dokumentasi_persalinan/persentasi" data-name="/dokumentasi_persalinan/persentasi" value="kaki" data-relevant="selected( /dokumentasi_persalinan/persalinan ,'kalaempat')" data-type-xml="select1" />
               <span lang="" class="option-label active">Kaki (KK)</span>
            </label>
            <label class="">
               <input type="radio" name="/dokumentasi_persalinan/persentasi" data-name="/dokumentasi_persalinan/persentasi" value="rangkap" data-relevant="selected( /dokumentasi_persalinan/persalinan ,'kalaempat')" data-type-xml="select1" />
               <span lang="" class="option-label active">Rangkap (RK)</span>
            </label>
         </div>
      </fieldset>
   </fieldset>
   <fieldset class="question ">
      <fieldset>
         <legend>
            <span lang="" class="question-label active">Tempat bersalin</span>
            <span lang="" class="or-hint active">Menunjukkan Tempat Persalinan Ibu</span>
         </legend>
         <div class="option-wrapper">
            <label class="">
               <input type="radio" name="/dokumentasi_persalinan/tempat_bersalin" data-name="/dokumentasi_persalinan/tempat_bersalin" value="rumah" data-type-xml="select1" />
               <span lang="" class="option-label active">Rumah (RMH)</span>
            </label>
            <label class="">
               <input type="radio" name="/dokumentasi_persalinan/tempat_bersalin" data-name="/dokumentasi_persalinan/tempat_bersalin" value="podok_bersalin_desa" data-type-xml="select1" />
               <span lang="" class="option-label active">Podok Bersalin desa ( Poskesdes)</span>
            </label>
            <label class="">
               <input type="radio" name="/dokumentasi_persalinan/tempat_bersalin" data-name="/dokumentasi_persalinan/tempat_bersalin" value="pusat_kesehatan_masyarakat_pembantu" data-type-xml="select1" />
               <span lang="" class="option-label active">Pusat Kesehatan Masyarakat Pembantu (Pustu)</span>
            </label>
            <label class="">
               <input type="radio" name="/dokumentasi_persalinan/tempat_bersalin" data-name="/dokumentasi_persalinan/tempat_bersalin" value="pusat_kesehatan_masyarakat" data-type-xml="select1" />
               <span lang="" class="option-label active">Pusat Kesehatan Masyarakat (Puseksmas )</span>
            </label>
            <label class="">
               <input type="radio" name="/dokumentasi_persalinan/tempat_bersalin" data-name="/dokumentasi_persalinan/tempat_bersalin" value="rumah_bersalin" data-type-xml="select1" />
               <span lang="" class="option-label active">Rumah Bersalin (RB)</span>
            </label>
            <label class="">
               <input type="radio" name="/dokumentasi_persalinan/tempat_bersalin" data-name="/dokumentasi_persalinan/tempat_bersalin" value="rumah_sakit_ibu_dan_anak" data-type-xml="select1" />
               <span lang="" class="option-label active">Rumah Sakit Ibu dan Anak (RSIA)</span>
            </label>
            <label class="">
               <input type="radio" name="/dokumentasi_persalinan/tempat_bersalin" data-name="/dokumentasi_persalinan/tempat_bersalin" value="rumah_sakit" data-type-xml="select1" />
               <span lang="" class="option-label active">Rumah Sakit (RS)</span>
            </label>
            <label class="">
               <input type="radio" name="/dokumentasi_persalinan/tempat_bersalin" data-name="/dokumentasi_persalinan/tempat_bersalin" value="rumah_sakit_orang_dengan_hiv_aids" data-type-xml="select1" />
               <span lang="" class="option-label active">Rumah Sakit Orang dengan HIV / AIDS (RS Odha)</span>
            </label>
         </div>
      </fieldset>
   </fieldset>
   <fieldset class="question ">
      <fieldset>
         <legend>
            <span lang="" class="question-label active">Penolong</span>
            <span lang="" class="or-hint active">Menunjukkan Penolong Persalinan Ibu</span>
         </legend>
         <div class="option-wrapper">
            <label class="">
               <input type="radio" name="/dokumentasi_persalinan/penolong" data-name="/dokumentasi_persalinan/penolong" value="keluarga" data-type-xml="select1" />
               <span lang="" class="option-label active">Keluarga (K)</span>
            </label>
            <label class="">
               <input type="radio" name="/dokumentasi_persalinan/penolong" data-name="/dokumentasi_persalinan/penolong" value="dukun" data-type-xml="select1" />
               <span lang="" class="option-label active">Dukun (D)</span>
            </label>
            <label class="">
               <input type="radio" name="/dokumentasi_persalinan/penolong" data-name="/dokumentasi_persalinan/penolong" value="bidan" data-type-xml="select1" />
               <span lang="" class="option-label active">Bidan (B)</span>
            </label>
            <label class="">
               <input type="radio" name="/dokumentasi_persalinan/penolong" data-name="/dokumentasi_persalinan/penolong" value="dr.umum" data-type-xml="select1" />
               <span lang="" class="option-label active">Dr.Umum (DU)</span>
            </label>
            <label class="">
               <input type="radio" name="/dokumentasi_persalinan/penolong" data-name="/dokumentasi_persalinan/penolong" value="dr.spesialis" data-type-xml="select1" />
               <span lang="" class="option-label active">Dr.Spesialis (DS)</span>
            </label>
            <label class="">
               <input type="radio" name="/dokumentasi_persalinan/penolong" data-name="/dokumentasi_persalinan/penolong" value="lain_lain" data-type-xml="select1" />
               <span lang="" class="option-label active">Lain-Lain (LN)</span>
            </label>
            <label class="">
               <input type="radio" name="/dokumentasi_persalinan/penolong" data-name="/dokumentasi_persalinan/penolong" value="tidak_ada" data-type-xml="select1" />
               <span lang="" class="option-label active">Tidak Ada (TA)</span>
            </label>
         </div>
      </fieldset>
   </fieldset>
   <label class="question or-branch pre-init non-select ">
      <span lang="" class="question-label active">Penolong/lain-lain (LN)</span>
      <span lang="" class="or-hint active">Menunjukkan Penolong Persalinan Ibu selain yang disebutkan</span>
      <input type="text" name="/dokumentasi_persalinan/penolonglain-lain_ln" data-relevant=" /dokumentasi_persalinan/penolong  = 'lain_lain'" data-type-xml="string" />
   </label>
   <fieldset class="question ">
      <fieldset>
         <legend>
            <span lang="" class="question-label active">Cara Persalinan Ibu</span>
            <span lang="" class="or-hint active">Menunjukkan Cara Persalinan Ibu (Prosesnya Normal atau tidak)</span>
         </legend>
         <div class="option-wrapper">
            <label class="">
               <input type="radio" name="/dokumentasi_persalinan/cara_persalinan_ibu" data-name="/dokumentasi_persalinan/cara_persalinan_ibu" value="normal" data-type-xml="select1" />
               <span lang="" class="option-label active">Normal (N)</span>
            </label>
            <label class="">
               <input type="radio" name="/dokumentasi_persalinan/cara_persalinan_ibu" data-name="/dokumentasi_persalinan/cara_persalinan_ibu" value="vacum" data-type-xml="select1" />
               <span lang="" class="option-label active">Vacum (VC)</span>
            </label>
            <label class="">
               <input type="radio" name="/dokumentasi_persalinan/cara_persalinan_ibu" data-name="/dokumentasi_persalinan/cara_persalinan_ibu" value="forceps" data-type-xml="select1" />
               <span lang="" class="option-label active">Forceps (FS)</span>
            </label>
            <label class="">
               <input type="radio" name="/dokumentasi_persalinan/cara_persalinan_ibu" data-name="/dokumentasi_persalinan/cara_persalinan_ibu" value="sectio_caesaria" data-type-xml="select1" />
               <span lang="" class="option-label active">Sectio Caesaria (SC)</span>
            </label>
         </div>
      </fieldset>
   </fieldset>
   <fieldset class="question ">
      <fieldset>
         <legend>
            <span lang="" class="question-label active">Manajemen Aktif Kala III</span>
            <span lang="" class="or-hint active">Menunjukkan Tindakkan yang Dilakukan Pada Saat Kala III untuk Mengeluarkan Plasenta</span>
         </legend>
         <div class="option-wrapper">
            <label class="">
               <input type="checkbox" name="/dokumentasi_persalinan/manajemen_aktif_kala_iii" value="injeksi_oksittosin" data-type-xml="select" />
               <span lang="" class="option-label active">Injeksi Oksittosin (IO)</span>
            </label>
            <label class="">
               <input type="checkbox" name="/dokumentasi_persalinan/manajemen_aktif_kala_iii" value="peregangan_tali_pusat" data-type-xml="select" />
               <span lang="" class="option-label active">Peregangan Tali Pusat (PP)</span>
            </label>
            <label class="">
               <input type="checkbox" name="/dokumentasi_persalinan/manajemen_aktif_kala_iii" value="masase_fundus_uteri" data-type-xml="select" />
               <span lang="" class="option-label active">Masase Fundus Uteri (MU)</span>
            </label>
         </div>
      </fieldset>
   </fieldset>
   <fieldset class="question ">
      <fieldset>
         <legend>
            <span lang="" class="question-label active">Pelayanan</span>
            <span lang="" class="or-hint active">Jenis Pelayanan yang Diberikan ke Ibu dari proses persalinan sampai 2 jam setelah Persalinan</span>
         </legend>
         <div class="option-wrapper">
            <label class="">
               <input type="checkbox" name="/dokumentasi_persalinan/pelayanan" value="imd_k_1_jam_l_1_jam" data-type-xml="select" />
               <span lang="" class="option-label active">IMD &lt; 1 Jam / &gt; 1 Jam (IMD)</span>
            </label>
            <label class="">
               <input type="checkbox" name="/dokumentasi_persalinan/pelayanan" value="menggunakan_partograf" data-type-xml="select" />
               <span lang="" class="option-label active">Menggunakan Partograf (MP)</span>
            </label>
            <label class="">
               <input type="checkbox" name="/dokumentasi_persalinan/pelayanan" value="catat_di_buku_kia" data-type-xml="select" />
               <span lang="" class="option-label active">Catat di Buku KIA (CK)</span>
            </label>
         </div>
      </fieldset>
   </fieldset>
   <label class="question non-select ">
      <span lang="" class="question-label active">Integrasi Program</span>
      <span lang="" class="or-hint active">Nama Obat ( ARV Profilaksis / Anti Malaria / Anti TB) yang Diberikan Bidan ke Ibu</span>
      <input type="text" name="/dokumentasi_persalinan/integrasi_program" data-type-xml="string" />
   </label>
   <fieldset class="question ">
      <fieldset>
         <legend>
            <span lang="" class="question-label active">Komplikasi</span>
            <span lang="" class="or-hint active">Jenis Komplikasi yang Terjadi Pada Ibu Setelah Persalinan</span>
         </legend>
         <div class="option-wrapper">
            <label class="">
               <input type="radio" name="/dokumentasi_persalinan/komplikasi" data-name="/dokumentasi_persalinan/komplikasi" value="tidak_ada_komplikasi" data-type-xml="select1" />
               <span lang="" class="option-label active">Tidak ada komplikasi persalinan</span>
            </label>
            <label class="">
               <input type="radio" name="/dokumentasi_persalinan/komplikasi" data-name="/dokumentasi_persalinan/komplikasi" value="distosia" data-type-xml="select1" />
               <span lang="" class="option-label active">Distosia (DS)</span>
            </label>
            <label class="">
               <input type="radio" name="/dokumentasi_persalinan/komplikasi" data-name="/dokumentasi_persalinan/komplikasi" value="hipertensi_dalam_kehamilan" data-type-xml="select1" />
               <span lang="" class="option-label active">Hipertensi dalam Kehamilan (HDK)</span>
            </label>
            <label class="">
               <input type="radio" name="/dokumentasi_persalinan/komplikasi" data-name="/dokumentasi_persalinan/komplikasi" value="perdarahan_post-partum" data-type-xml="select1" />
               <span lang="" class="option-label active">Perdarahan Post-Partum (PPP)</span>
            </label>
            <label class="">
               <input type="radio" name="/dokumentasi_persalinan/komplikasi" data-name="/dokumentasi_persalinan/komplikasi" value="Infeksi" data-type-xml="select1" />
               <span lang="" class="option-label active">Infeksi</span>
            </label>
            <label class="">
               <input type="radio" name="/dokumentasi_persalinan/komplikasi" data-name="/dokumentasi_persalinan/komplikasi" value="lain_lain" data-type-xml="select1" />
               <span lang="" class="option-label active">Lain - Lain (LN)</span>
            </label>
         </div>
      </fieldset>
   </fieldset>
   <label class="question or-branch pre-init non-select ">
      <span lang="" class="question-label active">Komplikasi/lain-lain (LN)</span>
      <span lang="" class="or-hint active">Jenis Komplikasi yang Terjadi Pada Ibu Setelah Persalinan selain yang disebutkan</span>
      <input type="text" name="/dokumentasi_persalinan/komplikasilain-lain" data-relevant=" /dokumentasi_persalinan/komplikasi  = 'lain_lain'" data-type-xml="string" />
   </label>
   <fieldset class="question ">
      <fieldset>
         <legend>
            <span lang="" class="question-label active">Dirujuk Ke</span>
            <span lang="" class="or-hint active">Tempat Ibu dirujuk, Jika Ibu mengalami Komplikasi Persalinan</span>
         </legend>
         <div class="option-wrapper">
            <label class="">
               <input type="radio" name="/dokumentasi_persalinan/dirujuk_ke" data-name="/dokumentasi_persalinan/dirujuk_ke" value="pusat_kesehatan_masyarakat" data-type-xml="select1" />
               <span lang="" class="option-label active">Pusat Kesehatan Masyarakat (Puskesmas )</span>
            </label>
            <label class="">
               <input type="radio" name="/dokumentasi_persalinan/dirujuk_ke" data-name="/dokumentasi_persalinan/dirujuk_ke" value="rumah_bersalin" data-type-xml="select1" />
               <span lang="" class="option-label active">Rumah Bersalin (RB)</span>
            </label>
            <label class="">
               <input type="radio" name="/dokumentasi_persalinan/dirujuk_ke" data-name="/dokumentasi_persalinan/dirujuk_ke" value="rumah_sakit_ibu_dan_anak" data-type-xml="select1" />
               <span lang="" class="option-label active">Rumah Sakit Ibu dan Anak (RSIA)</span>
            </label>
            <label class="">
               <input type="radio" name="/dokumentasi_persalinan/dirujuk_ke" data-name="/dokumentasi_persalinan/dirujuk_ke" value="rumah_sakit" data-type-xml="select1" />
               <span lang="" class="option-label active">Rumah Sakit (RS)</span>
            </label>
            <label class="">
               <input type="radio" name="/dokumentasi_persalinan/dirujuk_ke" data-name="/dokumentasi_persalinan/dirujuk_ke" value="lain_lain" data-type-xml="select1" />
               <span lang="" class="option-label active">Lain-lain (LN)</span>
            </label>
            <label class="">
               <input type="radio" name="/dokumentasi_persalinan/dirujuk_ke" data-name="/dokumentasi_persalinan/dirujuk_ke" value="tidak_dirujuk" data-type-xml="select1" />
               <span lang="" class="option-label active">Tidak Dirujuk (TD)</span>
            </label>
         </div>
      </fieldset>
   </fieldset>
   <label class="question or-branch pre-init non-select ">
      <span lang="" class="question-label active">Dirujuk Ke/lain-lain</span>
      <span lang="" class="or-hint active">Tempat Ibu dirujuk, Jika Ibu mengalami Komplikasi Persalinan</span>
      <input type="text" name="/dokumentasi_persalinan/dirujuk_kelain-lain" data-relevant=" /dokumentasi_persalinan/dirujuk_ke  = 'lain_lain'" data-type-xml="string" />
   </label>
   <label class="question non-select ">
      <span lang="" class="question-label active">Alamat Bersalin</span>
      <span lang="" class="or-hint active">Alamat Tempat Ibu Bersalin</span>
      <input type="text" name="/dokumentasi_persalinan/alamat_bersalin" data-type-xml="string" />
   </label>

   <fieldset id="or-preload-items" style="display:none;">
      <label class="calculation non-select ">
         <input type="hidden" name="/dokumentasi_persalinan/start" data-preload="timestamp" data-preload-params="start" data-type-xml="dateTime" />
      </label>
      <label class="calculation non-select ">
         <input type="hidden" name="/dokumentasi_persalinan/today" data-preload="date" data-preload-params="today" data-type-xml="date" />
      </label>
      <label class="calculation non-select ">
         <input type="hidden" name="/dokumentasi_persalinan/deviceid" data-preload="property" data-preload-params="deviceid" data-type-xml="string" />
      </label>
      <label class="calculation non-select ">
         <input type="hidden" name="/dokumentasi_persalinan/simserial" data-preload="property" data-preload-params="simserial" data-type-xml="string" />
      </label>
      <label class="calculation non-select ">
         <input type="hidden" name="/dokumentasi_persalinan/phonenumber" data-preload="property" data-preload-params="phonenumber" data-type-xml="string" />
      </label>
      <label class="calculation non-select ">
         <input type="hidden" name="/dokumentasi_persalinan/end" data-preload="timestamp" data-preload-params="end" data-type-xml="dateTime" />
      </label>
   </fieldset>
   <fieldset id="or-calculated-items" style="display:none;">
      <label class="calculation non-select ">
         <input autocomplete="off" type="hidden" name="/dokumentasi_persalinan/reg_date" data-calculate=" /dokumentasi_persalinan/today " data-type-xml="date"/>
      </label>

      <label class="calculation non-select ">
         <input type="hidden" name="/dokumentasi_persalinan/meta/instanceID" data-calculate="concat('uuid:', uuid())" data-type-xml="string" />
      </label>
      <label class="calculation non-select ">
         <input type="hidden" name="/dokumentasi_persalinan/formhub/uuid" data-calculate="'bc4d5284f09143bfaf6ab6830e8ddb20'" data-type-xml="string" />
      </label>
   </fieldset>
</form>
