{
    "form_data_definition_version": "1",
    "form": {
        "bind_type": "kartu_ibu",
        "default_bind_path": "/model/instance/Penutupan_kartu_ibu/",
        "fields": [
            {
                "name": "id",
                "shouldLoadValue": true
            },
            {
                "name": "closeReason",
                "bind": "/model/instance/Penutupan_kartu_ibu/close_reason"
            },
            {
                "name": "otherCloseReason",
                "bind": "/model/instance/Penutupan_kartu_ibu/close_reason_other"
            },
            {
                "name": "isMaternalDeath",
                "bind": "/model/instance/Penutupan_kartu_ibu/maternal_death"
            },
            {
                "name": "maternalDeathDate",
                "bind": "/model/instance/Penutupan_kartu_ibu/maternal_death_date"
            },
            {
                "name": "placeOfDeath",
                "bind": "/model/instance/Penutupan_kartu_ibu/place_of_death"
            },
            {
                "name": "otherPlaceOfDeath",
                "bind": "/model/instance/Penutupan_kartu_ibu/other_place_of_death"
            },
            {
                "name": "notMaternalDeathCause",
                "bind": "/model/instance/Penutupan_kartu_ibu/not_maternal_death_cause"
            },
            {
                "name": "maternalDeathCause",
                "bind": "/model/instance/Penutupan_kartu_ibu/maternal_death_cause"
            },
            {
                "name": "otherMaternalDeathCause",
                "bind": "/model/instance/Penutupan_kartu_ibu/other_maternal_death_cause"
            },
            {
                "name": "isKICloseConfirmed",
                "bind": "/model/instance/Penutupan_kartu_ibu/confirm_ec_close"
            },
            {
                "name": "submissionDate",
                "bind": "/model/instance/Penutupan_kartu_ibu/today"
            },
            {
                "name": "registrationDate",
                "bind": "/model/instance/Penutupan_kartu_ibu/reg_date"
            },
            {
                "name": "isClosed",
                "value": "true"
            }
        ]
    }
}
