<model>
    <instance>
        <Penutupan_kartu_ibu id="Penutupan_kartu_ibu" version="201506190618">
          <formhub>
            <uuid/>
          </formhub>
          <start/>
          <today/>
          <deviceid/>
          <simserial/>
          <phonenumber/>
          <close_reason/>
          <close_reason_other/>
          <maternal_death/>
          <maternal_death_date/>
          <place_of_death/>
          <other_place_of_death/>
          <not_maternal_death_cause/>
          <maternal_death_cause/>
          <other_maternal_death_cause/>
          <confirm_ec_close/>
          <end/>
          <meta>
            <instanceID/>
          </meta>
        </Penutupan_kartu_ibu>
      </instance>
  </model>