{
    "form_data_definition_version":"1",
    "form":{
        "bind_type":"ibu",
        "default_bind_path":"/model/instance/PNC_Close/",
        "fields":[
            {
                "name":"id",
                "shouldLoadValue":true
            },
            {
                "name":"kiId",
                "source":"ibu.kartu_ibu.id",
                "shouldLoadValue":true
            },
            {
                "name":"pncCloseReason",
                "bind":"/model/instance/PNC_Close/pnc_close_reason"
            },
            {
                "name":"womanSurvived",
                "bind":"/model/instance/PNC_Close/death_mother_group/woman_survived"
            },
            {
                "name":"deathDate",
                "bind":"/model/instance/PNC_Close/death_mother_group/death_date"
            },
            {
                "name":"maternalDeath",
                "bind":"/model/instance/PNC_Close/death_mother_group/maternal_death"
            },
            {
                "name":"maternalDeathCause",
                "bind":"/model/instance/PNC_Close/death_mother_group/maternal_death_cause"
            },
            {
                "name":"otherMaternalDeathCause",
                "bind":"/model/instance/PNC_Close/death_mother_group/other_maternal_death_cause"
            },
            {
                "name":"placeOfDeath",
                "bind":"/model/instance/PNC_Close/death_mother_group/place_of_death"
            },
            {
                "name":"otherPlaceOfDeath",
                "bind":"/model/instance/PNC_Close/death_mother_group/other_place_of_death"
            },
            {
                "name":"submissionDate",
                "bind":"/model/instance/PNC_Close/today"
            },
            {
                "name":"registrationDate",
                "bind":"/model/instance/PNC_Close/reg_date"
            },
            {
            	"name":"type",
            	"value":"anc"
            },
            {
                "name":"isClosed",
                "bind":"/model/instance/PNC_Close/death_mother_group/is_mother_closed"
            }
        ]
    }
}
