<model>
    <instance>
        <PNC_Close id="PNC_Close" version="201506200347">
          <formhub>
            <uuid/>
          </formhub>
          <start/>
          <today/>
          <deviceid/>
          <simserial/>
          <phonenumber/>
          <pnc_close_reason/>
          <death_mother_group>
            <woman_survived/>
            <death_date/>
            <maternal_death/>
            <maternal_death_cause/>
            <other_maternal_death_cause/>
            <place_of_death/>
            <other_place_of_death/>
            <not_maternal_death_cause/>
          </death_mother_group>
          <confirm_pnc_close/>
          <end/>
          <meta>
            <instanceID/>
          </meta>
        </PNC_Close>
      </instance>
  </model>
