<?xml version="1.0" encoding="UTF-8"?>
<model>
   <instance>
      <register_kb id="register_kb" version="201508070301">
         <formhub>
            <uuid />
         </formhub>
         <start />
         <today />
	 <reg_date />
         <deviceid />
         <simserial />
         <phonenumber />
         <tanggal_kunjungan />
         <puskesmas />
         <no_ibu />
         <nama_lengkap />
         <nama_suami />
         <tanggal_lahir_ibu />
         <umur />
         <generated_note_name_14 />
         <alamat_domisili />
         <propinsi>Nusa Tenggara Barat</propinsi>
         <kabupaten>Lombok Tengah</kabupaten>
         <kecamatan />
         <kecamatanl />
         <desa1 />
         <desa2 />
         <desa />
         <dusun1 />
         <dusun2 />
         <dusun />
         <pendidikan />
         <agama />
         <pekerjaan>Ibu rumah tangga</pekerjaan>
         <gakin_tidak />
         <posyandu />
         <nama_kader />
         <nama_dukun />
         <asuransi_jiwa />
         <golongan_darah />
         <nomortelpon />
         <nomor_telpon_hp />
         <paritas />
         <td_sistolik />
         <td_diastolik />
         <alki />
         <alki_hb />
         <alki_lila />
         <alki_penyakit_kronis />
         <alki_penyakit_ims />
         <keterangan_tentang_peserta_kb />
         <jenis_kontrasepsi_yang_digunakan />
         <end />
         <meta>
            <instanceID />
         </meta>
      </register_kb>
   </instance>
   <instance id="individual_accompanying_during_labor">
      <root>
         <item>
            <itextId>static_instance-individual_accompanying_during_labor-0</itextId>
            <name>suami</name>
         </item>
         <item>
            <itextId>static_instance-individual_accompanying_during_labor-1</itextId>
            <name>keluaga</name>
         </item>
         <item>
            <itextId>static_instance-individual_accompanying_during_labor-2</itextId>
            <name>teman</name>
         </item>
         <item>
            <itextId>static_instance-individual_accompanying_during_labor-3</itextId>
            <name>tetangga</name>
         </item>
         <item>
            <itextId>static_instance-individual_accompanying_during_labor-4</itextId>
            <name>lain-lain</name>
         </item>
         <item>
            <itextId>static_instance-individual_accompanying_during_labor-5</itextId>
            <name>tidak_ada</name>
         </item>
      </root>
   </instance>
   <instance id="education">
      <root>
         <item>
            <itextId>static_instance-education-0</itextId>
            <name>sekolah_dasar</name>
         </item>
         <item>
            <itextId>static_instance-education-1</itextId>
            <name>sekolah_menengah_pertama</name>
         </item>
         <item>
            <itextId>static_instance-education-2</itextId>
            <name>sekolah_menengah_atas</name>
         </item>
         <item>
            <itextId>static_instance-education-3</itextId>
            <name>perguruan_tinggi</name>
         </item>
         <item>
            <itextId>static_instance-education-4</itextId>
            <name>tidak_sekolah</name>
         </item>
      </root>
   </instance>
   <instance id="insurance">
      <root>
         <item>
            <itextId>static_instance-insurance-0</itextId>
            <name>jaminan_kesehatan_masyarakat</name>
         </item>
         <item>
            <itextId>static_instance-insurance-1</itextId>
            <name>Jamsostek</name>
         </item>
         <item>
            <itextId>static_instance-insurance-2</itextId>
            <name>jaminan_kesehatan_daerah</name>
         </item>
         <item>
            <itextId>static_instance-insurance-3</itextId>
            <name>asuransi_kesehatan</name>
         </item>
         <item>
            <itextId>static_instance-insurance-4</itextId>
            <name>jaminan_persalinan</name>
         </item>
         <item>
            <itextId>static_instance-insurance-5</itextId>
            <name>tidak_ada_asuransi</name>
         </item>
      </root>
   </instance>
   <instance id="previous_labor">
      <root>
         <item>
            <itextId>static_instance-previous_labor-0</itextId>
            <name>normal</name>
         </item>
         <item>
            <itextId>static_instance-previous_labor-1</itextId>
            <name>tidak_normal</name>
         </item>
         <item>
            <itextId>static_instance-previous_labor-2</itextId>
            <name>tidak_ada_persalinan_sebelumnya</name>
         </item>
      </root>
   </instance>
   <instance id="kabupaten">
      <root>
         <item>
            <itextId>static_instance-kabupaten-0</itextId>
            <name>Lombok Barat</name>
         </item>
         <item>
            <itextId>static_instance-kabupaten-1</itextId>
            <name>Lombok Tengah</name>
         </item>
         <item>
            <itextId>static_instance-kabupaten-2</itextId>
            <name>Lombok Timur</name>
         </item>
      </root>
   </instance>
   <instance id="condition_of_house">
      <root>
         <item>
            <itextId>static_instance-condition_of_house-0</itextId>
            <name>permanen</name>
         </item>
         <item>
            <itextId>static_instance-condition_of_house-1</itextId>
            <name>tidak_permanen</name>
         </item>
      </root>
   </instance>
   <instance id="religion">
      <root>
         <item>
            <itextId>static_instance-religion-0</itextId>
            <name>islam</name>
         </item>
         <item>
            <itextId>static_instance-religion-1</itextId>
            <name>hindu</name>
         </item>
         <item>
            <itextId>static_instance-religion-2</itextId>
            <name>kristen</name>
         </item>
         <item>
            <itextId>static_instance-religion-3</itextId>
            <name>katolik</name>
         </item>
         <item>
            <itextId>static_instance-religion-4</itextId>
            <name>budha</name>
         </item>
         <item>
            <itextId>static_instance-religion-5</itextId>
            <name>Lainnya</name>
         </item>
      </root>
   </instance>
   <instance id="blood_donor">
      <root>
         <item>
            <itextId>static_instance-blood_donor-0</itextId>
            <name>suami</name>
         </item>
         <item>
            <itextId>static_instance-blood_donor-1</itextId>
            <name>keluaga</name>
         </item>
         <item>
            <itextId>static_instance-blood_donor-2</itextId>
            <name>teman</name>
         </item>
         <item>
            <itextId>static_instance-blood_donor-3</itextId>
            <name>lain-lain</name>
         </item>
         <item>
            <itextId>static_instance-blood_donor-4</itextId>
            <name>tidak_ada</name>
         </item>
      </root>
   </instance>
   <instance id="maternal_and_child_health_booklet">
      <root>
         <item>
            <itextId>static_instance-maternal_and_child_health_booklet-0</itextId>
            <name>memiliki</name>
         </item>
         <item>
            <itextId>static_instance-maternal_and_child_health_booklet-1</itextId>
            <name>tidak_memiliki</name>
         </item>
      </root>
   </instance>
   <instance id="dusun">
      <root>
         <item>
            <itextId>static_instance-dusun-0</itextId>
            <kecamatan>Pujut</kecamatan>
            <name>Kale</name>
            <desa>Sengkol</desa>
         </item>
         <item>
            <itextId>static_instance-dusun-1</itextId>
            <kecamatan>Pujut</kecamatan>
            <name>Piyang</name>
            <desa>Sengkol</desa>
         </item>
         <item>
            <itextId>static_instance-dusun-2</itextId>
            <kecamatan>Pujut</kecamatan>
            <name>Soweng</name>
            <desa>Sengkol</desa>
         </item>
         <item>
            <itextId>static_instance-dusun-3</itextId>
            <kecamatan>Pujut</kecamatan>
            <name>Senundal</name>
            <desa>Sengkol</desa>
         </item>
         <item>
            <itextId>static_instance-dusun-4</itextId>
            <kecamatan>Pujut</kecamatan>
            <name>Jomang</name>
            <desa>Sengkol</desa>
         </item>
         <item>
            <itextId>static_instance-dusun-5</itextId>
            <kecamatan>Pujut</kecamatan>
            <name>Penambong</name>
            <desa>Sengkol</desa>
         </item>
         <item>
            <itextId>static_instance-dusun-6</itextId>
            <kecamatan>Pujut</kecamatan>
            <name>Peresak</name>
            <desa>Sengkol</desa>
         </item>
         <item>
            <itextId>static_instance-dusun-7</itextId>
            <kecamatan>Pujut</kecamatan>
            <name>Pesarih</name>
            <desa>Sengkol</desa>
         </item>
         <item>
            <itextId>static_instance-dusun-8</itextId>
            <kecamatan>Pujut</kecamatan>
            <name>Sedo</name>
            <desa>Sengkol</desa>
         </item>
         <item>
            <itextId>static_instance-dusun-9</itextId>
            <kecamatan>Pujut</kecamatan>
            <name>Lotir</name>
            <desa>Sengkol</desa>
         </item>
         <item>
            <itextId>static_instance-dusun-10</itextId>
            <kecamatan>Pujut</kecamatan>
            <name>Belong</name>
            <desa>Sengkol</desa>
         </item>
         <item>
            <itextId>static_instance-dusun-11</itextId>
            <kecamatan>Pujut</kecamatan>
            <name>Sereneng</name>
            <desa>Sengkol</desa>
         </item>
         <item>
            <itextId>static_instance-dusun-12</itextId>
            <kecamatan>Pujut</kecamatan>
            <name>Sengkol I</name>
            <desa>Sengkol</desa>
         </item>
         <item>
            <itextId>static_instance-dusun-13</itextId>
            <kecamatan>Pujut</kecamatan>
            <name>Sengkol II</name>
            <desa>Sengkol</desa>
         </item>
         <item>
            <itextId>static_instance-dusun-14</itextId>
            <kecamatan>Pujut</kecamatan>
            <name>Junge</name>
            <desa>Sengkol</desa>
         </item>
         <item>
            <itextId>static_instance-dusun-15</itextId>
            <kecamatan>Pujut</kecamatan>
            <name>Gentang</name>
            <desa>Sengkol</desa>
         </item>
         <item>
            <itextId>static_instance-dusun-16</itextId>
            <kecamatan>Pujut</kecamatan>
            <name>Tajuk</name>
            <desa>Sengkol</desa>
         </item>
         <item>
            <itextId>static_instance-dusun-17</itextId>
            <kecamatan>Pujut</kecamatan>
            <name>Rebile</name>
            <desa>Tanak Awu</desa>
         </item>
         <item>
            <itextId>static_instance-dusun-18</itextId>
            <kecamatan>Pujut</kecamatan>
            <name>Perendik</name>
            <desa>Tanak Awu</desa>
         </item>
         <item>
            <itextId>static_instance-dusun-19</itextId>
            <kecamatan>Pujut</kecamatan>
            <name>Tanak Awu I</name>
            <desa>Tanak Awu</desa>
         </item>
         <item>
            <itextId>static_instance-dusun-20</itextId>
            <kecamatan>Pujut</kecamatan>
            <name>Tanak Awu II</name>
            <desa>Tanak Awu</desa>
         </item>
         <item>
            <itextId>static_instance-dusun-21</itextId>
            <kecamatan>Pujut</kecamatan>
            <name>Selawang</name>
            <desa>Tanak Awu</desa>
         </item>
         <item>
            <itextId>static_instance-dusun-22</itextId>
            <kecamatan>Pujut</kecamatan>
            <name>Reak I</name>
            <desa>Tanak Awu</desa>
         </item>
         <item>
            <itextId>static_instance-dusun-23</itextId>
            <kecamatan>Pujut</kecamatan>
            <name>Reak II</name>
            <desa>Tanak Awu</desa>
         </item>
         <item>
            <itextId>static_instance-dusun-24</itextId>
            <kecamatan>Pujut</kecamatan>
            <name>Singe</name>
            <desa>Tanak Awu</desa>
         </item>
         <item>
            <itextId>static_instance-dusun-25</itextId>
            <kecamatan>Pujut</kecamatan>
            <name>Gantang Lauk</name>
            <desa>Tanak Awu</desa>
         </item>
         <item>
            <itextId>static_instance-dusun-26</itextId>
            <kecamatan>Pujut</kecamatan>
            <name>Gantang Daye</name>
            <desa>Tanak Awu</desa>
         </item>
         <item>
            <itextId>static_instance-dusun-27</itextId>
            <kecamatan>Pujut</kecamatan>
            <name>Tatak</name>
            <desa>Tanak Awu</desa>
         </item>
         <item>
            <itextId>static_instance-dusun-28</itextId>
            <kecamatan>Pujut</kecamatan>
            <name>Tanak Awu Bat</name>
            <desa>Tanak Awu</desa>
         </item>
         <item>
            <itextId>static_instance-dusun-29</itextId>
            <kecamatan>Pujut</kecamatan>
            <name>Tanpok</name>
            <desa>Tanak Awu</desa>
         </item>
         <item>
            <itextId>static_instance-dusun-30</itextId>
            <kecamatan>Pujut</kecamatan>
            <name>Jambek</name>
            <desa>Tanak Awu</desa>
         </item>
         <item>
            <itextId>static_instance-dusun-31</itextId>
            <kecamatan>Pujut</kecamatan>
            <name>Sempalan</name>
            <desa>Ketara</desa>
         </item>
         <item>
            <itextId>static_instance-dusun-32</itextId>
            <kecamatan>Pujut</kecamatan>
            <name>Sarah</name>
            <desa>Ketara</desa>
         </item>
         <item>
            <itextId>static_instance-dusun-33</itextId>
            <kecamatan>Pujut</kecamatan>
            <name>Reban</name>
            <desa>Ketara</desa>
         </item>
         <item>
            <itextId>static_instance-dusun-34</itextId>
            <kecamatan>Pujut</kecamatan>
            <name>Plangsang</name>
            <desa>Ketara</desa>
         </item>
         <item>
            <itextId>static_instance-dusun-35</itextId>
            <kecamatan>Pujut</kecamatan>
            <name>Bagek Dewe</name>
            <desa>Ketara</desa>
         </item>
         <item>
            <itextId>static_instance-dusun-36</itextId>
            <kecamatan>Pujut</kecamatan>
            <name>Ketare</name>
            <desa>Ketara</desa>
         </item>
         <item>
            <itextId>static_instance-dusun-37</itextId>
            <kecamatan>Pujut</kecamatan>
            <name>Dese</name>
            <desa>Ketara</desa>
         </item>
         <item>
            <itextId>static_instance-dusun-38</itextId>
            <kecamatan>Pujut</kecamatan>
            <name>Dayen Rurung</name>
            <desa>Ketara</desa>
         </item>
         <item>
            <itextId>static_instance-dusun-39</itextId>
            <kecamatan>Pujut</kecamatan>
            <name>Selak</name>
            <desa>Ketara</desa>
         </item>
         <item>
            <itextId>static_instance-dusun-40</itextId>
            <kecamatan>Pujut</kecamatan>
            <name>Lebak</name>
            <desa>Ketara</desa>
         </item>
         <item>
            <itextId>static_instance-dusun-41</itextId>
            <kecamatan>Pujut</kecamatan>
            <name>Sampet</name>
            <desa>Ketara</desa>
         </item>
         <item>
            <itextId>static_instance-dusun-42</itextId>
            <kecamatan>Pujut</kecamatan>
            <name>Perigi</name>
            <desa>Ketara</desa>
         </item>
         <item>
            <itextId>static_instance-dusun-43</itextId>
            <kecamatan>Pujut</kecamatan>
            <name>Abe</name>
            <desa>Ketara</desa>
         </item>
         <item>
            <itextId>static_instance-dusun-44</itextId>
            <kecamatan>Pujut</kecamatan>
            <name>Kampu</name>
            <desa>Ketara</desa>
         </item>
         <item>
            <itextId>static_instance-dusun-45</itextId>
            <kecamatan>Pujut</kecamatan>
            <name>Embung Rungkas</name>
            <desa>Ketara</desa>
         </item>
         <item>
            <itextId>static_instance-dusun-46</itextId>
            <kecamatan>Pujut</kecamatan>
            <name>Bale Montong I</name>
            <desa>Kawo</desa>
         </item>
         <item>
            <itextId>static_instance-dusun-47</itextId>
            <kecamatan>Pujut</kecamatan>
            <name>Bale Montong II</name>
            <desa>Kawo</desa>
         </item>
         <item>
            <itextId>static_instance-dusun-48</itextId>
            <kecamatan>Pujut</kecamatan>
            <name>Batu Bangke</name>
            <desa>Kawo</desa>
         </item>
         <item>
            <itextId>static_instance-dusun-49</itextId>
            <kecamatan>Pujut</kecamatan>
            <name>Pengadang</name>
            <desa>Kawo</desa>
         </item>
         <item>
            <itextId>static_instance-dusun-50</itextId>
            <kecamatan>Pujut</kecamatan>
            <name>Karang Jangkong</name>
            <desa>Kawo</desa>
         </item>
         <item>
            <itextId>static_instance-dusun-51</itextId>
            <kecamatan>Pujut</kecamatan>
            <name>Balen Along</name>
            <desa>Kawo</desa>
         </item>
         <item>
            <itextId>static_instance-dusun-52</itextId>
            <kecamatan>Pujut</kecamatan>
            <name>Dayen Kubur</name>
            <desa>Kawo</desa>
         </item>
         <item>
            <itextId>static_instance-dusun-53</itextId>
            <kecamatan>Pujut</kecamatan>
            <name>Gubuk Direk</name>
            <desa>Kawo</desa>
         </item>
         <item>
            <itextId>static_instance-dusun-54</itextId>
            <kecamatan>Pujut</kecamatan>
            <name>Sarang Angin</name>
            <desa>Kawo</desa>
         </item>
         <item>
            <itextId>static_instance-dusun-55</itextId>
            <kecamatan>Pujut</kecamatan>
            <name>Karang Daye</name>
            <desa>Kawo</desa>
         </item>
         <item>
            <itextId>static_instance-dusun-56</itextId>
            <kecamatan>Pujut</kecamatan>
            <name>Gilik</name>
            <desa>Kawo</desa>
         </item>
         <item>
            <itextId>static_instance-dusun-57</itextId>
            <kecamatan>Pujut</kecamatan>
            <name>Gampung</name>
            <desa>Kawo</desa>
         </item>
         <item>
            <itextId>static_instance-dusun-58</itextId>
            <kecamatan>Pujut</kecamatan>
            <name>Wareng</name>
            <desa>Kawo</desa>
         </item>
         <item>
            <itextId>static_instance-dusun-59</itextId>
            <kecamatan>Pujut</kecamatan>
            <name>Pance</name>
            <desa>Kawo</desa>
         </item>
         <item>
            <itextId>static_instance-dusun-60</itextId>
            <kecamatan>Pujut</kecamatan>
            <name>Bumi Gora</name>
            <desa>Kawo</desa>
         </item>
         <item>
            <itextId>static_instance-dusun-61</itextId>
            <kecamatan>Pujut</kecamatan>
            <name>Buntereng</name>
            <desa>Kawo</desa>
         </item>
         <item>
            <itextId>static_instance-dusun-62</itextId>
            <kecamatan>Pujut</kecamatan>
            <name>Gonjong</name>
            <desa>Kawo</desa>
         </item>
         <item>
            <itextId>static_instance-dusun-63</itextId>
            <kecamatan>Pujut</kecamatan>
            <name>Pengembur I</name>
            <desa>Pengembur</desa>
         </item>
         <item>
            <itextId>static_instance-dusun-64</itextId>
            <kecamatan>Pujut</kecamatan>
            <name>Pengembur II</name>
            <desa>Pengembur</desa>
         </item>
         <item>
            <itextId>static_instance-dusun-65</itextId>
            <kecamatan>Pujut</kecamatan>
            <name>Pengembur III</name>
            <desa>Pengembur</desa>
         </item>
         <item>
            <itextId>static_instance-dusun-66</itextId>
            <kecamatan>Pujut</kecamatan>
            <name>Penyampi</name>
            <desa>Pengembur</desa>
         </item>
         <item>
            <itextId>static_instance-dusun-67</itextId>
            <kecamatan>Pujut</kecamatan>
            <name>Batu Belek</name>
            <desa>Pengembur</desa>
         </item>
         <item>
            <itextId>static_instance-dusun-68</itextId>
            <kecamatan>Pujut</kecamatan>
            <name>Tawah</name>
            <desa>Pengembur</desa>
         </item>
         <item>
            <itextId>static_instance-dusun-69</itextId>
            <kecamatan>Pujut</kecamatan>
            <name>Perigi</name>
            <desa>Pengembur</desa>
         </item>
         <item>
            <itextId>static_instance-dusun-70</itextId>
            <kecamatan>Pujut</kecamatan>
            <name>Sinah</name>
            <desa>Pengembur</desa>
         </item>
         <item>
            <itextId>static_instance-dusun-71</itextId>
            <kecamatan>Pujut</kecamatan>
            <name>Siwang</name>
            <desa>Pengembur</desa>
         </item>
         <item>
            <itextId>static_instance-dusun-72</itextId>
            <kecamatan>Pujut</kecamatan>
            <name>Tamping</name>
            <desa>Pengembur</desa>
         </item>
         <item>
            <itextId>static_instance-dusun-73</itextId>
            <kecamatan>Pujut</kecamatan>
            <name>Sepit</name>
            <desa>Pengembur</desa>
         </item>
         <item>
            <itextId>static_instance-dusun-74</itextId>
            <kecamatan>Pujut</kecamatan>
            <name>Keramat</name>
            <desa>Pengembur</desa>
         </item>
         <item>
            <itextId>static_instance-dusun-75</itextId>
            <kecamatan>Pujut</kecamatan>
            <name>Anak Anjan</name>
            <desa>Segala Anyar</desa>
         </item>
         <item>
            <itextId>static_instance-dusun-76</itextId>
            <kecamatan>Pujut</kecamatan>
            <name>Kadik I</name>
            <desa>Segala Anyar</desa>
         </item>
         <item>
            <itextId>static_instance-dusun-77</itextId>
            <kecamatan>Pujut</kecamatan>
            <name>Kadik II</name>
            <desa>Segala Anyar</desa>
         </item>
         <item>
            <itextId>static_instance-dusun-78</itextId>
            <kecamatan>Pujut</kecamatan>
            <name>Penupi</name>
            <desa>Segala Anyar</desa>
         </item>
         <item>
            <itextId>static_instance-dusun-79</itextId>
            <kecamatan>Pujut</kecamatan>
            <name>Penaok</name>
            <desa>Segala Anyar</desa>
         </item>
         <item>
            <itextId>static_instance-dusun-80</itextId>
            <kecamatan>Pujut</kecamatan>
            <name>Dasan Duah</name>
            <desa>Segala Anyar</desa>
         </item>
         <item>
            <itextId>static_instance-dusun-81</itextId>
            <kecamatan>Pujut</kecamatan>
            <name>Lamben</name>
            <desa>Segala Anyar</desa>
         </item>
         <item>
            <itextId>static_instance-dusun-82</itextId>
            <kecamatan>Pujut</kecamatan>
            <name>Segale</name>
            <desa>Segala Anyar</desa>
         </item>
         <item>
            <itextId>static_instance-dusun-83</itextId>
            <kecamatan>Pujut</kecamatan>
            <name>Karang baru</name>
            <desa>Segala Anyar</desa>
         </item>
         <item>
            <itextId>static_instance-dusun-84</itextId>
            <kecamatan>Pujut</kecamatan>
            <name>Tenang Baru</name>
            <desa>Segala Anyar</desa>
         </item>
         <item>
            <itextId>static_instance-dusun-85</itextId>
            <kecamatan>Pujut</kecamatan>
            <name>Tenang</name>
            <desa>Segala Anyar</desa>
         </item>
         <item>
            <itextId>static_instance-dusun-86</itextId>
            <kecamatan>Pujut</kecamatan>
            <name>Bolok</name>
            <desa>Segala Anyar</desa>
         </item>
         <item>
            <itextId>static_instance-dusun-87</itextId>
            <kecamatan>Janapria</kecamatan>
            <name>Lekor Barat</name>
            <desa>Lekor</desa>
         </item>
         <item>
            <itextId>static_instance-dusun-88</itextId>
            <kecamatan>Janapria</kecamatan>
            <name>Lekor Timur</name>
            <desa>Lekor</desa>
         </item>
         <item>
            <itextId>static_instance-dusun-89</itextId>
            <kecamatan>Janapria</kecamatan>
            <name>Lekor Tengah</name>
            <desa>Lekor</desa>
         </item>
         <item>
            <itextId>static_instance-dusun-90</itextId>
            <kecamatan>Janapria</kecamatan>
            <name>Sandat</name>
            <desa>Lekor</desa>
         </item>
         <item>
            <itextId>static_instance-dusun-91</itextId>
            <kecamatan>Janapria</kecamatan>
            <name>Bare Putih</name>
            <desa>Lekor</desa>
         </item>
         <item>
            <itextId>static_instance-dusun-92</itextId>
            <kecamatan>Janapria</kecamatan>
            <name>Pelapak</name>
            <desa>Lekor</desa>
         </item>
         <item>
            <itextId>static_instance-dusun-93</itextId>
            <kecamatan>Janapria</kecamatan>
            <name>Menteger</name>
            <desa>Lekor</desa>
         </item>
         <item>
            <itextId>static_instance-dusun-94</itextId>
            <kecamatan>Janapria</kecamatan>
            <name>Ambat</name>
            <desa>Lekor</desa>
         </item>
         <item>
            <itextId>static_instance-dusun-95</itextId>
            <kecamatan>Janapria</kecamatan>
            <name>Berenge</name>
            <desa>Lekor</desa>
         </item>
         <item>
            <itextId>static_instance-dusun-96</itextId>
            <kecamatan>Janapria</kecamatan>
            <name>Pepao Barat I</name>
            <desa>Lekor</desa>
         </item>
         <item>
            <itextId>static_instance-dusun-97</itextId>
            <kecamatan>Janapria</kecamatan>
            <name>Pepao Barat II</name>
            <desa>Lekor</desa>
         </item>
         <item>
            <itextId>static_instance-dusun-98</itextId>
            <kecamatan>Janapria</kecamatan>
            <name>Pepao Timur</name>
            <desa>Lekor</desa>
         </item>
         <item>
            <itextId>static_instance-dusun-99</itextId>
            <kecamatan>Janapria</kecamatan>
            <name>Presak</name>
            <desa>Lekor</desa>
         </item>
         <item>
            <itextId>static_instance-dusun-100</itextId>
            <kecamatan>Janapria</kecamatan>
            <name>Lendang Jawe</name>
            <desa>Lekor</desa>
         </item>
         <item>
            <itextId>static_instance-dusun-101</itextId>
            <kecamatan>Janapria</kecamatan>
            <name>Kapet</name>
            <desa>Lekor</desa>
         </item>
         <item>
            <itextId>static_instance-dusun-102</itextId>
            <kecamatan>Janapria</kecamatan>
            <name>Lempenge</name>
            <desa>Lekor</desa>
         </item>
         <item>
            <itextId>static_instance-dusun-103</itextId>
            <kecamatan>Janapria</kecamatan>
            <name>Montong Bile</name>
            <desa>Lekor</desa>
         </item>
         <item>
            <itextId>static_instance-dusun-104</itextId>
            <kecamatan>Janapria</kecamatan>
            <name>Gulung</name>
            <desa>Lekor</desa>
         </item>
         <item>
            <itextId>static_instance-dusun-105</itextId>
            <kecamatan>Janapria</kecamatan>
            <name>Walun</name>
            <desa>Lekor</desa>
         </item>
         <item>
            <itextId>static_instance-dusun-106</itextId>
            <kecamatan>Janapria</kecamatan>
            <name>Belo</name>
            <desa>Lekor</desa>
         </item>
         <item>
            <itextId>static_instance-dusun-107</itextId>
            <kecamatan>Janapria</kecamatan>
            <name>Dongger</name>
            <desa>Lekor</desa>
         </item>
         <item>
            <itextId>static_instance-dusun-108</itextId>
            <kecamatan>Janapria</kecamatan>
            <name>Wiyung</name>
            <desa>Lekor</desa>
         </item>
         <item>
            <itextId>static_instance-dusun-109</itextId>
            <kecamatan>Janapria</kecamatan>
            <name>Embung Wile</name>
            <desa>Lekor</desa>
         </item>
         <item>
            <itextId>static_instance-dusun-110</itextId>
            <kecamatan>Janapria</kecamatan>
            <name>Santong</name>
            <desa>Lekor</desa>
         </item>
         <item>
            <itextId>static_instance-dusun-111</itextId>
            <kecamatan>Janapria</kecamatan>
            <name>Selaping</name>
            <desa>Lekor</desa>
         </item>
         <item>
            <itextId>static_instance-dusun-112</itextId>
            <kecamatan>Janapria</kecamatan>
            <name>Sondo</name>
            <desa>Lekor</desa>
         </item>
         <item>
            <itextId>static_instance-dusun-113</itextId>
            <kecamatan>Janapria</kecamatan>
            <name>Lengkok Bunut</name>
            <desa>Lekor</desa>
         </item>
         <item>
            <itextId>static_instance-dusun-114</itextId>
            <kecamatan>Janapria</kecamatan>
            <name>Renge</name>
            <desa>Lekor</desa>
         </item>
         <item>
            <itextId>static_instance-dusun-115</itextId>
            <kecamatan>Janapria</kecamatan>
            <name>Taken-Aken</name>
            <desa>Lekor</desa>
         </item>
         <item>
            <itextId>static_instance-dusun-116</itextId>
            <kecamatan>Janapria</kecamatan>
            <name>Sesok</name>
            <desa>Jango</desa>
         </item>
         <item>
            <itextId>static_instance-dusun-117</itextId>
            <kecamatan>Janapria</kecamatan>
            <name>Puntik Baru</name>
            <desa>Jango</desa>
         </item>
         <item>
            <itextId>static_instance-dusun-118</itextId>
            <kecamatan>Janapria</kecamatan>
            <name>Prigi</name>
            <desa>Jango</desa>
         </item>
         <item>
            <itextId>static_instance-dusun-119</itextId>
            <kecamatan>Janapria</kecamatan>
            <name>Jango Utara</name>
            <desa>Jango</desa>
         </item>
         <item>
            <itextId>static_instance-dusun-120</itextId>
            <kecamatan>Janapria</kecamatan>
            <name>Jango Selatan</name>
            <desa>Jango</desa>
         </item>
         <item>
            <itextId>static_instance-dusun-121</itextId>
            <kecamatan>Janapria</kecamatan>
            <name>Batu Ngreng</name>
            <desa>Jango</desa>
         </item>
         <item>
            <itextId>static_instance-dusun-122</itextId>
            <kecamatan>Janapria</kecamatan>
            <name>Arba</name>
            <desa>Jango</desa>
         </item>
         <item>
            <itextId>static_instance-dusun-123</itextId>
            <kecamatan>Janapria</kecamatan>
            <name>Rungkang Barat</name>
            <desa>Jango</desa>
         </item>
         <item>
            <itextId>static_instance-dusun-124</itextId>
            <kecamatan>Janapria</kecamatan>
            <name>Rungkang Timur</name>
            <desa>Jango</desa>
         </item>
         <item>
            <itextId>static_instance-dusun-125</itextId>
            <kecamatan>Janapria</kecamatan>
            <name>Gerepek</name>
            <desa>Jango</desa>
         </item>
         <item>
            <itextId>static_instance-dusun-126</itextId>
            <kecamatan>Janapria</kecamatan>
            <name>Kampung Baru</name>
            <desa>Jango</desa>
         </item>
         <item>
            <itextId>static_instance-dusun-127</itextId>
            <kecamatan>Janapria</kecamatan>
            <name>Kenyalu Barat</name>
            <desa>Jango</desa>
         </item>
         <item>
            <itextId>static_instance-dusun-128</itextId>
            <kecamatan>Janapria</kecamatan>
            <name>Kenyalu Timur</name>
            <desa>Jango</desa>
         </item>
         <item>
            <itextId>static_instance-dusun-129</itextId>
            <kecamatan>Janapria</kecamatan>
            <name>Kenyalu Selatan</name>
            <desa>Jango</desa>
         </item>
         <item>
            <itextId>static_instance-dusun-130</itextId>
            <kecamatan>Janapria</kecamatan>
            <name>Kenyalu Utara</name>
            <desa>Jango</desa>
         </item>
         <item>
            <itextId>static_instance-dusun-131</itextId>
            <kecamatan>Janapria</kecamatan>
            <name>Kenyalu Tengah</name>
            <desa>Jango</desa>
         </item>
         <item>
            <itextId>static_instance-dusun-132</itextId>
            <kecamatan>Janapria</kecamatan>
            <name>Perok Timur</name>
            <desa>Janapria</desa>
         </item>
         <item>
            <itextId>static_instance-dusun-133</itextId>
            <kecamatan>Janapria</kecamatan>
            <name>Perok Barat</name>
            <desa>Janapria</desa>
         </item>
         <item>
            <itextId>static_instance-dusun-134</itextId>
            <kecamatan>Janapria</kecamatan>
            <name>Tempek-Empek</name>
            <desa>Janapria</desa>
         </item>
         <item>
            <itextId>static_instance-dusun-135</itextId>
            <kecamatan>Janapria</kecamatan>
            <name>Nunang I</name>
            <desa>Janapria</desa>
         </item>
         <item>
            <itextId>static_instance-dusun-136</itextId>
            <kecamatan>Janapria</kecamatan>
            <name>Pengebat</name>
            <desa>Janapria</desa>
         </item>
         <item>
            <itextId>static_instance-dusun-137</itextId>
            <kecamatan>Janapria</kecamatan>
            <name>Sadah</name>
            <desa>Janapria</desa>
         </item>
         <item>
            <itextId>static_instance-dusun-138</itextId>
            <kecamatan>Janapria</kecamatan>
            <name>Batu Bangus</name>
            <desa>Janapria</desa>
         </item>
         <item>
            <itextId>static_instance-dusun-139</itextId>
            <kecamatan>Janapria</kecamatan>
            <name>Batu Kembar I</name>
            <desa>Janapria</desa>
         </item>
         <item>
            <itextId>static_instance-dusun-140</itextId>
            <kecamatan>Janapria</kecamatan>
            <name>Batu Kembar II</name>
            <desa>Janapria</desa>
         </item>
         <item>
            <itextId>static_instance-dusun-141</itextId>
            <kecamatan>Janapria</kecamatan>
            <name>Penambong</name>
            <desa>Janapria</desa>
         </item>
         <item>
            <itextId>static_instance-dusun-142</itextId>
            <kecamatan>Janapria</kecamatan>
            <name>Lemokek</name>
            <desa>Janapria</desa>
         </item>
         <item>
            <itextId>static_instance-dusun-143</itextId>
            <kecamatan>Janapria</kecamatan>
            <name>Lambah Olot</name>
            <desa>Janapria</desa>
         </item>
         <item>
            <itextId>static_instance-dusun-144</itextId>
            <kecamatan>Janapria</kecamatan>
            <name>Tonjong</name>
            <desa>Janapria</desa>
         </item>
         <item>
            <itextId>static_instance-dusun-145</itextId>
            <kecamatan>Janapria</kecamatan>
            <name>Jembe Barat</name>
            <desa>Saba</desa>
         </item>
         <item>
            <itextId>static_instance-dusun-146</itextId>
            <kecamatan>Janapria</kecamatan>
            <name>Jembe Timur</name>
            <desa>Saba</desa>
         </item>
         <item>
            <itextId>static_instance-dusun-147</itextId>
            <kecamatan>Janapria</kecamatan>
            <name>Jembe Utara</name>
            <desa>Saba</desa>
         </item>
         <item>
            <itextId>static_instance-dusun-148</itextId>
            <kecamatan>Janapria</kecamatan>
            <name>Selek</name>
            <desa>Saba</desa>
         </item>
         <item>
            <itextId>static_instance-dusun-149</itextId>
            <kecamatan>Janapria</kecamatan>
            <name>Selek Direk</name>
            <desa>Saba</desa>
         </item>
         <item>
            <itextId>static_instance-dusun-150</itextId>
            <kecamatan>Janapria</kecamatan>
            <name>Masjaya</name>
            <desa>Saba</desa>
         </item>
         <item>
            <itextId>static_instance-dusun-151</itextId>
            <kecamatan>Janapria</kecamatan>
            <name>Melati</name>
            <desa>Saba</desa>
         </item>
         <item>
            <itextId>static_instance-dusun-152</itextId>
            <kecamatan>Janapria</kecamatan>
            <name>Gundu</name>
            <desa>Saba</desa>
         </item>
         <item>
            <itextId>static_instance-dusun-153</itextId>
            <kecamatan>Janapria</kecamatan>
            <name>Janggawana Selatan</name>
            <desa>Saba</desa>
         </item>
         <item>
            <itextId>static_instance-dusun-154</itextId>
            <kecamatan>Janapria</kecamatan>
            <name>Janggawana Utara</name>
            <desa>Saba</desa>
         </item>
         <item>
            <itextId>static_instance-dusun-155</itextId>
            <kecamatan>Janapria</kecamatan>
            <name>Janggawana</name>
            <desa>Saba</desa>
         </item>
         <item>
            <itextId>static_instance-dusun-156</itextId>
            <kecamatan>Janapria</kecamatan>
            <name>Janggawana Tengah</name>
            <desa>Saba</desa>
         </item>
         <item>
            <itextId>static_instance-dusun-157</itextId>
            <kecamatan>Janapria</kecamatan>
            <name>Sengkerek</name>
            <desa>Saba</desa>
         </item>
         <item>
            <itextId>static_instance-dusun-158</itextId>
            <kecamatan>Janapria</kecamatan>
            <name>Keruak</name>
            <desa>Saba</desa>
         </item>
         <item>
            <itextId>static_instance-dusun-159</itextId>
            <kecamatan>Janapria</kecamatan>
            <name>Keruak Utara</name>
            <desa>Saba</desa>
         </item>
         <item>
            <itextId>static_instance-dusun-160</itextId>
            <kecamatan>Janapria</kecamatan>
            <name>Presak Sanggeng</name>
            <desa>Saba</desa>
         </item>
         <item>
            <itextId>static_instance-dusun-161</itextId>
            <kecamatan>Janapria</kecamatan>
            <name>Pengempok</name>
            <desa>Saba</desa>
         </item>
         <item>
            <itextId>static_instance-dusun-162</itextId>
            <kecamatan>Janapria</kecamatan>
            <name>Lingkok Buak Barat</name>
            <desa>Saba</desa>
         </item>
         <item>
            <itextId>static_instance-dusun-163</itextId>
            <kecamatan>Janapria</kecamatan>
            <name>Lingkok Buak Timur</name>
            <desa>Saba</desa>
         </item>
         <item>
            <itextId>static_instance-dusun-164</itextId>
            <kecamatan>Janapria</kecamatan>
            <name>Lingkok Buak Tengah</name>
            <desa>Saba</desa>
         </item>
         <item>
            <itextId>static_instance-dusun-165</itextId>
            <kecamatan>Janapria</kecamatan>
            <name>Terentem</name>
            <desa>Saba</desa>
         </item>
         <item>
            <itextId>static_instance-dusun-166</itextId>
            <kecamatan>Janapria</kecamatan>
            <name>Tentram</name>
            <desa>Saba</desa>
         </item>
         <item>
            <itextId>static_instance-dusun-167</itextId>
            <kecamatan>Janapria</kecamatan>
            <name>Suangke</name>
            <desa>Saba</desa>
         </item>
         <item>
            <itextId>static_instance-dusun-168</itextId>
            <kecamatan>Janapria</kecamatan>
            <name>Siwi</name>
            <desa>Setuta</desa>
         </item>
         <item>
            <itextId>static_instance-dusun-169</itextId>
            <kecamatan>Janapria</kecamatan>
            <name>Nunang Selatan</name>
            <desa>Setuta</desa>
         </item>
         <item>
            <itextId>static_instance-dusun-170</itextId>
            <kecamatan>Janapria</kecamatan>
            <name>Juna</name>
            <desa>Setuta</desa>
         </item>
         <item>
            <itextId>static_instance-dusun-171</itextId>
            <kecamatan>Janapria</kecamatan>
            <name>Setuta Timur</name>
            <desa>Setuta</desa>
         </item>
         <item>
            <itextId>static_instance-dusun-172</itextId>
            <kecamatan>Janapria</kecamatan>
            <name>Setuta Barat</name>
            <desa>Setuta</desa>
         </item>
         <item>
            <itextId>static_instance-dusun-173</itextId>
            <kecamatan>Janapria</kecamatan>
            <name>Liwung Satu</name>
            <desa>Setuta</desa>
         </item>
         <item>
            <itextId>static_instance-dusun-174</itextId>
            <kecamatan>Janapria</kecamatan>
            <name>Liwung Dua</name>
            <desa>Setuta</desa>
         </item>
         <item>
            <itextId>static_instance-dusun-175</itextId>
            <kecamatan>Janapria</kecamatan>
            <name>Batu Belek</name>
            <desa>Setuta</desa>
         </item>
         <item>
            <itextId>static_instance-dusun-176</itextId>
            <kecamatan>Janapria</kecamatan>
            <name>Biletawah</name>
            <desa>Setuta</desa>
         </item>
         <item>
            <itextId>static_instance-dusun-177</itextId>
            <kecamatan>Janapria</kecamatan>
            <name>Pendem</name>
            <desa>Pendem</desa>
         </item>
         <item>
            <itextId>static_instance-dusun-178</itextId>
            <kecamatan>Janapria</kecamatan>
            <name>Nyangget</name>
            <desa>Pendem</desa>
         </item>
         <item>
            <itextId>static_instance-dusun-179</itextId>
            <kecamatan>Janapria</kecamatan>
            <name>Maliklo</name>
            <desa>Pendem</desa>
         </item>
         <item>
            <itextId>static_instance-dusun-180</itextId>
            <kecamatan>Janapria</kecamatan>
            <name>Montong Bile</name>
            <desa>Pendem</desa>
         </item>
         <item>
            <itextId>static_instance-dusun-181</itextId>
            <kecamatan>Janapria</kecamatan>
            <name>Gelondong</name>
            <desa>Pendem</desa>
         </item>
         <item>
            <itextId>static_instance-dusun-182</itextId>
            <kecamatan>Janapria</kecamatan>
            <name>Penuntut</name>
            <desa>Pendem</desa>
         </item>
         <item>
            <itextId>static_instance-dusun-183</itextId>
            <kecamatan>Janapria</kecamatan>
            <name>Kuang</name>
            <desa>Pendem</desa>
         </item>
         <item>
            <itextId>static_instance-dusun-184</itextId>
            <kecamatan>Janapria</kecamatan>
            <name>Lekong Bangkon</name>
            <desa>Pendem</desa>
         </item>
         <item>
            <itextId>static_instance-dusun-185</itextId>
            <kecamatan>Janapria</kecamatan>
            <name>Jangka</name>
            <desa>Pendem</desa>
         </item>
         <item>
            <itextId>static_instance-dusun-186</itextId>
            <kecamatan>Janapria</kecamatan>
            <name>Jelitong</name>
            <desa>Pendem</desa>
         </item>
         <item>
            <itextId>static_instance-dusun-187</itextId>
            <kecamatan>Janapria</kecamatan>
            <name>Gelung</name>
            <desa>Pendem</desa>
         </item>
         <item>
            <itextId>static_instance-dusun-188</itextId>
            <kecamatan>Janapria</kecamatan>
            <name>Piling</name>
            <desa>Pendem</desa>
         </item>
         <item>
            <itextId>static_instance-dusun-189</itextId>
            <kecamatan>Janapria</kecamatan>
            <name>Petorok</name>
            <desa>Pendem</desa>
         </item>
         <item>
            <itextId>static_instance-dusun-190</itextId>
            <kecamatan>Janapria</kecamatan>
            <name>Karang Majelo</name>
            <desa>Pendem</desa>
         </item>
      </root>
   </instance>
   <instance id="blood_type">
      <root>
         <item>
            <itextId>static_instance-blood_type-0</itextId>
            <name>a</name>
         </item>
         <item>
            <itextId>static_instance-blood_type-1</itextId>
            <name>b</name>
         </item>
         <item>
            <itextId>static_instance-blood_type-2</itextId>
            <name>ab</name>
         </item>
         <item>
            <itextId>static_instance-blood_type-3</itextId>
            <name>o</name>
         </item>
         <item>
            <itextId>static_instance-blood_type-4</itextId>
            <name>NA</name>
         </item>
      </root>
   </instance>
   <instance id="notes_about_contraception_tools_user1">
      <root>
         <item>
            <itextId>static_instance-notes_about_contraception_tools_user1-0</itextId>
            <name>kb_baru</name>
         </item>
         <item>
            <itextId>static_instance-notes_about_contraception_tools_user1-1</itextId>
            <name>lama</name>
         </item>
         <item>
            <itextId>static_instance-notes_about_contraception_tools_user1-2</itextId>
            <name>kb_baru_pasca_salin</name>
         </item>
      </root>
   </instance>
   <instance id="province">
      <root>
         <item>
            <itextId>static_instance-province-0</itextId>
            <name>NTB</name>
         </item>
      </root>
   </instance>
   <instance id="transportation">
      <root>
         <item>
            <itextId>static_instance-transportation-0</itextId>
            <name>sepeda_motor</name>
         </item>
         <item>
            <itextId>static_instance-transportation-1</itextId>
            <name>mobil</name>
         </item>
         <item>
            <itextId>static_instance-transportation-2</itextId>
            <name>lain-lain</name>
         </item>
      </root>
   </instance>
   <instance id="intended_place_for_labor">
      <root>
         <item>
            <itextId>static_instance-intended_place_for_labor-0</itextId>
            <name>rumah</name>
         </item>
         <item>
            <itextId>static_instance-intended_place_for_labor-1</itextId>
            <name>podok_bersalin_desa</name>
         </item>
         <item>
            <itextId>static_instance-intended_place_for_labor-2</itextId>
            <name>puskesmas_pembantu</name>
         </item>
         <item>
            <itextId>static_instance-intended_place_for_labor-3</itextId>
            <name>pusat_kesehatan_masyarakat</name>
         </item>
         <item>
            <itextId>static_instance-intended_place_for_labor-4</itextId>
            <name>rumah_bersalin</name>
         </item>
         <item>
            <itextId>static_instance-intended_place_for_labor-5</itextId>
            <name>rumah_sakit_ibu_dan_anak</name>
         </item>
         <item>
            <itextId>static_instance-intended_place_for_labor-6</itextId>
            <name>rumah_sakit</name>
         </item>
         <item>
            <itextId>static_instance-intended_place_for_labor-7</itextId>
            <name>RS_Odha</name>
         </item>
      </root>
   </instance>
   <instance id="desa">
      <root>
         <item>
            <itextId>static_instance-desa-0</itextId>
            <kecamatan>Janapria</kecamatan>
            <name>Lekor</name>
         </item>
         <item>
            <itextId>static_instance-desa-1</itextId>
            <kecamatan>Janapria</kecamatan>
            <name>Jango</name>
         </item>
         <item>
            <itextId>static_instance-desa-2</itextId>
            <kecamatan>Janapria</kecamatan>
            <name>Janapria</name>
         </item>
         <item>
            <itextId>static_instance-desa-3</itextId>
            <kecamatan>Janapria</kecamatan>
            <name>Saba</name>
         </item>
         <item>
            <itextId>static_instance-desa-4</itextId>
            <kecamatan>Janapria</kecamatan>
            <name>Setuta</name>
         </item>
         <item>
            <itextId>static_instance-desa-5</itextId>
            <kecamatan>Janapria</kecamatan>
            <name>Pendem</name>
         </item>
         <item>
            <itextId>static_instance-desa-6</itextId>
            <kecamatan>Janapria</kecamatan>
            <name>Lainnya</name>
         </item>
         <item>
            <itextId>static_instance-desa-7</itextId>
            <kecamatan>Pujut</kecamatan>
            <name>Sengkol</name>
         </item>
         <item>
            <itextId>static_instance-desa-8</itextId>
            <kecamatan>Pujut</kecamatan>
            <name>Tanak Awu</name>
         </item>
         <item>
            <itextId>static_instance-desa-9</itextId>
            <kecamatan>Pujut</kecamatan>
            <name>Ketara</name>
         </item>
         <item>
            <itextId>static_instance-desa-10</itextId>
            <kecamatan>Pujut</kecamatan>
            <name>Kawo</name>
         </item>
         <item>
            <itextId>static_instance-desa-11</itextId>
            <kecamatan>Pujut</kecamatan>
            <name>Pengembur</name>
         </item>
         <item>
            <itextId>static_instance-desa-12</itextId>
            <kecamatan>Pujut</kecamatan>
            <name>PKM Sengkol</name>
         </item>
         <item>
            <itextId>static_instance-desa-13</itextId>
            <kecamatan>Pujut</kecamatan>
            <name>Segala Anyar</name>
         </item>
         <item>
            <itextId>static_instance-desa-14</itextId>
            <kecamatan>Pujut</kecamatan>
            <name>Lainnya</name>
         </item>
      </root>
   </instance>
   <instance id="kind_of_contraceptions_used">
      <root>
         <item>
            <itextId>static_instance-kind_of_contraceptions_used-0</itextId>
            <name>pil</name>
         </item>
         <item>
            <itextId>static_instance-kind_of_contraceptions_used-1</itextId>
            <name>suntik</name>
         </item>
         <item>
            <itextId>static_instance-kind_of_contraceptions_used-2</itextId>
            <name>iud</name>
         </item>
         <item>
            <itextId>static_instance-kind_of_contraceptions_used-3</itextId>
            <name>mow</name>
         </item>
         <item>
            <itextId>static_instance-kind_of_contraceptions_used-4</itextId>
            <name>mop</name>
         </item>
         <item>
            <itextId>static_instance-kind_of_contraceptions_used-5</itextId>
            <name>kondom</name>
         </item>
         <item>
            <itextId>static_instance-kind_of_contraceptions_used-6</itextId>
            <name>Implant</name>
         </item>
      </root>
   </instance>
   <instance id="yes_no">
      <root>
         <item>
            <itextId>static_instance-yes_no-0</itextId>
            <name>Ya</name>
         </item>
         <item>
            <itextId>static_instance-yes_no-1</itextId>
            <name>Tidak</name>
         </item>
      </root>
   </instance>
   <instance id="poor_family_not">
      <root>
         <item>
            <itextId>static_instance-poor_family_not-0</itextId>
            <name>ya</name>
         </item>
         <item>
            <itextId>static_instance-poor_family_not-1</itextId>
            <name>tidak</name>
         </item>
      </root>
   </instance>
   <instance id="alki_penyakit_ims">
      <root>
         <item>
            <itextId>static_instance-alki_penyakit_ims-0</itextId>
            <name>gonore</name>
         </item>
         <item>
            <itextId>static_instance-alki_penyakit_ims-1</itextId>
            <name>siflis</name>
         </item>
         <item>
            <itextId>static_instance-alki_penyakit_ims-2</itextId>
            <name>condyloma</name>
         </item>
         <item>
            <itextId>static_instance-alki_penyakit_ims-3</itextId>
            <name>herpes_genitalis</name>
         </item>
      </root>
   </instance>
   <instance id="labor_attendant">
      <root>
         <item>
            <itextId>static_instance-labor_attendant-0</itextId>
            <name>keluarga</name>
         </item>
         <item>
            <itextId>static_instance-labor_attendant-1</itextId>
            <name>dukun</name>
         </item>
         <item>
            <itextId>static_instance-labor_attendant-2</itextId>
            <name>bidan</name>
         </item>
         <item>
            <itextId>static_instance-labor_attendant-3</itextId>
            <name>dr.umum__dr.spesialis</name>
         </item>
         <item>
            <itextId>static_instance-labor_attendant-4</itextId>
            <name>lain-lain</name>
         </item>
         <item>
            <itextId>static_instance-labor_attendant-5</itextId>
            <name>tidak_ada</name>
         </item>
      </root>
   </instance>
   <instance id="stock_of_labor_tools">
      <root>
         <item>
            <itextId>static_instance-stock_of_labor_tools-0</itextId>
            <name>kain</name>
         </item>
         <item>
            <itextId>static_instance-stock_of_labor_tools-1</itextId>
            <name>handuk</name>
         </item>
         <item>
            <itextId>static_instance-stock_of_labor_tools-2</itextId>
            <name>pakaian_bersih_dan_kering</name>
         </item>
      </root>
   </instance>
   <instance id="notes_about_contraception_tools_user2">
      <root>
         <item>
            <itextId>static_instance-notes_about_contraception_tools_user2-0</itextId>
            <name>drop_out</name>
         </item>
         <item>
            <itextId>static_instance-notes_about_contraception_tools_user2-1</itextId>
            <name>ganti_cara</name>
         </item>
         <item>
            <itextId>static_instance-notes_about_contraception_tools_user2-2</itextId>
            <name>efek_samping</name>
         </item>
         <item>
            <itextId>static_instance-notes_about_contraception_tools_user2-3</itextId>
            <name>komplikasi</name>
         </item>
      </root>
   </instance>
   <instance id="alki_penyakit_kronis">
      <root>
         <item>
            <itextId>static_instance-alki_penyakit_kronis-0</itextId>
            <name>tbc</name>
         </item>
         <item>
            <itextId>static_instance-alki_penyakit_kronis-1</itextId>
            <name>dm</name>
         </item>
         <item>
            <itextId>static_instance-alki_penyakit_kronis-2</itextId>
            <name>jantung</name>
         </item>
         <item>
            <itextId>static_instance-alki_penyakit_kronis-3</itextId>
            <name>asma_berat</name>
         </item>
         <item>
            <itextId>static_instance-alki_penyakit_kronis-4</itextId>
            <name>malaria</name>
         </item>
      </root>
   </instance>
   <instance id="kecamatan">
      <root>
         <item>
            <itextId>static_instance-kecamatan-0</itextId>
            <name>Pujut</name>
         </item>
         <item>
            <itextId>static_instance-kecamatan-1</itextId>
            <name>Janapria</name>
         </item>
         <item>
            <itextId>static_instance-kecamatan-2</itextId>
            <name>Lainnya</name>
         </item>
      </root>
   </instance>
   <instance id="alki">
      <root>
         <item>
            <itextId>static_instance-alki-0</itextId>
            <name>HB</name>
         </item>
         <item>
            <itextId>static_instance-alki-1</itextId>
            <name>LILA</name>
         </item>
         <item>
            <itextId>static_instance-alki-2</itextId>
            <name>Penyakit_Kronis</name>
         </item>
         <item>
            <itextId>static_instance-alki-3</itextId>
            <name>IMS</name>
         </item>
      </root>
   </instance>
</model>
