<?xml version="1.0" encoding="UTF-8"?>
<form autocomplete="off" novalidate="novalidate" class="or clearfix" id="data_entry_feedback_form">
   <!--This form was created by transforming a OpenRosa-flavored (X)Form using an XSLT sheet created by Enketo LLC.-->
   <section class="form-logo" />
   <h3 id="form-title">Coaching Feedback Form</h3>
   <label class="question non-select ">
      <span lang="" class="question-label active">Username responden :</span>
      <span class="required">*</span>
      <input type="text" name="/data_entry_feedback_form/username" required="required" data-type-xml="string"/>
   </label>
   <label class="question non-select ">
      <span lang="" class="question-label active">Isi dengan nama responden:</span>
      <span class="required">*</span>
      <input type="text" name="/data_entry_feedback_form/respondent_name" required="required" data-type-xml="string" />
   </label>
   <label class="question non-select ">
      <span lang="" class="question-label active">Masukkan tanggal coaching:</span>
      <input type="date" name="/data_entry_feedback_form/coaching_date" data-type-xml="date" />
   </label>

   <fieldset class="question ">
      <fieldset>
         <legend>
            <span lang="" class="question-label active">Masalah yang anda hadapi</span>
            <span lang="" class="or-hint active">Centang yang menurut anda sesuai dengan masalah yang dihadapi</span>
         </legend>
         <div class="option-wrapper">
            <label class="">
               <input type="checkbox" name="/data_entry_feedback_form/masalah" value="Masalah_koneksi_internet1" data-type-xml="select" />
               <span lang="" class="option-label active">Masalah koneksi internet</span>
            </label>
            <label class="">
               <input type="checkbox" name="/data_entry_feedback_form/masalah" value="Masalah_baterai1" data-type-xml="select" />
               <span lang="" class="option-label active">Masalah baterai</span>
            </label>
            <label class="">
               <input type="checkbox" name="/data_entry_feedback_form/masalah" value="Masalah_penggunaan_aplikasi1" data-type-xml="select" />
               <span lang="" class="option-label active">Masalah penggunaan aplikasi</span>
            </label>
            <label class="">
               <input type="checkbox" name="/data_entry_feedback_form/masalah" value="Masalah_penggunaan_langsung_saat_kunjungan1" data-type-xml="select" />
               <span lang="" class="option-label active">Masalah penggunaan langsung saat kunjungan</span>
            </label>
            <label class="">
               <input type="checkbox" name="/data_entry_feedback_form/masalah" value="Masalah_aplikasi_error1" data-type-xml="select" />
               <span lang="" class="option-label active">Masalah aplikasi error</span>
            </label>
            <label class="">
               <input type="checkbox" name="/data_entry_feedback_form/masalah" value="Masalah_Kartu_Ibu1" data-type-xml="select" />
               <span lang="" class="option-label active">Masalah Kartu Ibu</span>
            </label>
            <label class="">
               <input type="checkbox" name="/data_entry_feedback_form/masalah" value="Masalah_Kohort_KB1" data-type-xml="select" />
               <span lang="" class="option-label active">Masalah Kohort KB</span>
            </label>
            <label class="">
               <input type="checkbox" name="/data_entry_feedback_form/masalah" value="Masalah_Register_ANC1" data-type-xml="select" />
               <span lang="" class="option-label active">Masalah Register ANC</span>
            </label>
            <label class="">
               <input type="checkbox" name="/data_entry_feedback_form/masalah" value="Masalah_Register_PNC1" data-type-xml="select" />
               <span lang="" class="option-label active">Masalah Register PNC</span>
            </label>
            <label class="">
               <input type="checkbox" name="/data_entry_feedback_form/masalah" value="Masalah_Kohort_Anak1" data-type-xml="select" />
               <span lang="" class="option-label active">Masalah Kohort Anak</span>
            </label>
         </div>
      </fieldset>
   </fieldset>

   <fieldset class="question or-branch pre-init ">
      <fieldset>
         <legend>
            <span lang="" class="question-label active">Centang isu-isu seputar koneksi internet yang dihadapi oleh Bidan:</span>
         </legend>
         <div class="option-wrapper">
            <label class="">
               <input type="checkbox" name="/data_entry_feedback_form/Masalah_koneksi_internet" value="Koneksi_internet_di_polindes_puskesmas_lemah" data-relevant="selected( /data_entry_feedback_form/masalah ,'Masalah_koneksi_internet1')" data-type-xml="select" />
               <span lang="" class="option-label active">Koneksi internet di polindes/puskesmas lemah</span>
            </label>
            <label class="">
               <input type="checkbox" name="/data_entry_feedback_form/Masalah_koneksi_internet" value="Koneksi_internet_di_posyandu_lemah" data-relevant="selected( /data_entry_feedback_form/masalah ,'Masalah_koneksi_internet1')" data-type-xml="select" />
               <span lang="" class="option-label active">Koneksi internet di posyandu lemah</span>
            </label>
            <label class="">
               <input type="checkbox" name="/data_entry_feedback_form/Masalah_koneksi_internet" value="Kuota_internet_telah_habis" data-relevant="selected( /data_entry_feedback_form/masalah ,'Masalah_koneksi_internet1')" data-type-xml="select" />
               <span lang="" class="option-label active">Kuota internet telah habis</span>
            </label>
            <label class="">
               <input type="checkbox" name="/data_entry_feedback_form/Masalah_koneksi_internet" value="Tidak_dapat_log_in" data-relevant="selected( /data_entry_feedback_form/masalah ,'Masalah_koneksi_internet1')" data-type-xml="select" />
               <span lang="" class="option-label active">Tidak dapat log in</span>
            </label>
            <label class="">
               <input type="checkbox" name="/data_entry_feedback_form/Masalah_koneksi_internet" value="Masalah_lainnya" data-relevant="selected( /data_entry_feedback_form/masalah ,'Masalah_koneksi_internet1')" data-type-xml="select" />
               <span lang="" class="option-label active">Masalah lainnya</span>
            </label>
         </div>
      </fieldset>
   </fieldset>
   <label class="question or-branch pre-init non-select ">
      <span lang="" class="question-label active">Tuliskan masalah koneksi internet di polindes/puskesmas:</span>
      <input type="text" name="/data_entry_feedback_form/Koneksi_internet_di_polindes_puskesmas_lemah" data-relevant="selected( /data_entry_feedback_form/Masalah_koneksi_internet ,'Koneksi_internet_di_polindes_puskesmas_lemah')" data-type-xml="string" />
   </label>
   <label class="question or-branch pre-init non-select ">
      <span lang="" class="question-label active">Tuliskan masalah koneksi internet di posyandu:</span>
      <input type="text" name="/data_entry_feedback_form/Koneksi_internet_di_posyandu_lemah" data-relevant="selected( /data_entry_feedback_form/Masalah_koneksi_internet ,'Koneksi_internet_di_posyandu_lemah')" data-type-xml="string" />
   </label>
   <label class="question or-branch pre-init non-select ">
      <span lang="" class="question-label active">Tuliskan masalah kuota internet yang telah habis:</span>
      <span lang="" class="or-hint active">(Misal: hari terakhir bisa online, sejak kapan internet tidak bisa diakses, dsb.)</span>
      <input type="text" name="/data_entry_feedback_form/Kuota_internet_telah_habis" data-relevant="selected( /data_entry_feedback_form/Masalah_koneksi_internet ,'Kuota_internet_telah_habis')" data-type-xml="string" />
   </label>
   <label class="question or-branch pre-init non-select ">
      <span lang="" class="question-label active">Tuliskan masalah tidak dapat log in:</span>
      <span lang="" class="or-hint active">(Misal: kapan bidan tidak dapat log in ke aplikasi)</span>
      <input type="text" name="/data_entry_feedback_form/Tidak_dapat_log_in" data-relevant="selected( /data_entry_feedback_form/Masalah_koneksi_internet ,'Tidak_dapat_log_in')" data-type-xml="string" />
   </label>
   <label class="question or-branch pre-init non-select ">
      <span lang="" class="question-label active">Tuliskan masalah lainnya seputar koneksi internet:</span>
      <input type="text" name="/data_entry_feedback_form/Masalah_lainnya_koneksi_internet" data-relevant="selected( /data_entry_feedback_form/Masalah_koneksi_internet ,'Masalah_lainnya')" data-type-xml="string" />
   </label>
   <label class="note or-branch pre-init non-select ">
      <span lang="" class="question-label active">Baterai</span>
      <input type="text" name="/data_entry_feedback_form/Baterai" data-relevant="selected( /data_entry_feedback_form/masalah ,'Masalah_baterai1')" data-type-xml="string" readonly="readonly" />
   </label>
   <fieldset class="question or-branch pre-init ">
      <fieldset>
         <legend>
            <span lang="" class="question-label active">Centang isu-isu seputar baterai yang dihadapi oleh Bidan:</span>
         </legend>
         <div class="option-wrapper">
            <label class="">
               <input type="checkbox" name="/data_entry_feedback_form/Masalah_baterai" value="Pengisian_baterai_lama" data-relevant="selected( /data_entry_feedback_form/masalah ,'Masalah_baterai1')" data-type-xml="select" />
               <span lang="" class="option-label active">Pengisian baterai lama</span>
            </label>
            <label class="">
               <input type="checkbox" name="/data_entry_feedback_form/Masalah_baterai" value="Baterai_cepat_habis" data-relevant="selected( /data_entry_feedback_form/masalah ,'Masalah_baterai1')" data-type-xml="select" />
               <span lang="" class="option-label active">Baterai cepat habis</span>
            </label>
            <label class="">
               <input type="checkbox" name="/data_entry_feedback_form/Masalah_baterai" value="Tablet_tiba-tiba_mati" data-relevant="selected( /data_entry_feedback_form/masalah ,'Masalah_baterai1')" data-type-xml="select" />
               <span lang="" class="option-label active">Tablet tiba-tiba mati</span>
            </label>
            <label class="">
               <input type="checkbox" name="/data_entry_feedback_form/Masalah_baterai" value="Pengisi_daya_rusak_tidak_berfungsi" data-relevant="selected( /data_entry_feedback_form/masalah ,'Masalah_baterai1')" data-type-xml="select" />
               <span lang="" class="option-label active">Pengisi daya rusak/tidak berfungsi</span>
            </label>
            <label class="">
               <input type="checkbox" name="/data_entry_feedback_form/Masalah_baterai" value="Masalah_lainnya" data-relevant="selected( /data_entry_feedback_form/masalah ,'Masalah_baterai1')" data-type-xml="select" />
               <span lang="" class="option-label active">Masalah lainnya</span>
            </label>
         </div>
      </fieldset>
   </fieldset>
   <label class="question or-branch pre-init non-select ">
      <span lang="" class="question-label active">Tuliskan masalah pengisian baterai yang lama:</span>
      <span lang="" class="or-hint active">(Misal: butuh berapa jam agar baterai terisi penuh)</span>
      <input type="text" name="/data_entry_feedback_form/Pengisian_baterai_lama" data-relevant="selected( /data_entry_feedback_form/Masalah_baterai ,'Pengisian_baterai_lama')" data-type-xml="string" />
   </label>
   <label class="question or-branch pre-init non-select ">
      <span lang="" class="question-label active">Tuliskan masalah baterai yang cepat habis:</span>
      <span lang="" class="or-hint active">(Misal: baterai habis setelah berapa jam pemakaian)</span>
      <input type="text" name="/data_entry_feedback_form/Baterai_cepat_habis" data-relevant="selected( /data_entry_feedback_form/Masalah_baterai ,'Baterai_cepat_habis')" data-type-xml="string" />
   </label>
   <label class="question or-branch pre-init non-select ">
      <span lang="" class="question-label active">Tuliskan masalah tablet yang tiba-tiba mati:</span>
      <span lang="" class="or-hint active">(Misal: kapan tablet tiba-tiba mati dengan sendirinya, apa pemicunya, dsb.)</span>
      <input type="text" name="/data_entry_feedback_form/Tablet_tiba-tiba_mati" data-relevant="selected( /data_entry_feedback_form/Masalah_baterai ,'Tablet_tiba-tiba_mati')" data-type-xml="string" />
   </label>
   <label class="question or-branch pre-init non-select ">
      <span lang="" class="question-label active">Tuliskan masalah pengisi daya yang tidak berfungsi:</span>
      <span lang="" class="or-hint active">(Misal: penjelasan lebih spesifik, apakah pengisi daya bidan diganti)</span>
      <input type="text" name="/data_entry_feedback_form/Pengisi_daya_rusak_tidak_berfungsi" data-relevant="selected( /data_entry_feedback_form/Masalah_baterai ,'Pengisi_daya_rusak_tidak_berfungsi')" data-type-xml="string" />
   </label>
   <label class="question or-branch pre-init non-select ">
      <span lang="" class="question-label active">Tuliskan masalah lainnya seputar baterai:</span>
      <input type="text" name="/data_entry_feedback_form/Masalah_lainnya_baterai" data-relevant="selected( /data_entry_feedback_form/Masalah_baterai ,'Masalah_lainnya')" data-type-xml="string" />
   </label>
   <label class="note or-branch pre-init non-select ">
      <span lang="" class="question-label active">Pengunaan aplikasi</span>
      <input type="text" name="/data_entry_feedback_form/Pengunaan_aplikasi" data-relevant="selected( /data_entry_feedback_form/masalah ,'Masalah_penggunaan_aplikasi1')" data-type-xml="string" readonly="readonly" />
   </label>
   <fieldset class="question or-branch pre-init ">
      <fieldset>
         <legend>
            <span lang="" class="question-label active">Centang isu-isu seputar penggunaan aplikasi yang dihadapi oleh Bidan:</span>
         </legend>
         <div class="option-wrapper">
            <label class="">
               <input type="checkbox" name="/data_entry_feedback_form/Masalah_penggunaan_aplikasi" value="Waktu_loading_form_lama" data-relevant="selected( /data_entry_feedback_form/masalah ,'Masalah_penggunaan_aplikasi1')" data-type-xml="select" />
               <span lang="" class="option-label active">Waktu loading form lama</span>
            </label>
            <label class="">
               <input type="checkbox" name="/data_entry_feedback_form/Masalah_penggunaan_aplikasi" value="Waktu_menyimpan_form_lama" data-relevant="selected( /data_entry_feedback_form/masalah ,'Masalah_penggunaan_aplikasi1')" data-type-xml="select" />
               <span lang="" class="option-label active">Waktu menyimpan form lama</span>
            </label>
            <label class="">
               <input type="checkbox" name="/data_entry_feedback_form/Masalah_penggunaan_aplikasi" value="Respon_layar_sentuh_lama" data-relevant="selected( /data_entry_feedback_form/masalah ,'Masalah_penggunaan_aplikasi1')" data-type-xml="select" />
               <span lang="" class="option-label active">Respon layar sentuh lama</span>
            </label>
            <label class="">
               <input type="checkbox" name="/data_entry_feedback_form/Masalah_penggunaan_aplikasi" value="Masalah_lainnya" data-relevant="selected( /data_entry_feedback_form/masalah ,'Masalah_penggunaan_aplikasi1')" data-type-xml="select" />
               <span lang="" class="option-label active">Masalah lainnya</span>
            </label>
         </div>
      </fieldset>
   </fieldset>
   <label class="question or-branch pre-init non-select ">
      <span lang="" class="question-label active">Tuliskan masalah waktu loading form yang lama:</span>
      <span lang="" class="or-hint active">(Misal: nama form, perkiraan waktu yg dibutuhkan untuk loading, dsb.)</span>
      <input type="text" name="/data_entry_feedback_form/Waktu_loading_form_lama" data-relevant="selected( /data_entry_feedback_form/Masalah_penggunaan_aplikasi ,'Waktu_loading_form_lama')" data-type-xml="string" />
   </label>
   <label class="question or-branch pre-init non-select ">
      <span lang="" class="question-label active">Tuliskan masalah waktu menyimpan form yang lama:</span>
      <span lang="" class="or-hint active">(Misal: nama form, perkiraan waktu yg dibutuhkan untuk loading, dsb.)</span>
      <input type="text" name="/data_entry_feedback_form/Waktu_menyimpan_form_lama" data-relevant="selected( /data_entry_feedback_form/Masalah_penggunaan_aplikasi ,'Waktu_menyimpan_form_lama')" data-type-xml="string" />
   </label>
   <label class="question or-branch pre-init non-select ">
      <span lang="" class="question-label active">Tuliskan masalah respon layar sentuh yang lama:</span>
      <span lang="" class="or-hint active">(Misal: bagian aplikasi yang tidak responsif atau butuh waktu lama untuk merespon)</span>
      <input type="text" name="/data_entry_feedback_form/Respon_layar_sentuh_lama" data-relevant="selected( /data_entry_feedback_form/Masalah_penggunaan_aplikasi ,'Respon_layar_sentuh_lama')" data-type-xml="string" />
   </label>
   <label class="question or-branch pre-init non-select ">
      <span lang="" class="question-label active">Tuliskan masalah lainnya seputar penggunaan aplikasi:</span>
      <input type="text" name="/data_entry_feedback_form/Masalah_lainnya_penggunaan_aplikasi" data-relevant="selected( /data_entry_feedback_form/Masalah_penggunaan_aplikasi ,'Masalah_lainnya')" data-type-xml="string" />
   </label>
   <label class="note or-branch pre-init non-select ">
      <span lang="" class="question-label active">Penggunaan langsung saat kunjungan</span>
      <input type="text" name="/data_entry_feedback_form/Penggunaan_langsung_saat_kunjungan" data-relevant="selected( /data_entry_feedback_form/masalah ,'Masalah_penggunaan_langsung_saat_kunjungan1')" data-type-xml="string" readonly="readonly" />
   </label>
   <fieldset class="question or-branch pre-init ">
      <fieldset>
         <legend>
            <span lang="" class="question-label active">Jika ada, centang isu-isu yang dihadapi oleh bidan dalam penggunaan aplikasi langsung saat berinteraksi dengan pasien:</span>
         </legend>
         <div class="option-wrapper">
            <label class="">
               <input type="checkbox" name="/data_entry_feedback_form/Masalah_penggunaan_langsung_saat_kunjungan" value="Rumit_ribet" data-relevant="selected( /data_entry_feedback_form/masalah ,'Masalah_penggunaan_langsung_saat_kunjungan1')" data-type-xml="select" />
               <span lang="" class="option-label active">Rumit/ribet</span>
            </label>
            <label class="">
               <input type="checkbox" name="/data_entry_feedback_form/Masalah_penggunaan_langsung_saat_kunjungan" value="Makan_waktu_lama" data-relevant="selected( /data_entry_feedback_form/masalah ,'Masalah_penggunaan_langsung_saat_kunjungan1')" data-type-xml="select" />
               <span lang="" class="option-label active">Makan waktu lama</span>
            </label>
            <label class="">
               <input type="checkbox" name="/data_entry_feedback_form/Masalah_penggunaan_langsung_saat_kunjungan" value="Pasien_komplain" data-relevant="selected( /data_entry_feedback_form/masalah ,'Masalah_penggunaan_langsung_saat_kunjungan1')" data-type-xml="select" />
               <span lang="" class="option-label active">Pasien komplain</span>
            </label>
            <label class="">
               <input type="checkbox" name="/data_entry_feedback_form/Masalah_penggunaan_langsung_saat_kunjungan" value="Terlalu_banyak_pasien" data-relevant="selected( /data_entry_feedback_form/masalah ,'Masalah_penggunaan_langsung_saat_kunjungan1')" data-type-xml="select" />
               <span lang="" class="option-label active">Terlalu banyak pasien</span>
            </label>
            <label class="">
               <input type="checkbox" name="/data_entry_feedback_form/Masalah_penggunaan_langsung_saat_kunjungan" value="Belum_pernah_menggunakan_langsung_saat_kunjungan" data-relevant="selected( /data_entry_feedback_form/masalah ,'Masalah_penggunaan_langsung_saat_kunjungan1')" data-type-xml="select" />
               <span lang="" class="option-label active">Belum pernah menggunakan langsung saat kunjungan</span>
            </label>
            <label class="">
               <input type="checkbox" name="/data_entry_feedback_form/Masalah_penggunaan_langsung_saat_kunjungan" value="Masalah_lainnya" data-relevant="selected( /data_entry_feedback_form/masalah ,'Masalah_penggunaan_langsung_saat_kunjungan1')" data-type-xml="select" />
               <span lang="" class="option-label active">Masalah lainnya</span>
            </label>
         </div>
      </fieldset>
   </fieldset>
   <label class="question or-branch pre-init non-select ">
      <span lang="" class="question-label active">Tuliskan masalah seputar penggunaan langsung saat kunjungan lainnya:</span>
      <input type="text" name="/data_entry_feedback_form/Masalah_lainnya_penggunaan_langsung" data-relevant="selected( /data_entry_feedback_form/Masalah_penggunaan_langsung_saat_kunjungan ,'Masalah_lainnya')" data-type-xml="string" />
   </label>
   <label class="note or-branch pre-init non-select ">
      <span lang="" class="question-label active">Aplikasi error</span>
      <input type="text" name="/data_entry_feedback_form/Aplikasi_error" data-relevant="selected( /data_entry_feedback_form/masalah ,'Masalah_aplikasi_error1')" data-type-xml="string" readonly="readonly" />
   </label>
   <fieldset class="question or-branch pre-init ">
      <fieldset>
         <legend>
            <span lang="" class="question-label active">Centang isu-isu seputar aplikasi error yang dihadapi oleh bidan:</span>
         </legend>
         <div class="option-wrapper">
            <label class="">
               <input type="checkbox" name="/data_entry_feedback_form/Masalah_aplikasi_error" value="Aplikasi_menutup_sendiri" data-relevant="selected( /data_entry_feedback_form/masalah ,'Masalah_aplikasi_error1')" data-type-xml="select" />
               <span lang="" class="option-label active">Aplikasi menutup sendiri</span>
            </label>
            <label class="">
               <input type="checkbox" name="/data_entry_feedback_form/Masalah_aplikasi_error" value="Masalah_sinkronisasi_data" data-relevant="selected( /data_entry_feedback_form/masalah ,'Masalah_aplikasi_error1')" data-type-xml="select" />
               <span lang="" class="option-label active">Masalah sinkronisasi data</span>
            </label>
            <label class="">
               <input type="checkbox" name="/data_entry_feedback_form/Masalah_aplikasi_error" value="Masalah_lainnya" data-relevant="selected( /data_entry_feedback_form/masalah ,'Masalah_aplikasi_error1')" data-type-xml="select" />
               <span lang="" class="option-label active">Masalah lainnya</span>
            </label>
         </div>
      </fieldset>
   </fieldset>
   <label class="question or-branch pre-init non-select ">
      <span lang="" class="question-label active">Tuliskan masalah aplikasi yang menutup sendiri:</span>
      <span lang="" class="or-hint active">(Misal: apa yang memicu aplikasi tiba-tiba menutup sendiri)</span>
      <input type="text" name="/data_entry_feedback_form/Aplikasi_menutup_sendiri" data-relevant="selected( /data_entry_feedback_form/Masalah_aplikasi_error ,'Aplikasi_menutup_sendiri')" data-type-xml="string" />
   </label>
   <label class="question or-branch pre-init non-select ">
      <span lang="" class="question-label active">Tuliskan masalah sinkronisasi data:</span>
      <input type="text" name="/data_entry_feedback_form/Masalah_sinkronisasi_data" data-relevant="selected( /data_entry_feedback_form/Masalah_aplikasi_error ,'Masalah_sinkronisasi_data')" data-type-xml="string" />
   </label>
   <label class="question or-branch pre-init non-select ">
      <span lang="" class="question-label active">Tuliskan masalah lainnya seputar aplikasi error:</span>
      <input type="text" name="/data_entry_feedback_form/Masalah_lainnya_aplikasi_error" data-relevant="selected( /data_entry_feedback_form/Masalah_aplikasi_error ,'Masalah_lainnya')" data-type-xml="string" />
   </label>

   <fieldset class="question or-branch pre-init ">
      <fieldset>
         <legend>
            <span lang="" class="question-label active">Masalah di kartu IBU :</span>
         </legend>
         <div class="option-wrapper">
            <label class="">
               <input type="checkbox" name="/data_entry_feedback_form/Masalah_Kartu_Ibu" value="Pilihan_variabel_yang_ada_tidak_sesuai" data-relevant="selected( /data_entry_feedback_form/masalah ,'Masalah_Kartu_Ibu1')" data-type-xml="select" />
               <span lang="" class="option-label active">Pilihan variabel yang ada tidak sesuai</span>
            </label>
            <label class="">
               <input type="checkbox" name="/data_entry_feedback_form/Masalah_Kartu_Ibu" value="Kalkulasi_variabel_tidak_sesuai" data-relevant="selected( /data_entry_feedback_form/masalah ,'Masalah_Kartu_Ibu1')" data-type-xml="select" />
               <span lang="" class="option-label active">Kalkulasi variabel tidak sesuai</span>
            </label>
            <label class="">
               <input type="checkbox" name="/data_entry_feedback_form/Masalah_Kartu_Ibu" value="Data_variabel_yang_dimasukkan_hilang" data-relevant="selected( /data_entry_feedback_form/masalah ,'Masalah_Kartu_Ibu1')" data-type-xml="select" />
               <span lang="" class="option-label active">Data variabel yang dimasukkan hilang</span>
            </label>
            <label class="">
               <input type="checkbox" name="/data_entry_feedback_form/Masalah_Kartu_Ibu" value="Rentang_data_variabel_tidak_sesuai" data-relevant="selected( /data_entry_feedback_form/masalah ,'Masalah_Kartu_Ibu1')" data-type-xml="select" />
               <span lang="" class="option-label active">Rentang data variabel tidak sesuai</span>
            </label>
            <label class="">
               <input type="checkbox" name="/data_entry_feedback_form/Masalah_Kartu_Ibu" value="Data_yang_ditampilkan_tidak_sesuai_dengan_yang_dimasukkan" data-relevant="selected( /data_entry_feedback_form/masalah ,'Masalah_Kartu_Ibu1')" data-type-xml="select" />
               <span lang="" class="option-label active">Data yang ditampilkan tidak sesuai dengan yang dimasukkan</span>
            </label>
            <label class="">
               <input type="checkbox" name="/data_entry_feedback_form/Masalah_Kartu_Ibu" value="Tidak_dapat_memasukkan_data_tertentu" data-relevant="selected( /data_entry_feedback_form/masalah ,'Masalah_Kartu_Ibu1')" data-type-xml="select" />
               <span lang="" class="option-label active">Tidak dapat memasukkan data tertentu</span>
            </label>
            <label class="">
               <input type="checkbox" name="/data_entry_feedback_form/Masalah_Kartu_Ibu" value="Tidak_dapat_mengedit_data" data-relevant="selected( /data_entry_feedback_form/masalah ,'Masalah_Kartu_Ibu1')" data-type-xml="select" />
               <span lang="" class="option-label active">Tidak dapat mengedit data</span>
            </label>
            <label class="">
               <input type="checkbox" name="/data_entry_feedback_form/Masalah_Kartu_Ibu" value="Masalah_lainnya" data-relevant="selected( /data_entry_feedback_form/masalah ,'Masalah_Kartu_Ibu1')" data-type-xml="select" />
               <span lang="" class="option-label active">Masalah lainnya</span>
            </label>
         </div>
      </fieldset>
   </fieldset>
   <label class="question or-branch pre-init non-select ">
      <span lang="" class="question-label active">Tuliskan masalah pilihan variabel yang tidak sesuai:</span>
      <span lang="" class="or-hint active">(Misal: ada nama dusun yang belum ada, dsb.)</span>
      <input type="text" name="/data_entry_feedback_form/Pilihan_variabel_yang_ada_tidak_sesuai_kartu_ibu" data-relevant="selected( /data_entry_feedback_form/Masalah_Kartu_Ibu ,'Pilihan_variabel_yang_ada_tidak_sesuai')" data-type-xml="string" />
   </label>
   <label class="question or-branch pre-init non-select ">
      <span lang="" class="question-label active">Tuliskan masalah kalkulasi variabel yang tidak sesuai:</span>
      <span lang="" class="or-hint active">(Misal: penghitungan usia klinis, trimester, dsb.)</span>
      <input type="text" name="/data_entry_feedback_form/Kalkulasi_variabel_tidak_sesuai_kartu_ibu" data-relevant="selected( /data_entry_feedback_form/Masalah_Kartu_Ibu ,'Kalkulasi_variabel_tidak_sesuai')" data-type-xml="string" />
   </label>
   <label class="question or-branch pre-init non-select ">
      <span lang="" class="question-label active">Tuliskan masalah data variabel yang sering hilang:</span>
      <span lang="" class="or-hint active">(Misal: data sudah diketik tapi hilang saat pindah ke pertanyaan lain, data sudah dimasukkan dan disimpan tapi saat akan diedit data tidak ada, dsb.)</span>
      <input type="text" name="/data_entry_feedback_form/Data_variabel_yang_dimasukkan_hilang_kartu_ibu" data-relevant="selected( /data_entry_feedback_form/Masalah_Kartu_Ibu ,'Data_variabel_yang_dimasukkan_hilang')" data-type-xml="string" />
   </label>
   <label class="question or-branch pre-init non-select ">
      <span lang="" class="question-label active">Tuliskan masalah rentang data variabel yang tidak sesuai:</span>
      <span lang="" class="or-hint active">(Misal: angka tertentu tidak bisa dimasukkan, tidak bisa memasukkan angka desimal, dsb.)</span>
      <input type="text" name="/data_entry_feedback_form/Rentang_data_variabel_tidak_sesuai_kartu_ibu" data-relevant="selected( /data_entry_feedback_form/Masalah_Kartu_Ibu ,'Rentang_data_variabel_tidak_sesuai')" data-type-xml="string" />
   </label>
   <label class="question or-branch pre-init non-select ">
      <span lang="" class="question-label active">Tuliskan masalah tampilan data yang tidak sesuai:</span>
      <span lang="" class="or-hint active">(Misal: data yang sudah dimasukkan tidak terlihat di dashboard, angka yang muncul berbeda dari yang dimasukkan, dsb.)</span>
      <input type="text" name="/data_entry_feedback_form/Data_yang_ditampilkan_tidak_sesuai_dengan_yang_dimasukkan_kartu_ibu" data-relevant="selected( /data_entry_feedback_form/Masalah_Kartu_Ibu ,'Data_yang_ditampilkan_tidak_sesuai_dengan_yang_dimasukkan')" data-type-xml="string" />
   </label>
   <label class="question or-branch pre-init non-select ">
      <span lang="" class="question-label active">Tuliskan masalah data variabel tertentu yang tidak bisa dimasukkan:</span>
      <input type="text" name="/data_entry_feedback_form/Tidak_dapat_memasukkan_data_tertentu_kartu_ibu" data-relevant="selected( /data_entry_feedback_form/Masalah_Kartu_Ibu ,'Tidak_dapat_memasukkan_data_tertentu')" data-type-xml="string" />
   </label>
   <label class="question or-branch pre-init non-select ">
      <span lang="" class="question-label active">Tuliskan variabel yang tidak bisa diedit:</span>
      <input type="text" name="/data_entry_feedback_form/Tidak_dapat_mengedit_data_kartu_ibu" data-relevant="selected( /data_entry_feedback_form/Masalah_Kartu_Ibu ,'Tidak_dapat_mengedit_data')" data-type-xml="string" />
   </label>
   <label class="question or-branch pre-init non-select ">
      <span lang="" class="question-label active">Tuliskan masalah lainnya di form ini:</span>
      <input type="text" name="/data_entry_feedback_form/Masalah_lainnya_kartu_ibu" data-relevant="selected( /data_entry_feedback_form/Masalah_Kartu_Ibu ,'Masalah_lainnya')" data-type-xml="string" />
   </label>

   <fieldset class="question or-branch pre-init ">
      <fieldset>
         <legend>
            <span lang="" class="question-label active">Masalah di kohort KB :</span>
         </legend>
         <div class="option-wrapper">
            <label class="">
               <input type="checkbox" name="/data_entry_feedback_form/Masalah_Kohort_KB" value="Pilihan_variabel_yang_ada_tidak_sesuai" data-relevant="selected( /data_entry_feedback_form/masalah ,'Masalah_Kohort_KB1')" data-type-xml="select" />
               <span lang="" class="option-label active">Pilihan variabel yang ada tidak sesuai</span>
            </label>
            <label class="">
               <input type="checkbox" name="/data_entry_feedback_form/Masalah_Kohort_KB" value="Kalkulasi_variabel_tidak_sesuai" data-relevant="selected( /data_entry_feedback_form/masalah ,'Masalah_Kohort_KB1')" data-type-xml="select" />
               <span lang="" class="option-label active">Kalkulasi variabel tidak sesuai</span>
            </label>
            <label class="">
               <input type="checkbox" name="/data_entry_feedback_form/Masalah_Kohort_KB" value="Data_variabel_yang_dimasukkan_hilang" data-relevant="selected( /data_entry_feedback_form/masalah ,'Masalah_Kohort_KB1')" data-type-xml="select" />
               <span lang="" class="option-label active">Data variabel yang dimasukkan hilang</span>
            </label>
            <label class="">
               <input type="checkbox" name="/data_entry_feedback_form/Masalah_Kohort_KB" value="Rentang_data_variabel_tidak_sesuai" data-relevant="selected( /data_entry_feedback_form/masalah ,'Masalah_Kohort_KB1')" data-type-xml="select" />
               <span lang="" class="option-label active">Rentang data variabel tidak sesuai</span>
            </label>
            <label class="">
               <input type="checkbox" name="/data_entry_feedback_form/Masalah_Kohort_KB" value="Data_yang_ditampilkan_tidak_sesuai_dengan_yang_dimasukkan" data-relevant="selected( /data_entry_feedback_form/masalah ,'Masalah_Kohort_KB1')" data-type-xml="select" />
               <span lang="" class="option-label active">Data yang ditampilkan tidak sesuai dengan yang dimasukkan</span>
            </label>
            <label class="">
               <input type="checkbox" name="/data_entry_feedback_form/Masalah_Kohort_KB" value="Tidak_dapat_memasukkan_data_tertentu" data-relevant="selected( /data_entry_feedback_form/masalah ,'Masalah_Kohort_KB1')" data-type-xml="select" />
               <span lang="" class="option-label active">Tidak dapat memasukkan data tertentu</span>
            </label>
            <label class="">
               <input type="checkbox" name="/data_entry_feedback_form/Masalah_Kohort_KB" value="Tidak_dapat_mengedit_data" data-relevant="selected( /data_entry_feedback_form/masalah ,'Masalah_Kohort_KB1')" data-type-xml="select" />
               <span lang="" class="option-label active">Tidak dapat mengedit data</span>
            </label>
            <label class="">
               <input type="checkbox" name="/data_entry_feedback_form/Masalah_Kohort_KB" value="Masalah_lainnya" data-relevant="selected( /data_entry_feedback_form/masalah ,'Masalah_Kohort_KB1')" data-type-xml="select" />
               <span lang="" class="option-label active">Masalah lainnya</span>
            </label>
         </div>
      </fieldset>
   </fieldset>
   <label class="question or-branch pre-init non-select ">
      <span lang="" class="question-label active">Tuliskan masalah pilihan variabel yang tidak sesuai:</span>
      <span lang="" class="or-hint active">(Misal: ada nama dusun yang belum ada, dsb.)</span>
      <input type="text" name="/data_entry_feedback_form/Pilihan_variabel_yang_ada_tidak_sesuai_kohort_kb" data-relevant="selected( /data_entry_feedback_form/Masalah_Kohort_KB ,'Pilihan_variabel_yang_ada_tidak_sesuai')" data-type-xml="string" />
   </label>
   <label class="question or-branch pre-init non-select ">
      <span lang="" class="question-label active">Tuliskan masalah kalkulasi variabel yang tidak sesuai:</span>
      <span lang="" class="or-hint active">(Misal: penghitungan usia klinis, trimester, dsb.)</span>
      <input type="text" name="/data_entry_feedback_form/Kalkulasi_variabel_tidak_sesuai_kohort_kb" data-relevant="selected( /data_entry_feedback_form/Masalah_Kohort_KB ,'Kalkulasi_variabel_tidak_sesuai')" data-type-xml="string" />
   </label>
   <label class="question or-branch pre-init non-select ">
      <span lang="" class="question-label active">Tuliskan masalah data variabel yang sering hilang:</span>
      <span lang="" class="or-hint active">(Misal: data sudah diketik tapi hilang saat pindah ke pertanyaan lain, data sudah dimasukkan dan disimpan tapi saat akan diedit data tidak ada, dsb.)</span>
      <input type="text" name="/data_entry_feedback_form/Data_variabel_yang_dimasukkan_hilang_kohort_kb" data-relevant="selected( /data_entry_feedback_form/Masalah_Kohort_KB ,'Data_variabel_yang_dimasukkan_hilang')" data-type-xml="string" />
   </label>
   <label class="question or-branch pre-init non-select ">
      <span lang="" class="question-label active">Tuliskan masalah rentang data variabel yang tidak sesuai:</span>
      <span lang="" class="or-hint active">(Misal: angka tertentu tidak bisa dimasukkan, tidak bisa memasukkan angka desimal, dsb.)</span>
      <input type="text" name="/data_entry_feedback_form/Rentang_data_variabel_tidak_sesuai_kohort_kb" data-relevant="selected( /data_entry_feedback_form/Masalah_Kohort_KB ,'Rentang_data_variabel_tidak_sesuai')" data-type-xml="string" />
   </label>
   <label class="question or-branch pre-init non-select ">
      <span lang="" class="question-label active">Tuliskan masalah tampilan data yang tidak sesuai:</span>
      <span lang="" class="or-hint active">(Misal: data yang sudah dimasukkan tidak terlihat di dashboard, angka yang muncul berbeda dari yang dimasukkan, dsb.)</span>
      <input type="text" name="/data_entry_feedback_form/Data_yang_ditampilkan_tidak_sesuai_dengan_yang_dimasukkan_kohort_kb" data-relevant="selected( /data_entry_feedback_form/Masalah_Kohort_KB ,'Data_yang_ditampilkan_tidak_sesuai_dengan_yang_dimasukkan')" data-type-xml="string" />
   </label>
   <label class="question or-branch pre-init non-select ">
      <span lang="" class="question-label active">Tuliskan masalah data variabel tertentu yang tidak bisa dimasukkan:</span>
      <input type="text" name="/data_entry_feedback_form/Tidak_dapat_memasukkan_data_tertentu_kohort_kb" data-relevant="selected( /data_entry_feedback_form/Masalah_Kohort_KB ,'Tidak_dapat_memasukkan_data_tertentu')" data-type-xml="string" />
   </label>
   <label class="question or-branch pre-init non-select ">
      <span lang="" class="question-label active">Tuliskan variabel yang tidak bisa diedit:</span>
      <input type="text" name="/data_entry_feedback_form/Tidak_dapat_mengedit_data_kohort_kb" data-relevant="selected( /data_entry_feedback_form/Masalah_Kohort_KB ,'Tidak_dapat_mengedit_data')" data-type-xml="string" />
   </label>
   <label class="question or-branch pre-init non-select ">
      <span lang="" class="question-label active">Tuliskan masalah lainnya di form ini:</span>
      <input type="text" name="/data_entry_feedback_form/Masalah_lainnya_kohort_kb" data-relevant="selected( /data_entry_feedback_form/Masalah_Kohort_KB ,'Masalah_lainnya')" data-type-xml="string" />
   </label>

   <fieldset class="question or-branch pre-init ">
      <fieldset>
         <legend>
            <span lang="" class="question-label active">Masalah di register ANC :</span>
         </legend>
         <div class="option-wrapper">
            <label class="">
               <input type="checkbox" name="/data_entry_feedback_form/Masalah_Register_ANC" value="Pilihan_variabel_yang_ada_tidak_sesuai" data-relevant="selected( /data_entry_feedback_form/masalah ,'Masalah_Register_ANC1')" data-type-xml="select" />
               <span lang="" class="option-label active">Pilihan variabel yang ada tidak sesuai</span>
            </label>
            <label class="">
               <input type="checkbox" name="/data_entry_feedback_form/Masalah_Register_ANC" value="Kalkulasi_variabel_tidak_sesuai" data-relevant="selected( /data_entry_feedback_form/masalah ,'Masalah_Register_ANC1')" data-type-xml="select" />
               <span lang="" class="option-label active">Kalkulasi variabel tidak sesuai</span>
            </label>
            <label class="">
               <input type="checkbox" name="/data_entry_feedback_form/Masalah_Register_ANC" value="Data_variabel_yang_dimasukkan_hilang" data-relevant="selected( /data_entry_feedback_form/masalah ,'Masalah_Register_ANC1')" data-type-xml="select" />
               <span lang="" class="option-label active">Data variabel yang dimasukkan hilang</span>
            </label>
            <label class="">
               <input type="checkbox" name="/data_entry_feedback_form/Masalah_Register_ANC" value="Rentang_data_variabel_tidak_sesuai" data-relevant="selected( /data_entry_feedback_form/masalah ,'Masalah_Register_ANC1')" data-type-xml="select" />
               <span lang="" class="option-label active">Rentang data variabel tidak sesuai</span>
            </label>
            <label class="">
               <input type="checkbox" name="/data_entry_feedback_form/Masalah_Register_ANC" value="Data_yang_ditampilkan_tidak_sesuai_dengan_yang_dimasukkan" data-relevant="selected( /data_entry_feedback_form/masalah ,'Masalah_Register_ANC1')" data-type-xml="select" />
               <span lang="" class="option-label active">Data yang ditampilkan tidak sesuai dengan yang dimasukkan</span>
            </label>
            <label class="">
               <input type="checkbox" name="/data_entry_feedback_form/Masalah_Register_ANC" value="Tidak_dapat_memasukkan_data_tertentu" data-relevant="selected( /data_entry_feedback_form/masalah ,'Masalah_Register_ANC1')" data-type-xml="select" />
               <span lang="" class="option-label active">Tidak dapat memasukkan data tertentu</span>
            </label>
            <label class="">
               <input type="checkbox" name="/data_entry_feedback_form/Masalah_Register_ANC" value="Tidak_dapat_mengedit_data" data-relevant="selected( /data_entry_feedback_form/masalah ,'Masalah_Register_ANC1')" data-type-xml="select" />
               <span lang="" class="option-label active">Tidak dapat mengedit data</span>
            </label>
            <label class="">
               <input type="checkbox" name="/data_entry_feedback_form/Masalah_Register_ANC" value="Masalah_lainnya" data-relevant="selected( /data_entry_feedback_form/masalah ,'Masalah_Register_ANC1')" data-type-xml="select" />
               <span lang="" class="option-label active">Masalah lainnya</span>
            </label>
         </div>
      </fieldset>
   </fieldset>
   <label class="question or-branch pre-init non-select ">
      <span lang="" class="question-label active">Tuliskan masalah pilihan variabel yang tidak sesuai:</span>
      <span lang="" class="or-hint active">(Misal: ada nama dusun yang belum ada, dsb.)</span>
      <input type="text" name="/data_entry_feedback_form/Pilihan_variabel_yang_ada_tidak_sesuai_Register_ANC" data-relevant="selected( /data_entry_feedback_form/Masalah_Register_ANC ,'Pilihan_variabel_yang_ada_tidak_sesuai')" data-type-xml="string" />
   </label>
   <label class="question or-branch pre-init non-select ">
      <span lang="" class="question-label active">Tuliskan masalah kalkulasi variabel yang tidak sesuai:</span>
      <span lang="" class="or-hint active">(Misal: penghitungan usia klinis, trimester, dsb.)</span>
      <input type="text" name="/data_entry_feedback_form/Kalkulasi_variabel_tidak_sesuai_Register_ANC" data-relevant="selected( /data_entry_feedback_form/Masalah_Register_ANC ,'Kalkulasi_variabel_tidak_sesuai')" data-type-xml="string" />
   </label>
   <label class="question or-branch pre-init non-select ">
      <span lang="" class="question-label active">Tuliskan masalah data variabel yang sering hilang:</span>
      <span lang="" class="or-hint active">(Misal: data sudah diketik tapi hilang saat pindah ke pertanyaan lain, data sudah dimasukkan dan disimpan tapi saat akan diedit data tidak ada, dsb.)</span>
      <input type="text" name="/data_entry_feedback_form/Data_variabel_yang_dimasukkan_hilang_Register_ANC" data-relevant="selected( /data_entry_feedback_form/Masalah_Register_ANC ,'Data_variabel_yang_dimasukkan_hilang')" data-type-xml="string" />
   </label>
   <label class="question or-branch pre-init non-select ">
      <span lang="" class="question-label active">Tuliskan masalah rentang data variabel yang tidak sesuai:</span>
      <span lang="" class="or-hint active">(Misal: angka tertentu tidak bisa dimasukkan, tidak bisa memasukkan angka desimal, dsb.)</span>
      <input type="text" name="/data_entry_feedback_form/Rentang_data_variabel_tidak_sesuai_Register_ANC" data-relevant="selected( /data_entry_feedback_form/Masalah_Register_ANC ,'Rentang_data_variabel_tidak_sesuai')" data-type-xml="string" />
   </label>
   <label class="question or-branch pre-init non-select ">
      <span lang="" class="question-label active">Tuliskan masalah tampilan data yang tidak sesuai:</span>
      <span lang="" class="or-hint active">(Misal: data yang sudah dimasukkan tidak terlihat di dashboard, angka yang muncul berbeda dari yang dimasukkan, dsb.)</span>
      <input type="text" name="/data_entry_feedback_form/Data_yang_ditampilkan_tidak_sesuai_dengan_yang_dimasukkan_Register_ANC" data-relevant="selected( /data_entry_feedback_form/Masalah_Register_ANC ,'Data_yang_ditampilkan_tidak_sesuai_dengan_yang_dimasukkan')" data-type-xml="string" />
   </label>
   <label class="question or-branch pre-init non-select ">
      <span lang="" class="question-label active">Tuliskan masalah data variabel tertentu yang tidak bisa dimasukkan:</span>
      <input type="text" name="/data_entry_feedback_form/Tidak_dapat_memasukkan_data_tertentu_Register_ANC" data-relevant="selected( /data_entry_feedback_form/Masalah_Register_ANC ,'Tidak_dapat_memasukkan_data_tertentu')" data-type-xml="string" />
   </label>
   <label class="question or-branch pre-init non-select ">
      <span lang="" class="question-label active">Tuliskan variabel yang tidak bisa diedit:</span>
      <input type="text" name="/data_entry_feedback_form/Tidak_dapat_mengedit_data_Register_ANC" data-relevant="selected( /data_entry_feedback_form/Masalah_Register_ANC ,'Tidak_dapat_mengedit_data')" data-type-xml="string" />
   </label>
   <label class="question or-branch pre-init non-select ">
      <span lang="" class="question-label active">Tuliskan masalah lainnya di form ini:</span>
      <input type="text" name="/data_entry_feedback_form/Masalah_lainnya_register_anc" data-relevant="selected( /data_entry_feedback_form/Masalah_Register_ANC ,'Masalah_lainnya')" data-type-xml="string" />
   </label>
   <fieldset class="question or-branch pre-init ">
      <fieldset>
         <legend>
            <span lang="" class="question-label active">Masalah di register PNC :</span>
         </legend>
         <div class="option-wrapper">
            <label class="">
               <input type="checkbox" name="/data_entry_feedback_form/Masalah_Register_PNC" value="Pilihan_variabel_yang_ada_tidak_sesuai" data-relevant="selected( /data_entry_feedback_form/masalah ,'Masalah_Register_PNC1')" data-type-xml="select" />
               <span lang="" class="option-label active">Pilihan variabel yang ada tidak sesuai</span>
            </label>
            <label class="">
               <input type="checkbox" name="/data_entry_feedback_form/Masalah_Register_PNC" value="Kalkulasi_variabel_tidak_sesuai" data-relevant="selected( /data_entry_feedback_form/masalah ,'Masalah_Register_PNC1')" data-type-xml="select" />
               <span lang="" class="option-label active">Kalkulasi variabel tidak sesuai</span>
            </label>
            <label class="">
               <input type="checkbox" name="/data_entry_feedback_form/Masalah_Register_PNC" value="Data_variabel_yang_dimasukkan_hilang" data-relevant="selected( /data_entry_feedback_form/masalah ,'Masalah_Register_PNC1')" data-type-xml="select" />
               <span lang="" class="option-label active">Data variabel yang dimasukkan hilang</span>
            </label>
            <label class="">
               <input type="checkbox" name="/data_entry_feedback_form/Masalah_Register_PNC" value="Rentang_data_variabel_tidak_sesuai" data-relevant="selected( /data_entry_feedback_form/masalah ,'Masalah_Register_PNC1')" data-type-xml="select" />
               <span lang="" class="option-label active">Rentang data variabel tidak sesuai</span>
            </label>
            <label class="">
               <input type="checkbox" name="/data_entry_feedback_form/Masalah_Register_PNC" value="Data_yang_ditampilkan_tidak_sesuai_dengan_yang_dimasukkan" data-relevant="selected( /data_entry_feedback_form/masalah ,'Masalah_Register_PNC1')" data-type-xml="select" />
               <span lang="" class="option-label active">Data yang ditampilkan tidak sesuai dengan yang dimasukkan</span>
            </label>
            <label class="">
               <input type="checkbox" name="/data_entry_feedback_form/Masalah_Register_PNC" value="Tidak_dapat_memasukkan_data_tertentu" data-relevant="selected( /data_entry_feedback_form/masalah ,'Masalah_Register_PNC1')" data-type-xml="select" />
               <span lang="" class="option-label active">Tidak dapat memasukkan data tertentu</span>
            </label>
            <label class="">
               <input type="checkbox" name="/data_entry_feedback_form/Masalah_Register_PNC" value="Tidak_dapat_mengedit_data" data-relevant="selected( /data_entry_feedback_form/masalah ,'Masalah_Register_PNC1')" data-type-xml="select" />
               <span lang="" class="option-label active">Tidak dapat mengedit data</span>
            </label>
            <label class="">
               <input type="checkbox" name="/data_entry_feedback_form/Masalah_Register_PNC" value="Masalah_lainnya" data-relevant="selected( /data_entry_feedback_form/masalah ,'Masalah_Register_PNC1')" data-type-xml="select" />
               <span lang="" class="option-label active">Masalah lainnya</span>
            </label>
         </div>
      </fieldset>
   </fieldset>
   <label class="question or-branch pre-init non-select ">
      <span lang="" class="question-label active">Tuliskan masalah pilihan variabel yang tidak sesuai:</span>
      <span lang="" class="or-hint active">(Misal: ada nama dusun yang belum ada, dsb.)</span>
      <input type="text" name="/data_entry_feedback_form/Pilihan_variabel_yang_ada_tidak_sesuai_Register_PNC" data-relevant="selected( /data_entry_feedback_form/Masalah_Register_PNC ,'Pilihan_variabel_yang_ada_tidak_sesuai')" data-type-xml="string" />
   </label>
   <label class="question or-branch pre-init non-select ">
      <span lang="" class="question-label active">Tuliskan masalah kalkulasi variabel yang tidak sesuai:</span>
      <span lang="" class="or-hint active">(Misal: penghitungan usia klinis, trimester, dsb.)</span>
      <input type="text" name="/data_entry_feedback_form/Kalkulasi_variabel_tidak_sesuai_Register_PNC" data-relevant="selected( /data_entry_feedback_form/Masalah_Register_PNC ,'Kalkulasi_variabel_tidak_sesuai')" data-type-xml="string" />
   </label>
   <label class="question or-branch pre-init non-select ">
      <span lang="" class="question-label active">Tuliskan masalah data variabel yang sering hilang:</span>
      <span lang="" class="or-hint active">(Misal: data sudah diketik tapi hilang saat pindah ke pertanyaan lain, data sudah dimasukkan dan disimpan tapi saat akan diedit data tidak ada, dsb.)</span>
      <input type="text" name="/data_entry_feedback_form/Data_variabel_yang_dimasukkan_hilang_Register_PNC" data-relevant="selected( /data_entry_feedback_form/Masalah_Register_PNC ,'Data_variabel_yang_dimasukkan_hilang')" data-type-xml="string" />
   </label>
   <label class="question or-branch pre-init non-select ">
      <span lang="" class="question-label active">Tuliskan masalah rentang data variabel yang tidak sesuai:</span>
      <span lang="" class="or-hint active">(Misal: angka tertentu tidak bisa dimasukkan, tidak bisa memasukkan angka desimal, dsb.)</span>
      <input type="text" name="/data_entry_feedback_form/Rentang_data_variabel_tidak_sesuai_Register_PNC" data-relevant="selected( /data_entry_feedback_form/Masalah_Register_PNC ,'Rentang_data_variabel_tidak_sesuai')" data-type-xml="string" />
   </label>
   <label class="question or-branch pre-init non-select ">
      <span lang="" class="question-label active">Tuliskan masalah tampilan data yang tidak sesuai:</span>
      <span lang="" class="or-hint active">(Misal: data yang sudah dimasukkan tidak terlihat di dashboard, angka yang muncul berbeda dari yang dimasukkan, dsb.)</span>
      <input type="text" name="/data_entry_feedback_form/Data_yang_ditampilkan_tidak_sesuai_dengan_yang_dimasukkan_Register_PNC" data-relevant="selected( /data_entry_feedback_form/Masalah_Register_PNC ,'Data_yang_ditampilkan_tidak_sesuai_dengan_yang_dimasukkan')" data-type-xml="string" />
   </label>
   <label class="question or-branch pre-init non-select ">
      <span lang="" class="question-label active">Tuliskan masalah data variabel tertentu yang tidak bisa dimasukkan:</span>
      <input type="text" name="/data_entry_feedback_form/Tidak_dapat_memasukkan_data_tertentu_Register_PNC" data-relevant="selected( /data_entry_feedback_form/Masalah_Register_PNC ,'Tidak_dapat_memasukkan_data_tertentu')" data-type-xml="string" />
   </label>
   <label class="question or-branch pre-init non-select ">
      <span lang="" class="question-label active">Tuliskan variabel yang tidak bisa diedit:</span>
      <input type="text" name="/data_entry_feedback_form/Tidak_dapat_mengedit_data_Register_PNC" data-relevant="selected( /data_entry_feedback_form/Masalah_Register_PNC ,'Tidak_dapat_mengedit_data')" data-type-xml="string" />
   </label>
   <label class="question or-branch pre-init non-select ">
      <span lang="" class="question-label active">Tuliskan masalah lainnya di form ini:</span>
      <input type="text" name="/data_entry_feedback_form/Masalah_lainnya_register_pnc" data-relevant="selected( /data_entry_feedback_form/Masalah_Register_PNC ,'Masalah_lainnya')" data-type-xml="string" />
   </label>
   <fieldset class="question or-branch pre-init ">
      <fieldset>
         <legend>
            <span lang="" class="question-label active">Masalah di kohort anak:</span>
         </legend>
         <div class="option-wrapper">
            <label class="">
               <input type="checkbox" name="/data_entry_feedback_form/Masalah_Kohort_Anak" value="Pilihan_variabel_yang_ada_tidak_sesuai" data-relevant="selected( /data_entry_feedback_form/masalah ,'Masalah_Kohort_Anak1')" data-type-xml="select" />
               <span lang="" class="option-label active">Pilihan variabel yang ada tidak sesuai</span>
            </label>
            <label class="">
               <input type="checkbox" name="/data_entry_feedback_form/Masalah_Kohort_Anak" value="Kalkulasi_variabel_tidak_sesuai" data-relevant="selected( /data_entry_feedback_form/masalah ,'Masalah_Kohort_Anak1')" data-type-xml="select" />
               <span lang="" class="option-label active">Kalkulasi variabel tidak sesuai</span>
            </label>
            <label class="">
               <input type="checkbox" name="/data_entry_feedback_form/Masalah_Kohort_Anak" value="Data_variabel_yang_dimasukkan_hilang" data-relevant="selected( /data_entry_feedback_form/masalah ,'Masalah_Kohort_Anak1')" data-type-xml="select" />
               <span lang="" class="option-label active">Data variabel yang dimasukkan hilang</span>
            </label>
            <label class="">
               <input type="checkbox" name="/data_entry_feedback_form/Masalah_Kohort_Anak" value="Rentang_data_variabel_tidak_sesuai" data-relevant="selected( /data_entry_feedback_form/masalah ,'Masalah_Kohort_Anak1')" data-type-xml="select" />
               <span lang="" class="option-label active">Rentang data variabel tidak sesuai</span>
            </label>
            <label class="">
               <input type="checkbox" name="/data_entry_feedback_form/Masalah_Kohort_Anak" value="Data_yang_ditampilkan_tidak_sesuai_dengan_yang_dimasukkan" data-relevant="selected( /data_entry_feedback_form/masalah ,'Masalah_Kohort_Anak1')" data-type-xml="select" />
               <span lang="" class="option-label active">Data yang ditampilkan tidak sesuai dengan yang dimasukkan</span>
            </label>
            <label class="">
               <input type="checkbox" name="/data_entry_feedback_form/Masalah_Kohort_Anak" value="Tidak_dapat_memasukkan_data_tertentu" data-relevant="selected( /data_entry_feedback_form/masalah ,'Masalah_Kohort_Anak1')" data-type-xml="select" />
               <span lang="" class="option-label active">Tidak dapat memasukkan data tertentu</span>
            </label>
            <label class="">
               <input type="checkbox" name="/data_entry_feedback_form/Masalah_Kohort_Anak" value="Tidak_dapat_mengedit_data" data-relevant="selected( /data_entry_feedback_form/masalah ,'Masalah_Kohort_Anak1')" data-type-xml="select" />
               <span lang="" class="option-label active">Tidak dapat mengedit data</span>
            </label>
            <label class="">
               <input type="checkbox" name="/data_entry_feedback_form/Masalah_Kohort_Anak" value="Masalah_lainnya" data-relevant="selected( /data_entry_feedback_form/masalah ,'Masalah_Kohort_Anak1')" data-type-xml="select" />
               <span lang="" class="option-label active">Masalah lainnya</span>
            </label>
         </div>
      </fieldset>
   </fieldset>
   <label class="question or-branch pre-init non-select ">
      <span lang="" class="question-label active">Pilihan variabel yang ada tidak sesuai</span>
      <span lang="" class="or-hint active">(Misal: ada nama dusun yang belum ada, dsb.)</span>
      <input type="text" name="/data_entry_feedback_form/Pilihan_variabel_yang_ada_tidak_sesuai_Kohort_Anak" data-relevant="selected( /data_entry_feedback_form/Masalah_Kohort_Anak ,'Pilihan_variabel_yang_ada_tidak_sesuai')" data-type-xml="string" />
   </label>
   <label class="question or-branch pre-init non-select ">
      <span lang="" class="question-label active">Kalkulasi variabel tidak sesuai</span>
      <span lang="" class="or-hint active">(Misal: penghitungan usia klinis, trimester, dsb.)</span>
      <input type="text" name="/data_entry_feedback_form/Kalkulasi_variabel_tidak_sesuai_Kohort_Anak" data-relevant="selected( /data_entry_feedback_form/Masalah_Kohort_Anak ,'Kalkulasi_variabel_tidak_sesuai')" data-type-xml="string" />
   </label>
   <label class="question or-branch pre-init non-select ">
      <span lang="" class="question-label active">Data variabel yang dimasukkan hilang</span>
      <span lang="" class="or-hint active">(Misal: data sudah diketik tapi hilang saat pindah ke pertanyaan lain, data sudah dimasukkan dan disimpan tapi saat akan diedit data tidak ada, dsb.)</span>
      <input type="text" name="/data_entry_feedback_form/Data_variabel_yang_dimasukkan_hilang_Kohort_Anak" data-relevant="selected( /data_entry_feedback_form/Masalah_Kohort_Anak ,'Data_variabel_yang_dimasukkan_hilang')" data-type-xml="string" />
   </label>
   <label class="question or-branch pre-init non-select ">
      <span lang="" class="question-label active">Tuliskan masalah rentang data variabel yang tidak sesuai:</span>
      <span lang="" class="or-hint active">(Misal: angka tertentu tidak bisa dimasukkan, tidak bisa memasukkan angka desimal, dsb.)</span>
      <input type="text" name="/data_entry_feedback_form/Rentang_data_variabel_tidak_sesuai_Kohort_Anak" data-relevant="selected( /data_entry_feedback_form/Masalah_Kohort_Anak ,'Rentang_data_variabel_tidak_sesuai')" data-type-xml="string" />
   </label>
   <label class="question or-branch pre-init non-select ">
      <span lang="" class="question-label active">Data yang ditampilkan tidak sesuai dengan yang dimasukkan</span>
      <span lang="" class="or-hint active">(Misal: data yang sudah dimasukkan tidak terlihat di dashboard, angka yang muncul berbeda dari yang dimasukkan, dsb.)</span>
      <input type="text" name="/data_entry_feedback_form/Data_yang_ditampilkan_tidak_sesuai_dengan_yang_dimasukkan_Kohort_Anak" data-relevant="selected( /data_entry_feedback_form/Masalah_Kohort_Anak ,'Data_yang_ditampilkan_tidak_sesuai_dengan_yang_dimasukkan')" data-type-xml="string" />
   </label>
   <label class="question or-branch pre-init non-select ">
      <span lang="" class="question-label active">Tidak dapat memasukkan data tertentu</span>
      <input type="text" name="/data_entry_feedback_form/Tidak_dapat_memasukkan_data_tertentu_Kohort_Anak" data-relevant="selected( /data_entry_feedback_form/Masalah_Kohort_Anak ,'Tidak_dapat_memasukkan_data_tertentu')" data-type-xml="string" />
   </label>
   <label class="question or-branch pre-init non-select ">
      <span lang="" class="question-label active">Tidak dapat mengedit data</span>
      <input type="text" name="/data_entry_feedback_form/Tidak_dapat_mengedit_data_Kohort_Anak" data-relevant="selected( /data_entry_feedback_form/Masalah_Kohort_Anak ,'Tidak_dapat_mengedit_data')" data-type-xml="string" />
   </label>
   <label class="question or-branch pre-init non-select ">
      <span lang="" class="question-label active">Masalah lainnya</span>
      <input type="text" name="/data_entry_feedback_form/Masalah_lainnya_kohort_anak" data-relevant="selected( /data_entry_feedback_form/Masalah_Kohort_Anak ,'Masalah_lainnya')" data-type-xml="string" />
   </label>
   <fieldset class="question ">
      <fieldset>
         <legend>
            <span lang="" class="question-label active">Apakah responden memiliki pendapat lainnya untuk meningkatkan Aplikasi Bidan:</span>
         </legend>
         <div class="option-wrapper">
            <label class="">
               <input type="radio" name="/data_entry_feedback_form/Umpan_balik_lainnya" data-name="/data_entry_feedback_form/Umpan_balik_lainnya" value="ya" data-type-xml="select1" />
               <span lang="" class="option-label active">ya</span>
            </label>
            <label class="">
               <input type="radio" name="/data_entry_feedback_form/Umpan_balik_lainnya" data-name="/data_entry_feedback_form/Umpan_balik_lainnya" value="tidak" data-type-xml="select1" />
               <span lang="" class="option-label active">tidak</span>
            </label>
         </div>
      </fieldset>
   </fieldset>
   <label class="question or-branch pre-init non-select ">
      <span lang="" class="question-label active">Tuliskan pendapat dari bidan di sini:</span>
      <input type="text" name="/data_entry_feedback_form/Keterangan_umpan_balik_lainnya" data-relevant="selected( /data_entry_feedback_form/Umpan_balik_lainnya ,'ya')" data-type-xml="string" />
   </label>
   <fieldset id="or-preload-items" style="display:none;">
      <label class="calculation non-select ">
         <input type="hidden" name="/data_entry_feedback_form/start" data-preload="timestamp" data-preload-params="start" data-type-xml="dateTime" />
      </label>
      <label class="calculation non-select ">
         <input type="hidden" name="/data_entry_feedback_form/today" data-preload="date" data-preload-params="today" data-type-xml="date" />
      </label>
      <label class="calculation non-select ">
         <input type="hidden" name="/data_entry_feedback_form/deviceid" data-preload="property" data-preload-params="deviceid" data-type-xml="string" />
      </label>
      <label class="calculation non-select ">
         <input type="hidden" name="/data_entry_feedback_form/simserial" data-preload="property" data-preload-params="simserial" data-type-xml="string" />
      </label>
      <label class="calculation non-select ">
         <input type="hidden" name="/data_entry_feedback_form/phonenumber" data-preload="property" data-preload-params="phonenumber" data-type-xml="string" />
      </label>
      <label class="calculation non-select ">
         <input type="hidden" name="/data_entry_feedback_form/end" data-preload="timestamp" data-preload-params="end" data-type-xml="dateTime" />
      </label>
   </fieldset>
   <fieldset id="or-calculated-items" style="display:none;">
      <label class="calculation non-select ">
         <input type="hidden" name="/data_entry_feedback_form/meta/instanceID" data-calculate="concat('uuid:', uuid())" data-type-xml="string" />
      </label>
      <label class="calculation non-select ">
         <input type="hidden" name="/data_entry_feedback_form/formhub/uuid" data-calculate="'bc355a523a624051924bd553b3f9298a'" data-type-xml="string" />
      </label>
   </fieldset>
</form>

