{
  "form_data_definition_version": "1",
  "form": {
    "bind_type": "bidan",
    "default_bind_path": "/model/instance/data_entry_feedback_form",
    "fields": [
      {
        "name": "id",
        "shouldLoadValue": true
      },
      {
        "name": "bidanId",
        "bind": "/model/instance/data_entry_feedback_form/bidanId"
      },
      {
        "name": "username",
        "bind": "/model/instance/data_entry_feedback_form/username"
      },
      {
        "name": "respondent_name",
        "bind": "/model/instance/data_entry_feedback_form/respondent_name"
      },
      {
        "name": "coaching_date",
        "bind": "/model/instance/data_entry_feedback_form/coaching_date"
      },
      {
        "name": "Koneksi_internet",
        "bind": "/model/instance/data_entry_feedback_form/Koneksi_internet"
      },
      {
        "name": "masalah",
        "bind": "/model/instance/data_entry_feedback_form/masalah"
      },
      {
        "name": "Masalah_koneksi_internet",
        "bind": "/model/instance/data_entry_feedback_form/Masalah_koneksi_internet"
      },
      {
        "name": "Koneksi_internet_di_polindes_puskesmas_lemah",
        "bind": "/model/instance/data_entry_feedback_form/Koneksi_internet_di_polindes_puskesmas_lemah"
      },
      {
        "name": "Koneksi_internet_di_posyandu_lemah",
        "bind": "/model/instance/data_entry_feedback_form/Koneksi_internet_di_posyandu_lemah"
      },
      {
        "name": "Kuota_internet_telah_habis",
        "bind": "/model/instance/data_entry_feedback_form/Kuota_internet_telah_habis"
      },
      {
        "name": "Tidak_dapat_log_in",
        "bind": "/model/instance/data_entry_feedback_form/Tidak_dapat_log_in"
      },
      {
        "name": "Masalah_lainnya_koneksi_internet",
        "bind": "/model/instance/data_entry_feedback_form/Masalah_lainnya_koneksi_internet"
      },
      {
        "name": "Baterai",
        "bind": "/model/instance/data_entry_feedback_form/Baterai"
      },
      {
        "name": "Masalah_baterai",
        "bind": "/model/instance/data_entry_feedback_form/Masalah_baterai"
      },
      {
        "name": "Pengisian_baterai_lama",
        "bind": "/model/instance/data_entry_feedback_form/Pengisian_baterai_lama"
      },
      {
        "name": "Baterai_cepat_habis",
        "bind": "/model/instance/data_entry_feedback_form/Baterai_cepat_habis"
      },
      {
        "name": "Tablet_tiba-tiba_mati",
        "bind": "/model/instance/data_entry_feedback_form/Tablet_tiba-tiba_mati"
      },
      {
        "name": "Pengisi_daya_rusak_tidak_berfungsi",
        "bind": "/model/instance/data_entry_feedback_form/Pengisi_daya_rusak_tidak_berfungsi"
      },
      {
        "name": "Masalah_lainnya_baterai",
        "bind": "/model/instance/data_entry_feedback_form/Masalah_lainnya_baterai"
      },
      {
        "name": "Pengunaan_aplikasi",
        "bind": "/model/instance/data_entry_feedback_form/Pengunaan_aplikasi"
      },
      {
        "name": "Masalah_penggunaan_aplikasi",
        "bind": "/model/instance/data_entry_feedback_form/Masalah_penggunaan_aplikasi"
      },
      {
        "name": "Waktu_loading_form_lama",
        "bind": "/model/instance/data_entry_feedback_form/Waktu_loading_form_lama"
      },
      {
        "name": "Waktu_menyimpan_form_lama",
        "bind": "/model/instance/data_entry_feedback_form/Waktu_menyimpan_form_lama"
      },
      {
        "name": "Respon_layar_sentuh_lama",
        "bind": "/model/instance/data_entry_feedback_form/Respon_layar_sentuh_lama"
      },
      {
        "name": "Masalah_lainnya_penggunaan_aplikasi",
        "bind": "/model/instance/data_entry_feedback_form/Masalah_lainnya_penggunaan_aplikasi"
      },
      {
        "name": "Penggunaan_langsung_saat_kunjungan",
        "bind": "/model/instance/data_entry_feedback_form/Penggunaan_langsung_saat_kunjungan"
      },
      {
        "name": "Masalah_penggunaan_langsung_saat_kunjungan",
        "bind": "/model/instance/data_entry_feedback_form/Masalah_penggunaan_langsung_saat_kunjungan"
      },
      {
        "name": "Masalah_lainnya_penggunaan_langsung",
        "bind": "/model/instance/data_entry_feedback_form/Masalah_lainnya_penggunaan_langsung"
      },
      {
        "name": "Aplikasi_error",
        "bind": "/model/instance/data_entry_feedback_form/Aplikasi_error"
      },
      {
        "name": "Masalah_aplikasi_error",
        "bind": "/model/instance/data_entry_feedback_form/Masalah_aplikasi_error"
      },
      {
        "name": "Aplikasi_menutup_sendiri",
        "bind": "/model/instance/data_entry_feedback_form/Aplikasi_menutup_sendiri"
      },
      {
        "name": "Masalah_sinkronisasi_data",
        "bind": "/model/instance/data_entry_feedback_form/Masalah_sinkronisasi_data"
      },
      {
        "name": "Masalah_lainnya_aplikasi_error",
        "bind": "/model/instance/data_entry_feedback_form/Masalah_lainnya_aplikasi_error"
      },
      {
        "name": "Form_Entri_Kartu_Ibu",
        "bind": "/model/instance/data_entry_feedback_form/Form_Entri_Kartu_Ibu"
      },
      {
        "name": "Masalah_Kartu_Ibu",
        "bind": "/model/instance/data_entry_feedback_form/Masalah_Kartu_Ibu"
      },
      {
        "name": "Pilihan_variabel_yang_ada_tidak_sesuai_kartu_ibu",
        "bind": "/model/instance/data_entry_feedback_form/Pilihan_variabel_yang_ada_tidak_sesuai_kartu_ibu"
      },
      {
        "name": "Kalkulasi_variabel_tidak_sesuai_kartu_ibu",
        "bind": "/model/instance/data_entry_feedback_form/Kalkulasi_variabel_tidak_sesuai_kartu_ibu"
      },
      {
        "name": "Data_variabel_yang_dimasukkan_hilang_kartu_ibu",
        "bind": "/model/instance/data_entry_feedback_form/Data_variabel_yang_dimasukkan_hilang_kartu_ibu"
      },
      {
        "name": "Rentang_data_variabel_tidak_sesuai_kartu_ibu",
        "bind": "/model/instance/data_entry_feedback_form/Rentang_data_variabel_tidak_sesuai_kartu_ibu"
      },
      {
        "name": "Data_yang_ditampilkan_tidak_sesuai_dengan_yang_dimasukkan_kartu_ibu",
        "bind": "/model/instance/data_entry_feedback_form/Data_yang_ditampilkan_tidak_sesuai_dengan_yang_dimasukkan_kartu_ibu"
      },
      {
        "name": "Tidak_dapat_memasukkan_data_tertentu_kartu_ibu",
        "bind": "/model/instance/data_entry_feedback_form/Tidak_dapat_memasukkan_data_tertentu_kartu_ibu"
      },
      {
        "name": "Tidak_dapat_mengedit_data_kartu_ibu",
        "bind": "/model/instance/data_entry_feedback_form/Tidak_dapat_mengedit_data_kartu_ibu"
      },
      {
        "name": "Masalah_lainnya_kartu_ibu",
        "bind": "/model/instance/data_entry_feedback_form/Masalah_lainnya_kartu_ibu"
      },
      {
        "name": "Form_Entri_Kohort_KB",
        "bind": "/model/instance/data_entry_feedback_form/Form_Entri_Kohort_KB"
      },
      {
        "name": "Masalah_Kohort_KB",
        "bind": "/model/instance/data_entry_feedback_form/Masalah_Kohort_KB"
      },
      {
        "name": "Pilihan_variabel_yang_ada_tidak_sesuai_kohort_kb",
        "bind": "/model/instance/data_entry_feedback_form/Pilihan_variabel_yang_ada_tidak_sesuai_kohort_kb"
      },
      {
        "name": "Kalkulasi_variabel_tidak_sesuai_kohort_kb",
        "bind": "/model/instance/data_entry_feedback_form/Kalkulasi_variabel_tidak_sesuai_kohort_kb"
      },
      {
        "name": "Data_variabel_yang_dimasukkan_hilang_kohort_kb",
        "bind": "/model/instance/data_entry_feedback_form/Data_variabel_yang_dimasukkan_hilang_kohort_kb"
      },
      {
        "name": "Rentang_data_variabel_tidak_sesuai_kohort_kb",
        "bind": "/model/instance/data_entry_feedback_form/Rentang_data_variabel_tidak_sesuai_kohort_kb"
      },
      {
        "name": "Data_yang_ditampilkan_tidak_sesuai_dengan_yang_dimasukkan_kohort_kb",
        "bind": "/model/instance/data_entry_feedback_form/Data_yang_ditampilkan_tidak_sesuai_dengan_yang_dimasukkan_kohort_kb"
      },
      {
        "name": "Tidak_dapat_memasukkan_data_tertentu_kohort_kb",
        "bind": "/model/instance/data_entry_feedback_form/Tidak_dapat_memasukkan_data_tertentu_kohort_kb"
      },
      {
        "name": "Tidak_dapat_mengedit_data_kohort_kb",
        "bind": "/model/instance/data_entry_feedback_form/Tidak_dapat_mengedit_data_kohort_kb"
      },
      {
        "name": "Masalah_lainnya_kohort_kb",
        "bind": "/model/instance/data_entry_feedback_form/Masalah_lainnya_kohort_kb"
      },
      {
        "name": "Form_Entri_Register_ANC",
        "bind": "/model/instance/data_entry_feedback_form/Form_Entri_Register_ANC"
      },
      {
        "name": "Masalah_Register_ANC",
        "bind": "/model/instance/data_entry_feedback_form/Masalah_Register_ANC"
      },
      {
        "name": "Pilihan_variabel_yang_ada_tidak_sesuai_Register_ANC",
        "bind": "/model/instance/data_entry_feedback_form/Pilihan_variabel_yang_ada_tidak_sesuai_Register_ANC"
      },
      {
        "name": "Kalkulasi_variabel_tidak_sesuai_Register_ANC",
        "bind": "/model/instance/data_entry_feedback_form/Kalkulasi_variabel_tidak_sesuai_Register_ANC"
      },
      {
        "name": "Data_variabel_yang_dimasukkan_hilang_Register_ANC",
        "bind": "/model/instance/data_entry_feedback_form/Data_variabel_yang_dimasukkan_hilang_Register_ANC"
      },
      {
        "name": "Rentang_data_variabel_tidak_sesuai_Register_ANC",
        "bind": "/model/instance/data_entry_feedback_form/Rentang_data_variabel_tidak_sesuai_Register_ANC"
      },
      {
        "name": "Data_yang_ditampilkan_tidak_sesuai_dengan_yang_dimasukkan_Register_ANC",
        "bind": "/model/instance/data_entry_feedback_form/Data_yang_ditampilkan_tidak_sesuai_dengan_yang_dimasukkan_Register_ANC"
      },
      {
        "name": "Tidak_dapat_memasukkan_data_tertentu_Register_ANC",
        "bind": "/model/instance/data_entry_feedback_form/Tidak_dapat_memasukkan_data_tertentu_Register_ANC"
      },
      {
        "name": "Tidak_dapat_mengedit_data_Register_ANC",
        "bind": "/model/instance/data_entry_feedback_form/Tidak_dapat_mengedit_data_Register_ANC"
      },
      {
        "name": "Masalah_lainnya_register_anc",
        "bind": "/model/instance/data_entry_feedback_form/Masalah_lainnya_register_anc"
      },
      {
        "name": "Form_Entri_Register_PNC",
        "bind": "/model/instance/data_entry_feedback_form/Form_Entri_Register_PNC"
      },
      {
        "name": "Masalah_Register_PNC",
        "bind": "/model/instance/data_entry_feedback_form/Masalah_Register_PNC"
      },
      {
        "name": "Pilihan_variabel_yang_ada_tidak_sesuai_Register_PNC",
        "bind": "/model/instance/data_entry_feedback_form/Pilihan_variabel_yang_ada_tidak_sesuai_Register_PNC"
      },
      {
        "name": "Kalkulasi_variabel_tidak_sesuai_Register_PNC",
        "bind": "/model/instance/data_entry_feedback_form/Kalkulasi_variabel_tidak_sesuai_Register_PNC"
      },
      {
        "name": "Data_variabel_yang_dimasukkan_hilang_Register_PNC",
        "bind": "/model/instance/data_entry_feedback_form/Data_variabel_yang_dimasukkan_hilang_Register_PNC"
      },
      {
        "name": "Rentang_data_variabel_tidak_sesuai_Register_PNC",
        "bind": "/model/instance/data_entry_feedback_form/Rentang_data_variabel_tidak_sesuai_Register_PNC"
      },
      {
        "name": "Data_yang_ditampilkan_tidak_sesuai_dengan_yang_dimasukkan_Register_PNC",
        "bind": "/model/instance/data_entry_feedback_form/Data_yang_ditampilkan_tidak_sesuai_dengan_yang_dimasukkan_Register_PNC"
      },
      {
        "name": "Tidak_dapat_memasukkan_data_tertentu_Register_PNC",
        "bind": "/model/instance/data_entry_feedback_form/Tidak_dapat_memasukkan_data_tertentu_Register_PNC"
      },
      {
        "name": "Tidak_dapat_mengedit_data_Register_PNC",
        "bind": "/model/instance/data_entry_feedback_form/Tidak_dapat_mengedit_data_Register_PNC"
      },
      {
        "name": "Masalah_lainnya_register_pnc",
        "bind": "/model/instance/data_entry_feedback_form/Masalah_lainnya_register_pnc"
      },
      {
        "name": "Form_Entri_Kohort_Anak",
        "bind": "/model/instance/data_entry_feedback_form/Form_Entri_Kohort_Anak"
      },
      {
        "name": "Masalah_Kohort_Anak",
        "bind": "/model/instance/data_entry_feedback_form/Masalah_Kohort_Anak"
      },
      {
        "name": "Pilihan_variabel_yang_ada_tidak_sesuai_Kohort_Anak",
        "bind": "/model/instance/data_entry_feedback_form/Pilihan_variabel_yang_ada_tidak_sesuai_Kohort_Anak"
      },
      {
        "name": "Kalkulasi_variabel_tidak_sesuai_Kohort_Anak",
        "bind": "/model/instance/data_entry_feedback_form/Kalkulasi_variabel_tidak_sesuai_Kohort_Anak"
      },
      {
        "name": "Data_variabel_yang_dimasukkan_hilang_Kohort_Anak",
        "bind": "/model/instance/data_entry_feedback_form/Data_variabel_yang_dimasukkan_hilang_Kohort_Anak"
      },
      {
        "name": "Rentang_data_variabel_tidak_sesuai_Kohort_Anak",
        "bind": "/model/instance/data_entry_feedback_form/Rentang_data_variabel_tidak_sesuai_Kohort_Anak"
      },
      {
        "name": "Data_yang_ditampilkan_tidak_sesuai_dengan_yang_dimasukkan_Kohort_Anak",
        "bind": "/model/instance/data_entry_feedback_form/Data_yang_ditampilkan_tidak_sesuai_dengan_yang_dimasukkan_Kohort_Anak"
      },
      {
        "name": "Tidak_dapat_memasukkan_data_tertentu_Kohort_Anak",
        "bind": "/model/instance/data_entry_feedback_form/Tidak_dapat_memasukkan_data_tertentu_Kohort_Anak"
      },
      {
        "name": "Tidak_dapat_mengedit_data_Kohort_Anak",
        "bind": "/model/instance/data_entry_feedback_form/Tidak_dapat_mengedit_data_Kohort_Anak"
      },
      {
        "name": "Masalah_lainnya_kohort_anak",
        "bind": "/model/instance/data_entry_feedback_form/Masalah_lainnya_kohort_anak"
      },
      {
        "name": "Umpan_balik_lainnya",
        "bind": "/model/instance/data_entry_feedback_form/Umpan_balik_lainnya"
      },
      {
        "name": "Keterangan_umpan_balik_lainnya",
        "bind": "/model/instance/data_entry_feedback_form/Keterangan_umpan_balik_lainnya"
      },
      {
        "name": "submissionDate",
        "bind": "/model/instance/data_entry_feedback_form/today"
      }
    ]
  }
}