<model>
  <instance>
    <data_entry_feedback_form id="data_entry_feedback_form" version="201508310825">
      <formhub>
        <uuid/>
      </formhub>
      <start/>
      <today/>
      <username/>
      <deviceid/>
      <simserial/>
      <phonenumber/>
      <bidanId/>
      <respondent_name/>
      <coaching_date/>
      <Koneksi_internet/>
      <masalah/>
      <Masalah_koneksi_internet/>
      <Koneksi_internet_di_polindes_puskesmas_lemah/>
      <Koneksi_internet_di_posyandu_lemah/>
      <Kuota_internet_telah_habis/>
      <Tidak_dapat_log_in/>
      <Masalah_lainnya_koneksi_internet/>
      <Baterai/>
      <Masalah_baterai/>
      <Pengisian_baterai_lama/>
      <Baterai_cepat_habis/>
      <Tablet_tiba-tiba_mati/>
      <Pengisi_daya_rusak_tidak_berfungsi/>
      <Masalah_lainnya_baterai/>
      <Pengunaan_aplikasi/>
      <Masalah_penggunaan_aplikasi/>
      <Waktu_loading_form_lama/>
      <Waktu_menyimpan_form_lama/>
      <Respon_layar_sentuh_lama/>
      <Masalah_lainnya_penggunaan_aplikasi/>
      <Penggunaan_langsung_saat_kunjungan/>
      <Masalah_penggunaan_langsung_saat_kunjungan/>
      <Masalah_lainnya_penggunaan_langsung/>
      <Aplikasi_error/>
      <Masalah_aplikasi_error/>
      <Aplikasi_menutup_sendiri/>
      <Masalah_sinkronisasi_data/>
      <Masalah_lainnya_aplikasi_error/>
      <Form_Entri_Kartu_Ibu/>
      <Masalah_Kartu_Ibu/>
      <Pilihan_variabel_yang_ada_tidak_sesuai_kartu_ibu/>
      <Kalkulasi_variabel_tidak_sesuai_kartu_ibu/>
      <Data_variabel_yang_dimasukkan_hilang_kartu_ibu/>
      <Rentang_data_variabel_tidak_sesuai_kartu_ibu/>
      <Data_yang_ditampilkan_tidak_sesuai_dengan_yang_dimasukkan_kartu_ibu/>
      <Tidak_dapat_memasukkan_data_tertentu_kartu_ibu/>
      <Tidak_dapat_mengedit_data_kartu_ibu/>
      <Masalah_lainnya_kartu_ibu/>
      <Form_Entri_Kohort_KB/>
      <Masalah_Kohort_KB/>
      <Pilihan_variabel_yang_ada_tidak_sesuai_kohort_kb/>
      <Kalkulasi_variabel_tidak_sesuai_kohort_kb/>
      <Data_variabel_yang_dimasukkan_hilang_kohort_kb/>
      <Rentang_data_variabel_tidak_sesuai_kohort_kb/>
      <Data_yang_ditampilkan_tidak_sesuai_dengan_yang_dimasukkan_kohort_kb/>
      <Tidak_dapat_memasukkan_data_tertentu_kohort_kb/>
      <Tidak_dapat_mengedit_data_kohort_kb/>
      <Masalah_lainnya_kohort_kb/>
      <Form_Entri_Register_ANC/>
      <Masalah_Register_ANC/>
      <Pilihan_variabel_yang_ada_tidak_sesuai_Register_ANC/>
      <Kalkulasi_variabel_tidak_sesuai_Register_ANC/>
      <Data_variabel_yang_dimasukkan_hilang_Register_ANC/>
      <Rentang_data_variabel_tidak_sesuai_Register_ANC/>
      <Data_yang_ditampilkan_tidak_sesuai_dengan_yang_dimasukkan_Register_ANC/>
      <Tidak_dapat_memasukkan_data_tertentu_Register_ANC/>
      <Tidak_dapat_mengedit_data_Register_ANC/>
      <Masalah_lainnya_register_anc/>
      <Form_Entri_Register_PNC/>
      <Masalah_Register_PNC/>
      <Pilihan_variabel_yang_ada_tidak_sesuai_Register_PNC/>
      <Kalkulasi_variabel_tidak_sesuai_Register_PNC/>
      <Data_variabel_yang_dimasukkan_hilang_Register_PNC/>
      <Rentang_data_variabel_tidak_sesuai_Register_PNC/>
      <Data_yang_ditampilkan_tidak_sesuai_dengan_yang_dimasukkan_Register_PNC/>
      <Tidak_dapat_memasukkan_data_tertentu_Register_PNC/>
      <Tidak_dapat_mengedit_data_Register_PNC/>
      <Masalah_lainnya_register_pnc/>
      <Form_Entri_Kohort_Anak/>
      <Masalah_Kohort_Anak/>
      <Pilihan_variabel_yang_ada_tidak_sesuai_Kohort_Anak/>
      <Kalkulasi_variabel_tidak_sesuai_Kohort_Anak/>
      <Data_variabel_yang_dimasukkan_hilang_Kohort_Anak/>
      <Rentang_data_variabel_tidak_sesuai_Kohort_Anak/>
      <Data_yang_ditampilkan_tidak_sesuai_dengan_yang_dimasukkan_Kohort_Anak/>
      <Tidak_dapat_memasukkan_data_tertentu_Kohort_Anak/>
      <Tidak_dapat_mengedit_data_Kohort_Anak/>
      <Masalah_lainnya_kohort_anak/>
      <Umpan_balik_lainnya/>
      <Keterangan_umpan_balik_lainnya/>
      <end/>
      <meta>
        <instanceID/>
      </meta>
    </data_entry_feedback_form>
  </instance>
</model>
