{
  "form_data_definition_version": "1",
  "form": {
    "bind_type": "kartu_ibu",
    "default_bind_path": "/model/instance/Register_ANC/",
    "fields": [
      {
        "name": "id",
        "shouldLoadValue": true
      },
      {
        "name": "motherId",
        "shouldLoadValue": true,
        "source": "kartu_ibu.ibu.id"
      },
      {
        "name": "referenceDate",
        "bind": "/model/instance/Register_ANC/tanggal_periksa",
        "source": "kartu_ibu.ibu.referenceDate"
      },
      {
        "name": "puskesmas",
        "bind": "/model/instance/Register_ANC/puskesmas"
      },
      {
        "name": "noIbu",
        "bind": "/model/instance/Register_ANC/no_ibu"
      },
      {
        "name": "namalengkap",
        "bind": "/model/instance/Register_ANC/nama_lengkap"
      },
      {
        "name": "namaSuami",
        "bind": "/model/instance/Register_ANC/nama_suami"
      },
      {
        "name": "tanggalLahir",
        "bind": "/model/instance/Register_ANC/tanggal_lahir_ibu"
      },
      {
        "name": "umur",
        "bind": "/model/instance/Register_ANC/umur"
      },
      {
        "name": "alamatDomisili",
        "bind": "/model/instance/Register_ANC/alamat_domisili"
      },
      {
        "name": "propinsi",
        "bind": "/model/instance/Register_ANC/propinsi"
      },
      {
        "name": "kabupaten",
        "bind": "/model/instance/Register_ANC/kabupaten"
      },
      {
        "name": "kecamatan",
        "bind": "/model/instance/Register_ANC/kecamatan"
      },
      {
        "name": "kecamatanl",
        "bind": "/model/instance/Register_ANC/kecamatanl"
      },
      {
        "name": "desa",
        "bind": "/model/instance/Register_ANC/desa"
      },
     
      {
        "name": "dusun",
        "bind": "/model/instance/Register_ANC/dusun"
      },
     
      {
        "name": "pendidikan",
        "bind": "/model/instance/Register_ANC/pendidikan"
      },
      {
        "name": "agama",
        "bind": "/model/instance/Register_ANC/agama"
      },
      {
        "name": "pekerjaan",
        "bind": "/model/instance/Register_ANC/pekerjaan"
      },
      {
        "name": "gakinTidak",
        "bind": "/model/instance/Register_ANC/gakin_tidak"
      },
      {
        "name": "posyandu",
        "bind": "/model/instance/Register_ANC/posyandu"
      },
      {
        "name": "namaKader",
        "bind": "/model/instance/Register_ANC/nama_kader"
      },
      {
        "name": "namaDukun",
        "bind": "/model/instance/Register_ANC/nama_dukun"
      },
      {
        "name": "asuransiJiwa",
        "bind": "/model/instance/Register_ANC/asuransi_jiwa"
      },
      {
        "name": "golonganDarah",
        "bind": "/model/instance/Register_ANC/golongan_darah"
      },
      {
        "name": "telponMemilikiTidak",
        "bind": "/model/instance/Register_ANC/nomortelpon"
      },
      {
        "name": "NomorTelponHp",
        "bind": "/model/instance/Register_ANC/nomor_telpon_hp"
      },
      {
        "name": "gravida",
        "bind": "/model/instance/Register_ANC/gravida"
      },
      {
        "name": "partus",
        "bind": "/model/instance/Register_ANC/partus"
      },
      {
        "name": "abortus",
        "bind": "/model/instance/Register_ANC/abortus"
      },
      {
        "name": "hidup",
        "bind": "/model/instance/Register_ANC/hidup"
      },
      {
        "name": "persalinanSebelumnya",
        "bind": "/model/instance/Register_ANC/persalinan_sebelumnya",
        "source": "kartu_ibu.ibu.persalinanSebelumnya"
      },
      {
        "name": "rkk",
        "bind": "/model/instance/Register_ANC/rkk",
        "source": "kartu_ibu.ibu.rkk"
      },
      {
        "name": "riwayatKomplikasiKebidanan",
        "bind": "/model/instance/Register_ANC/riwayat_komplikasi_kebidanan",
        "source": "kartu_ibu.ibu.riwayatKomplikasiKebidanan"
      },
      {
        "name": "rkklainnya",
        "bind": "/model/instance/Register_ANC/rkklainnya",
        "source": "kartu_ibu.ibu.rkklainnya"
      },
      {
        "name": "kronis",
        "bind": "/model/instance/Register_ANC/kronis",
        "source": "kartu_ibu.ibu.kronis"
      },
      {
        "name": "penyakitKronis",
        "bind": "/model/instance/Register_ANC/penyakit_kronis",
        "source": "kartu_ibu.ibu.penyakitKronis"
      },
      {
        "name": "rpkLainnya",
        "bind": "/model/instance/Register_ANC/rpklainnya",
        "source": "kartu_ibu.ibu.rpkLainnya"
      },
      {
        "name": "Alergi",
        "bind": "/model/instance/Register_ANC/alergi",
        "source": "kartu_ibu.ibu.Alergi"
      },
      {
        "name": "kelainanBentuk",
        "bind": "/model/instance/Register_ANC/kelainanbentuk"
      },
      {
        "name": "tanggalHPHT",
        "bind": "/model/instance/Register_ANC/tanggal_hpht",
        "source": "kartu_ibu.ibu.tanggalHPHT"
      },
      {
        "name": "htp",
        "bind": "/model/instance/Register_ANC/htp"
      },
      {
        "name": "trimesterKe",
        "bind": "/model/instance/Register_ANC/trimester_ke"
      },
      {
        "name": "ancKe",
        "bind": "/model/instance/Register_ANC/anc_ke"
      },
      {
        "name": "bukuKIA",
        "bind": "/model/instance/Register_ANC/buku_kia",
        "source": "kartu_ibu.ibu.bukuKIA"
      },
      {
        "name": "tanggalMemperolehBukuKia",
        "bind": "/model/instance/Register_ANC/tanggal_memperoleh_buku_kia",
        "source": "kartu_ibu.ibu.tanggalMemperolehBukuKia"
      },
      {
        "name": "jamkesmas",
        "bind": "/model/instance/Register_ANC/jamkesmas"
      },
      {
        "name": "caraMasukTempatPelayanan",
        "bind": "/model/instance/Register_ANC/cara_masuk_tempat_pelayanan"
      },
      {
        "name": "anamnesisIbu",
        "bind": "/model/instance/Register_ANC/anamnesis_ibu"
      },
      {
        "name": "bbSebelumHamil",
        "bind": "/model/instance/Register_ANC/bb_kg_1",
        "source": "kartu_ibu.ibu.bbSebelumHamil"
      },
      {
        "name": "tbCM",
        "bind": "/model/instance/Register_ANC/tb_cm",
        "source": "kartu_ibu.ibu.tbCM"
      },
      {
        "name": "bbKg",
        "bind": "/model/instance/Register_ANC/bb_kg_2",
        "source": "kartu_ibu.ibu.bbKg"
      },
      {
        "name": "tandaVitalTDSistolik",
        "bind": "/model/instance/Register_ANC/td_sistolik"
      },
      {
        "name": "tandaVitalTDDiastolik",
        "bind": "/model/instance/Register_ANC/td_diastolik"
      },
      {
        "name": "hasilPemeriksaanLILA",
        "bind": "/model/instance/Register_ANC/lila_cm",
        "source": "kartu_ibu.ibu.hasilPemeriksaanLILA"
      },
      {
        "name": "statusGiziibu",
        "bind": "/model/instance/Register_ANC/status_gizi_ibu",
        "source": "kartu_ibu.ibu.statusGiziibu"
      },
      {
        "name": "tfu",
        "bind": "/model/instance/Register_ANC_only/tfu",
        "source": "kartu_ibu.ibu.tfu"
      },
      {
        "name": "refleksPatelaIbu",
        "bind": "/model/instance/Register_ANC_only/refleks_patela_ibu",
        "source": "kartu_ibu.ibu.refleksPatelaIbu"
      },
      {
        "name": "djj",
        "bind": "/model/instance/Register_ANC_only/djj",
        "source": "kartu_ibu.ibu.djj"
      },
      {
        "name": "kepalaJaninTerhadapPAP",
        "bind": "/model/instance/Register_ANC_only/kepala_terhadap_janin_pap",
        "source": "kartu_ibu.ibu.kepalaJaninTerhadapPAP"
      },
      {
        "name": "taksiranBeratJanin",
        "bind": "/model/instance/Register_ANC_only/taksiran_berat_janin",
        "source": "kartu_ibu.ibu.taksiranBeratJanin"
      },
      {
        "name": "persentasiJanin",
        "bind": "/model/instance/Register_ANC_only/persentasi_janin",
        "source": "kartu_ibu.ibu.persentasiJanin"
      },
      {
        "name": "jumlahJanin",
        "bind": "/model/instance/Register_ANC_only/jumlah_janin",
        "source": "kartu_ibu.ibu.jumlahJanin"
      },
      {
        "name": "statusImunisasitt",
        "bind": "/model/instance/Register_ANC_only/status_imunisasi_tt",
        "source": "kartu_ibu.ibu.statusImunisasitt"
      },
      {
        "name": "pelayananInjeksitt",
        "bind": "/model/instance/Register_ANC_only/pelayanan_injeksi_tt",
        "source": "kartu_ibu.ibu.pelayananInjeksitt"
      },
      {
        "name": "pelayananCatatDiBukuKia",
        "bind": "/model/instance/Register_ANC_only/pelayanan_catat_buku_kia",
        "source": "kartu_ibu.ibu.pelayananCatatDiBukuKia"
      },
      {
        "name": "pelayananfe",
        "bind": "/model/instance/Register_ANC_only/pelayananfe",
        "source": "kartu_ibu.ibu.pelayananfe"
      },
      {
        "name": "pelayananFe",
        "bind": "/model/instance/Register_ANC_only/pelayanan_fe",
        "source": "kartu_ibu.ibu.pelayananFe"
      },
      {
        "name": "labCheck",
        "bind": "/model/instance/Register_ANC_only/Labcheck",
        "source": "kartu_ibu.ibu.labCheck"
      },
      {
        "name": "laboratoriumPeriksaHbDilakukan",
        "bind": "/model/instance/Register_ANC/laboratorium_periksa_hb_dilakukan"
      },
      {
        "name": "laboratoriumPeriksaHbHasil",
        "bind": "/model/instance/Register_ANC/laboratorium_periksa_hb_hasil"
      },
      {
        "name": "laboratoriumPeriksaHbAnemia",
        "bind": "/model/instance/Register_ANC/laboratorium_periksa_hb_anemia"
      },
      {
        "name": "laboratoriumProteinUria",
        "bind": "/model/instance/Register_ANC/laboratorium_protein_uria"
      },
      {
        "name": "laboratoriumGulaDarah",
        "bind": "/model/instance/Register_ANC/laboratorium_gula_darah"
      },
      {
        "name": "laboratoriumThalasemia",
        "bind": "/model/instance/Register_ANC/laboratorium_thalasemia"
      },
      {
        "name": "laboratoriumSifilis",
        "bind": "/model/instance/Register_ANC/laboratorium_sifilis"
      },
      {
        "name": "laboratoriumHbsAg",
        "bind": "/model/instance/Register_ANC/laboratorium_hbsag"
      },
      {
        "name": "programIntegration",
        "bind": "/model/instance/Register_ANC/program_integration"
      },
      {
        "name": "integrasiProgrampmtctvct",
        "bind": "/model/instance/Register_ANC/integrasi_program_pmtct_vct"
      },
      {
        "name": "integrasiProgrampmtctPeriksaDarah",
        "bind": "/model/instance/Register_ANC/integrasi_program_pmtct_periksa_darah"
      },
      {
        "name": "integrasiProgrampmtctSerologi",
        "bind": "/model/instance/Register_ANC/integrasi_program_pmtct_serologi"
      },
      {
        "name": "integrasiProgrampmtctarvProfilaksis",
        "bind": "/model/instance/Register_ANC/integrasi_program_pmtct_arv"
      },
      {
        "name": "integrasiProgramMalariaPeriksaDarah",
        "bind": "/model/instance/Register_ANC/integrasi_program_malaria_periksa_darah"
      },
      {
        "name": "integrasiProgramMalariaMalaria",
        "bind": "/model/instance/Register_ANC/integrasi_program_malaria_malaria"
      },
      {
        "name": "integrasiProgramMalariaObat",
        "bind": "/model/instance/Register_ANC/integrasi_program_malaria_obat"
      },
      {
        "name": "integrasiProgramMalariaKelambuBerinsektisida",
        "bind": "/model/instance/Register_ANC/integrasi_program_malaria_kelambu"
      },
      {
        "name": "integrasiProgramtbDahak",
        "bind": "/model/instance/Register_ANC/integrasi_program_tb_dahak"
      },
      {
        "name": "integrasiProgramtbtbc",
        "bind": "/model/instance/Register_ANC/integrasi_program_tb_tbc"
      },
      {
        "name": "integrasiProgramtbObat",
        "bind": "/model/instance/Register_ANC/integrasi_program_tb_obat"
      },
      {
        "name": "resikoTerdeteksiPertamaKaliOleh",
        "bind": "/model/instance/Register_ANC/resiko_terdeksi_pertama_kali"
      },
      {
        "name": "komplikasidalamKehamilan",
        "bind": "/model/instance/Register_ANC/komplikasi_dalam_kehamilan"
      },
      {
        "name": "rujukan",
        "bind": "/model/instance/Register_ANC/rujukan"
      },
      {
        "name": "dirujukKe",
        "bind": "/model/instance/Register_ANC/dirujuk_ke"
      },
      {
        "name": "lainLain",
        "bind": "/model/instance/Register_ANC/dirujuk_keL"
      },
      {
        "name": "keadaanIbusaatTiba",
        "bind": "/model/instance/Register_ANC_only/keadaan_ibu_saat_tiba",
        "source": "kartu_ibu.ibu.keadaanIbusaatTiba"
      },
      {
        "name": "keadaanIbusaatPulang",
        "bind": "/model/instance/Register_ANC_only/keadaan_ibu_saat_pulang",
        "source": "kartu_ibu.ibu.keadaanIbusaatPulang"
      },
      {
        "name": "keterangan",
        "bind": "/model/instance/Register_ANC_only/keterangan",
        "source": "kartu_ibu.ibu.keterangan"
      },
      {
        "name": "proteinEnergyMalnutritionRisk",
        "bind": "/model/instance/Register_ANC/Protein_energy_Malnutrition_risk"
      },
      {
        "name": "anemiaRisk",
        "bind": "/model/instance/Register_ANC/anemia_risk"
      },
      {
        "name": "pihRisk",
        "bind": "/model/instance/Register_ANC/PIH_risk"
      },
      {
        "name": "diabetesRisk",
        "bind": "/model/instance/Register_ANC/diabetes_risk"
      },
      {
        "name": "fetusNumberRisk",
        "bind": "/model/instance/Register_ANC/fetus_number_risk"
      },
      {
        "name": "fetusSizeRisk",
        "bind": "/model/instance/Register_ANC/fetus_size_risk"
      },
      {
        "name": "fetusMalpresentationRisk",
        "bind": "/model/instance/Register_ANC/fetus_Malpresentation_risk"
      },
      {
        "name": "tbcRisk",
        "bind": "/model/instance/Register_ANC/TBC_risk"
      },
      {
        "name": "malariaRisk",
        "bind": "/model/instance/Register_ANC/malaria_risk"
      },
      {
        "name": "tooYoungRisk",
        "bind": "/model/instance/Register_ANC/Too_young_risk"
      },
      {
        "name": "tbRisk",
        "bind": "/model/instance/Register_ANC/TB_risk"
      },
      {
        "name": "tooManyChildrenRisk",
        "bind": "/model/instance/Register_ANC/Too_many_children_risk"
      },
      {
        "name": "abortusRisk",
        "bind": "/model/instance/Register_ANC/abortus_risk"
      },
      {
        "name": "zectionCesareaRecordRisk",
        "bind": "/model/instance/Register_ANC/Section_Cesarea_record_risk"
      },
      {
        "name": "stibbvsRisk",
        "bind": "/model/instance/Register_ANC/STI_BBVs_risk"
      },
      {
        "name": "ectopicPregnancyRisk",
        "bind": "/model/instance/Register_ANC/Ectopic_Pregnancy_risk"
      },
      {
        "name": "molaHidatidosaRisk",
        "bind": "/model/instance/Register_ANC/Mola_Hidatidosa_risk"
      },
      {
        "name": "congenitalAbnormalityRisk",
        "bind": "/model/instance/Register_ANC/congenital_abnormality_risk"
      },
      {
        "name": "earlyWaterbreakRisk",
        "bind": "/model/instance/Register_ANC/early_waterbreak_risk"
      },
      {
        "name": "cardiovascularDiseaseRecordRisk",
        "bind": "/model/instance/Register_ANC/Cardiovascular_Disease_Record_risk"
      },
      {
        "name": "kidneyDisorderRisk",
        "bind": "/model/instance/Register_ANC/Kidney_Disorder_risk"
      },
      {
        "name": "heartDisorderRisk",
        "bind": "/model/instance/Register_ANC/Heart_Disorder_risk"
      },
      {
        "name": "asthmaRisk",
        "bind": "/model/instance/Register_ANC/Asthma_risk"
      },
      {
        "name": "tuberculosisRisk",
        "bind": "/model/instance/Register_ANC/Tuberculosis_risk"
      },
      {
        "name": "malariaRisk",
        "bind": "/model/instance/Register_ANC/Malaria_risk"
      },
      {
        "name": "hivaidsRisk",
        "bind": "/model/instance/Register_ANC/HIV_AIDS_risk"
      },
      {
        "name": "isHighRisk",
        "bind": "/model/instance/Register_ANC/is_high_risk"
      },
      {
        "name": "isHighRiskReason",
        "bind": "/model/instance/Register_ANC/is_high_risk_reason"
      },
      {
        "name": "isHighRiskPregnancy",
        "bind": "/model/instance/Register_ANC/is_high_risk_pregnancy"
      },
      {
        "name": "highRiskPregnancyReason",
        "bind": "/model/instance/Register_ANC/high_risk_pregnancy_reason"
      },
      {
        "name": "isHighRiskLabour",
        "bind": "/model/instance/Register_ANC/is_high_risk_labour"
      },
      {
        "name": "highRiskLabourReason",
        "bind": "/model/instance/Register_ANC/high_risk_labour_reason"
      },
      {
        "name": "isOtherRisk",
        "bind": "/model/instance/Register_ANC/is_other_risk"
      },
      {
        "name": "otherRiskReason",
        "bind": "/model/instance/Register_ANC/other_risk_reason"
      },
      {
        "name": "highRiskNote",
        "bind": "/model/instance/Register_ANC/high_risk_note"
      },
      {
        "name": "isOutOfArea",
        "value": "false"
      },
      {
        "name": "isClosed",
        "value": "false"
      },
      {
        "name": "isClosed",
        "value": "false",
        "source": "kartu_ibu.ibu.isClosed"
      },
      {
        "name": "type",
        "value": "anc",
        "source": "kartu_ibu.ibu.type"
      },
      {
        "name": "submissionDate",
        "bind": "/model/instance/Register_ANC/today",
        "source": "kartu_ibu.ibu.submissionDate"
      },
      {
        "name": "registrationDate",
        "bind": "/model/instance/Register_ANC/reg_date",
        "source": "kartu_ibu.ibu.registrationDate"
      }
    ]
  }
}
