<model>
    <instance>
        <Register_ANC id="Register_ANC" version="201508070307">
          <formhub>
            <uuid/>
          </formhub>
          <start/>
          <today/>
          <deviceid/>
          <simserial/>
          <phonenumber/>
          <tanggal_periksa/>
          <generated_note_name_8/>
          <puskesmas/>
          <no_ibu/>
          <nama_lengkap/>
          <nama_suami/>
          <tanggal_lahir_ibu/>
          <umur/>
          <generated_note_name_15/>
          <alamat_domisili/>
          <propinsi>Nusa Tenggara Barat</propinsi>
          <kabupaten>Lombok Tengah</kabupaten>
          <kecamatan/>
          <kecamatanl/>
          <desa1/>
          <desa2/>
          <desa/>
          <dusun1/>
          <dusun2/>
          <dusun/>
          <pendidikan/>
          <agama/>
          <pekerjaan>Ibu rumah tangga</pekerjaan>
          <gakin_tidak/>
          <posyandu/>
          <nama_kader/>
          <nama_dukun/>
          <asuransi_jiwa/>
          <golongan_darah/>
          <nomortelpon/>
          <nomor_telpon_hp/>
          <generated_note_name_38/>
          <gravida/>
          <partus/>
          <abortus/>
          <hidup/>
          <persalinan_sebelumnya/>
          <rkk/>
          <riwayat_komplikasi_kebidanan/>
          <rkklainnya/>
          <kronis/>
          <penyakit_kronis/>
          <rpklainnya/>
          <memiliki_alergi/>
          <alergi/>
          <kelainanbentuk/>
          <generated_note_name_53/>
          <tanggal_hpht/>
          <edd/>
          <htp/>
          <edd_note/>
          <usia_klinis/>
          <generated_note_name_59/>
          <trimester_ke/>
          <generated_note_name_61/>
          <hidden_anc_ke/>
          <anc_ke/>
          <buku_kia/>
          <tanggal_memperoleh_buku_kia/>
          <jamkesmas/>
          <cara_masuk_tempat_pelayanan/>
          <anamnesis_ibu>tidak ada keluhan</anamnesis_ibu>
          <bb_kg_1/>
          <tb_cm/>
          <bb_kg_2/>
          <td_sistolik/>
          <td_diastolik/>
          <lila_cm/>
          <status_gizi_ibu/>
          <tfu/>
          <refleks_patela_ibu/>
          <djj/>
          <kepala_terhadap_janin_pap/>
          <taksiran_berat_janin/>
          <aaaaaa/>
          <persentasi_janin/>
          <jumlah_janin/>
          <status_imunisasi_tt/>
          <pelayanan_injeksi_tt/>
          <pelayanan_catat_buku_kia/>
          <pelayananfe/>
          <pelayanan_fe/>
          <Labcheck/>
          <laboratorium_periksa_hb_dilakukan/>
          <laboratorium_periksa_hb_hasil/>
          <laboratorium_periksa_hb_anemia/>
          <laboratorium_protein_uria/>
          <laboratorium_gula_darah/>
          <laboratorium_thalasemia/>
          <laboratorium_sifilis/>
          <laboratorium_hbsag/>
          <program_integration/>
          <integrasi_program_pmtct_vct/>
          <integrasi_program_pmtct_periksa_darah/>
          <integrasi_program_pmtct_serologi/>
          <integrasi_program_pmtct_arv/>
          <integrasi_program_malaria_periksa_darah/>
          <integrasi_program_malaria_malaria/>
          <integrasi_program_malaria_obat/>
          <integrasi_program_malaria_kelambu/>
          <integrasi_program_tb_dahak/>
          <integrasi_program_tb_tbc/>
          <integrasi_program_tb_obat/>
          <resiko_terdeksi_pertama_kali/>
          <komplikasi_dalam_kehamilan/>
          <rujukan/>
          <dirujuk_ke/>
          <dirujuk_keL/>
          <keadaan_ibu_saat_tiba/>
          <keadaan_ibu_saat_pulang/>
          <keterangan/>
          <Protein_energy_Malnutrition_risk/>
          <anemia_risk/>
          <PIH_risk/>
          <diabetes_risk/>
          <fetus_number_risk/>
          <fetus_size_risk/>
          <fetus_Malpresentation_risk/>
          <TBC_risk/>
          <malaria_risk/>
          <Too_young_risk/>
          <Too_old_mother/>
          <TB_risk/>
          <Too_many_children_risk/>
          <abortus_risk/>
          <Section_Cesarea_record_risk/>
          <STI_BBVs_risk/>
          <Ectopic_Pregnancy_risk/>
          <Mola_Hidatidosa_risk/>
          <congenital_abnormality_risk/>
          <early_waterbreak_risk/>
          <Cardiovascular_Disease_Record_risk/>
          <Kidney_Disorder_risk/>
          <Heart_Disorder_risk/>
          <Asthma_risk/>
          <Tuberculosis_risk/>
          <Malaria_risk/>
          <HIV_AIDS_risk/>
          <is_high_risk/>
          <high_risk_reason/>
          <is_high_risk_pregnancy/>
          <high_risk_pregnancy_reason/>
          <is_high_risk_labour/>
          <high_risk_labour_reason/>
          <is_other_risk/>
          <other_risk_reason/>
          <high_risk_note/>
          <end/>
          <meta>
            <instanceID/>
          </meta>
        </Register_ANC>
      </instance>
    <instance id="riwayat_komplikasi_kebidanan">
        <root>
          <item>
            <itextId>static_instance-riwayat_komplikasi_kebidanan-0</itextId>
            <name>abortus_berulang</name>
          </item>
          <item>
            <itextId>static_instance-riwayat_komplikasi_kebidanan-1</itextId>
            <name>ket</name>
          </item>
          <item>
            <itextId>static_instance-riwayat_komplikasi_kebidanan-2</itextId>
            <name>mola</name>
          </item>
          <item>
            <itextId>static_instance-riwayat_komplikasi_kebidanan-3</itextId>
            <name>kpd</name>
          </item>
          <item>
            <itextId>static_instance-riwayat_komplikasi_kebidanan-4</itextId>
            <name>cacat_kongenital</name>
          </item>
          <item>
            <itextId>static_instance-riwayat_komplikasi_kebidanan-5</itextId>
            <name>riwayat_sc</name>
          </item>
          <item>
            <itextId>static_instance-riwayat_komplikasi_kebidanan-6</itextId>
            <name>riwayat_ve_forseps</name>
          </item>
          <item>
            <itextId>static_instance-riwayat_komplikasi_kebidanan-7</itextId>
            <name>lainnya</name>
          </item>
        </root>
      </instance>
    <instance id="integration_program__tb__tbc">
        <root>
          <item>
            <itextId>static_instance-integration_program__tb__tbc-0</itextId>
            <name>positif</name>
          </item>
          <item>
            <itextId>static_instance-integration_program__tb__tbc-1</itextId>
            <name>negatif</name>
          </item>
        </root>
      </instance>
    <instance id="individual_accompanying_during_labor">
        <root>
          <item>
            <itextId>static_instance-individual_accompanying_during_labor-0</itextId>
            <name>suami</name>
          </item>
          <item>
            <itextId>static_instance-individual_accompanying_during_labor-1</itextId>
            <name>keluaga</name>
          </item>
          <item>
            <itextId>static_instance-individual_accompanying_during_labor-2</itextId>
            <name>teman</name>
          </item>
          <item>
            <itextId>static_instance-individual_accompanying_during_labor-3</itextId>
            <name>tetangga</name>
          </item>
          <item>
            <itextId>static_instance-individual_accompanying_during_labor-4</itextId>
            <name>lain-lain</name>
          </item>
          <item>
            <itextId>static_instance-individual_accompanying_during_labor-5</itextId>
            <name>tidak_ada</name>
          </item>
        </root>
      </instance>
    <instance id="process_to_get_to_health_facility">
        <root>
          <item>
            <itextId>static_instance-process_to_get_to_health_facility-0</itextId>
            <name>atas_permintaan_sendiri</name>
          </item>
          <item>
            <itextId>static_instance-process_to_get_to_health_facility-1</itextId>
            <name>rujukan_dokter</name>
          </item>
          <item>
            <itextId>static_instance-process_to_get_to_health_facility-2</itextId>
            <name>rujukan_bidan</name>
          </item>
          <item>
            <itextId>static_instance-process_to_get_to_health_facility-3</itextId>
            <name>rujukan_dukun</name>
          </item>
          <item>
            <itextId>static_instance-process_to_get_to_health_facility-4</itextId>
            <name>rujukan_polindes</name>
          </item>
          <item>
            <itextId>static_instance-process_to_get_to_health_facility-5</itextId>
            <name>rujukan_puskesmas_pembantu</name>
          </item>
          <item>
            <itextId>static_instance-process_to_get_to_health_facility-6</itextId>
            <name>rujukan_puskesmas</name>
          </item>
          <item>
            <itextId>static_instance-process_to_get_to_health_facility-7</itextId>
            <name>rujukan_rumah_bersalin</name>
          </item>
          <item>
            <itextId>static_instance-process_to_get_to_health_facility-8</itextId>
            <name>RSIA</name>
          </item>
        </root>
      </instance>
    <instance id="tt_immunization_status">
        <root>
          <item>
            <itextId>static_instance-tt_immunization_status-0</itextId>
            <name>tt_ke_0</name>
          </item>
          <item>
            <itextId>static_instance-tt_immunization_status-1</itextId>
            <name>tt_ke_1</name>
          </item>
          <item>
            <itextId>static_instance-tt_immunization_status-2</itextId>
            <name>tt_ke_2</name>
          </item>
          <item>
            <itextId>static_instance-tt_immunization_status-3</itextId>
            <name>tt_ke_3__tt_ke_4</name>
          </item>
          <item>
            <itextId>static_instance-tt_immunization_status-4</itextId>
            <name>tt_ke_ke_5</name>
          </item>
          <item>
            <itextId>static_instance-tt_immunization_status-5</itextId>
            <name>lengkap</name>
          </item>
        </root>
      </instance>
    <instance id="laboratory__thalassemia">
        <root>
          <item>
            <itextId>static_instance-laboratory__thalassemia-0</itextId>
            <name>positif</name>
          </item>
          <item>
            <itextId>static_instance-laboratory__thalassemia-1</itextId>
            <name>negatif</name>
          </item>
        </root>
      </instance>
    <instance id="head_of_fetus_towards_pelvic_inlet">
        <root>
          <item>
            <itextId>static_instance-head_of_fetus_towards_pelvic_inlet-0</itextId>
            <name>masuk</name>
          </item>
          <item>
            <itextId>static_instance-head_of_fetus_towards_pelvic_inlet-1</itextId>
            <name>belum_masuk</name>
          </item>
        </root>
      </instance>
    <instance id="laboratory___hb_ceck___done">
        <root>
          <item>
            <itextId>static_instance-laboratory___hb_ceck___done-0</itextId>
            <name>Ya</name>
          </item>
          <item>
            <itextId>static_instance-laboratory___hb_ceck___done-1</itextId>
            <name>Tidak</name>
          </item>
        </root>
      </instance>
    <instance id="laboratory___uria_protein">
        <root>
          <item>
            <itextId>static_instance-laboratory___uria_protein-0</itextId>
            <name>positif</name>
          </item>
          <item>
            <itextId>static_instance-laboratory___uria_protein-1</itextId>
            <name>negatif</name>
          </item>
        </root>
      </instance>
    <instance id="education">
        <root>
          <item>
            <itextId>static_instance-education-0</itextId>
            <name>sekolah_dasar</name>
          </item>
          <item>
            <itextId>static_instance-education-1</itextId>
            <name>sekolah_menengah_pertama</name>
          </item>
          <item>
            <itextId>static_instance-education-2</itextId>
            <name>sekolah_menengah_atas</name>
          </item>
          <item>
            <itextId>static_instance-education-3</itextId>
            <name>perguruan_tinggi</name>
          </item>
          <item>
            <itextId>static_instance-education-4</itextId>
            <name>tidak_sekolah</name>
          </item>
        </root>
      </instance>
    <instance id="insurance">
        <root>
          <item>
            <itextId>static_instance-insurance-0</itextId>
            <name>jaminan_kesehatan_masyarakat</name>
          </item>
          <item>
            <itextId>static_instance-insurance-1</itextId>
            <name>Jamsostek</name>
          </item>
          <item>
            <itextId>static_instance-insurance-2</itextId>
            <name>jaminan_kesehatan_daerah</name>
          </item>
          <item>
            <itextId>static_instance-insurance-3</itextId>
            <name>asuransi_kesehatan</name>
          </item>
          <item>
            <itextId>static_instance-insurance-4</itextId>
            <name>jaminan_persalinan</name>
          </item>
          <item>
            <itextId>static_instance-insurance-5</itextId>
            <name>tidak_ada_asuransi</name>
          </item>
          <item>
            <itextId>static_instance-insurance-6</itextId>
            <name>jika_ya</name>
          </item>
          <item>
            <itextId>static_instance-insurance-7</itextId>
            <name>jika_tidak</name>
          </item>
        </root>
      </instance>
    <instance id="laboratory__sugar_blood">
        <root>
          <item>
            <itextId>static_instance-laboratory__sugar_blood-0</itextId>
            <name>&gt;_140_mg_dl</name>
          </item>
          <item>
            <itextId>static_instance-laboratory__sugar_blood-1</itextId>
            <name>&lt;_140_mg_dl</name>
          </item>
        </root>
      </instance>
    <instance id="patella_reflex">
        <root>
          <item>
            <itextId>static_instance-patella_reflex-0</itextId>
            <name>ada</name>
          </item>
          <item>
            <itextId>static_instance-patella_reflex-1</itextId>
            <name>tidak</name>
          </item>
        </root>
      </instance>
    <instance id="previous_labor">
        <root>
          <item>
            <itextId>static_instance-previous_labor-0</itextId>
            <name>normal</name>
          </item>
          <item>
            <itextId>static_instance-previous_labor-1</itextId>
            <name>tidak_normal</name>
          </item>
          <item>
            <itextId>static_instance-previous_labor-2</itextId>
            <name>tidak_ada_persalinan_sebelumnya</name>
          </item>
          <item>
            <itextId>static_instance-previous_labor-3</itextId>
            <name>normal</name>
          </item>
          <item>
            <itextId>static_instance-previous_labor-4</itextId>
            <name>tidak_normal</name>
          </item>
        </root>
      </instance>
    <instance id="fetal_presentation">
        <root>
          <item>
            <itextId>static_instance-fetal_presentation-0</itextId>
            <name>kepala</name>
          </item>
          <item>
            <itextId>static_instance-fetal_presentation-1</itextId>
            <name>bokong___sungsang</name>
          </item>
          <item>
            <itextId>static_instance-fetal_presentation-2</itextId>
            <name>letak_lintang___obligue</name>
          </item>
        </root>
      </instance>
    <instance id="integration_program__malaria__malaria">
        <root>
          <item>
            <itextId>static_instance-integration_program__malaria__malaria-0</itextId>
            <name>positif</name>
          </item>
          <item>
            <itextId>static_instance-integration_program__malaria__malaria-1</itextId>
            <name>negatif</name>
          </item>
        </root>
      </instance>
    <instance id="kabupaten">
        <root>
          <item>
            <itextId>static_instance-kabupaten-0</itextId>
            <name>Lombok Barat</name>
          </item>
          <item>
            <itextId>static_instance-kabupaten-1</itextId>
            <name>Lombok Tengah</name>
          </item>
          <item>
            <itextId>static_instance-kabupaten-2</itextId>
            <name>Lombok Timur</name>
          </item>
        </root>
      </instance>
    <instance id="riwayat_penyakit_kronis">
        <root>
          <item>
            <itextId>static_instance-riwayat_penyakit_kronis-0</itextId>
            <name>hipertensi</name>
          </item>
          <item>
            <itextId>static_instance-riwayat_penyakit_kronis-1</itextId>
            <name>diabetes_melitus</name>
          </item>
          <item>
            <itextId>static_instance-riwayat_penyakit_kronis-2</itextId>
            <name>kelainan_jantung</name>
          </item>
          <item>
            <itextId>static_instance-riwayat_penyakit_kronis-3</itextId>
            <name>kelainan_ginjal</name>
          </item>
          <item>
            <itextId>static_instance-riwayat_penyakit_kronis-4</itextId>
            <name>kelainan_hati</name>
          </item>
          <item>
            <itextId>static_instance-riwayat_penyakit_kronis-5</itextId>
            <name>STI/BBVs</name>
          </item>
          <item>
            <itextId>static_instance-riwayat_penyakit_kronis-6</itextId>
            <name>malaria</name>
          </item>
          <item>
            <itextId>static_instance-riwayat_penyakit_kronis-7</itextId>
            <name>asma</name>
          </item>
          <item>
            <itextId>static_instance-riwayat_penyakit_kronis-8</itextId>
            <name>sifilis</name>
          </item>
          <item>
            <itextId>static_instance-riwayat_penyakit_kronis-9</itextId>
            <name>hbsag</name>
          </item>
          <item>
            <itextId>static_instance-riwayat_penyakit_kronis-10</itextId>
            <name>hiv_aids</name>
          </item>
          <item>
            <itextId>static_instance-riwayat_penyakit_kronis-11</itextId>
            <name>tbc</name>
          </item>
          <item>
            <itextId>static_instance-riwayat_penyakit_kronis-12</itextId>
            <name>lainnya</name>
          </item>
          <item>
            <itextId>static_instance-riwayat_penyakit_kronis-13</itextId>
            <name>hipertensi</name>
          </item>
          <item>
            <itextId>static_instance-riwayat_penyakit_kronis-14</itextId>
            <name>diabetes_melitus</name>
          </item>
          <item>
            <itextId>static_instance-riwayat_penyakit_kronis-15</itextId>
            <name>kelainan_jantung</name>
          </item>
          <item>
            <itextId>static_instance-riwayat_penyakit_kronis-16</itextId>
            <name>kelainan_ginjal</name>
          </item>
          <item>
            <itextId>static_instance-riwayat_penyakit_kronis-17</itextId>
            <name>kelainan_hati</name>
          </item>
          <item>
            <itextId>static_instance-riwayat_penyakit_kronis-18</itextId>
            <name>STI/BBVs</name>
          </item>
          <item>
            <itextId>static_instance-riwayat_penyakit_kronis-19</itextId>
            <name>malaria</name>
          </item>
          <item>
            <itextId>static_instance-riwayat_penyakit_kronis-20</itextId>
            <name>asma</name>
          </item>
          <item>
            <itextId>static_instance-riwayat_penyakit_kronis-21</itextId>
            <name>sifilis</name>
          </item>
          <item>
            <itextId>static_instance-riwayat_penyakit_kronis-22</itextId>
            <name>hbsag</name>
          </item>
          <item>
            <itextId>static_instance-riwayat_penyakit_kronis-23</itextId>
            <name>hiv_aids</name>
          </item>
          <item>
            <itextId>static_instance-riwayat_penyakit_kronis-24</itextId>
            <name>tbc</name>
          </item>
          <item>
            <itextId>static_instance-riwayat_penyakit_kronis-25</itextId>
            <name>lainnya</name>
          </item>
        </root>
      </instance>
    <instance id="service___tt_injection">
        <root>
          <item>
            <itextId>static_instance-service___tt_injection-0</itextId>
            <name>jika_dilakukan</name>
          </item>
          <item>
            <itextId>static_instance-service___tt_injection-1</itextId>
            <name>jika_tidak_dilakukan</name>
          </item>
        </root>
      </instance>
    <instance id="nutrition_status_of_mother">
        <root>
          <item>
            <itextId>static_instance-nutrition_status_of_mother-0</itextId>
            <name>kekurangan_energi_kronis</name>
          </item>
          <item>
            <itextId>static_instance-nutrition_status_of_mother-1</itextId>
            <name>normal</name>
          </item>
        </root>
      </instance>
    <instance id="condition_of_house">
        <root>
          <item>
            <itextId>static_instance-condition_of_house-0</itextId>
            <name>permanen</name>
          </item>
          <item>
            <itextId>static_instance-condition_of_house-1</itextId>
            <name>tidak_permanen</name>
          </item>
        </root>
      </instance>
    <instance id="desa">
        <root>
          <item>
            <itextId>static_instance-desa-0</itextId>
            <kecamatan>Janapria</kecamatan>
            <name>Lekor</name>
          </item>
          <item>
            <itextId>static_instance-desa-1</itextId>
            <kecamatan>Janapria</kecamatan>
            <name>Jango</name>
          </item>
          <item>
            <itextId>static_instance-desa-2</itextId>
            <kecamatan>Janapria</kecamatan>
            <name>Janapria</name>
          </item>
          <item>
            <itextId>static_instance-desa-3</itextId>
            <kecamatan>Janapria</kecamatan>
            <name>Saba</name>
          </item>
          <item>
            <itextId>static_instance-desa-4</itextId>
            <kecamatan>Janapria</kecamatan>
            <name>Setuta</name>
          </item>
          <item>
            <itextId>static_instance-desa-5</itextId>
            <kecamatan>Janapria</kecamatan>
            <name>Pendem</name>
          </item>
          <item>
            <itextId>static_instance-desa-6</itextId>
            <kecamatan>Janapria</kecamatan>
            <name>Lainnya</name>
          </item>
          <item>
            <itextId>static_instance-desa-7</itextId>
            <kecamatan>Pujut</kecamatan>
            <name>Sengkol</name>
          </item>
          <item>
            <itextId>static_instance-desa-8</itextId>
            <kecamatan>Pujut</kecamatan>
            <name>Tanak Awu</name>
          </item>
          <item>
            <itextId>static_instance-desa-9</itextId>
            <kecamatan>Pujut</kecamatan>
            <name>Ketara</name>
          </item>
          <item>
            <itextId>static_instance-desa-10</itextId>
            <kecamatan>Pujut</kecamatan>
            <name>Kawo</name>
          </item>
          <item>
            <itextId>static_instance-desa-11</itextId>
            <kecamatan>Pujut</kecamatan>
            <name>Pengembur</name>
          </item>
          <item>
            <itextId>static_instance-desa-12</itextId>
            <kecamatan>Pujut</kecamatan>
            <name>PKM Sengkol</name>
          </item>
          <item>
            <itextId>static_instance-desa-13</itextId>
            <kecamatan>Pujut</kecamatan>
            <name>Segala Anyar</name>
          </item>
          <item>
            <itextId>static_instance-desa-14</itextId>
            <kecamatan>Pujut</kecamatan>
            <name>Lainnya</name>
          </item>
        </root>
      </instance>
    <instance id="religion">
        <root>
          <item>
            <itextId>static_instance-religion-0</itextId>
            <name>islam</name>
          </item>
          <item>
            <itextId>static_instance-religion-1</itextId>
            <name>hindu</name>
          </item>
          <item>
            <itextId>static_instance-religion-2</itextId>
            <name>kristen</name>
          </item>
          <item>
            <itextId>static_instance-religion-3</itextId>
            <name>katolik</name>
          </item>
          <item>
            <itextId>static_instance-religion-4</itextId>
            <name>budha</name>
          </item>
          <item>
            <itextId>static_instance-religion-5</itextId>
            <name>Lainnya</name>
          </item>
        </root>
      </instance>
    <instance id="blood_donor">
        <root>
          <item>
            <itextId>static_instance-blood_donor-0</itextId>
            <name>suami</name>
          </item>
          <item>
            <itextId>static_instance-blood_donor-1</itextId>
            <name>keluaga</name>
          </item>
          <item>
            <itextId>static_instance-blood_donor-2</itextId>
            <name>teman</name>
          </item>
          <item>
            <itextId>static_instance-blood_donor-3</itextId>
            <name>lain-lain</name>
          </item>
          <item>
            <itextId>static_instance-blood_donor-4</itextId>
            <name>tidak_ada</name>
          </item>
        </root>
      </instance>
    <instance id="service___write_in_maternal_and_child_health_booklet">
        <root>
          <item>
            <itextId>static_instance-service___write_in_maternal_and_child_health_booklet-0</itextId>
            <name>jika_dilakukan</name>
          </item>
          <item>
            <itextId>static_instance-service___write_in_maternal_and_child_health_booklet-1</itextId>
            <name>jika_tidak_dilakukan</name>
          </item>
        </root>
      </instance>
    <instance id="maternal_and_child_health_booklet">
        <root>
          <item>
            <itextId>static_instance-maternal_and_child_health_booklet-0</itextId>
            <name>memiliki</name>
          </item>
          <item>
            <itextId>static_instance-maternal_and_child_health_booklet-1</itextId>
            <name>tidak_memiliki</name>
          </item>
          <item>
            <itextId>static_instance-maternal_and_child_health_booklet-2</itextId>
            <name>memiliki</name>
          </item>
          <item>
            <itextId>static_instance-maternal_and_child_health_booklet-3</itextId>
            <name>tidak_memiliki</name>
          </item>
        </root>
      </instance>
    <instance id="integration_program__tb__medicine">
        <root>
          <item>
            <itextId>static_instance-integration_program__tb__medicine-0</itextId>
            <name>rifampisin</name>
          </item>
          <item>
            <itextId>static_instance-integration_program__tb__medicine-1</itextId>
            <name>inh</name>
          </item>
          <item>
            <itextId>static_instance-integration_program__tb__medicine-2</itextId>
            <name>pyrazinamid</name>
          </item>
          <item>
            <itextId>static_instance-integration_program__tb__medicine-3</itextId>
            <name>etahmbutol</name>
          </item>
        </root>
      </instance>
    <instance id="blood_type">
        <root>
          <item>
            <itextId>static_instance-blood_type-0</itextId>
            <name>a</name>
          </item>
          <item>
            <itextId>static_instance-blood_type-1</itextId>
            <name>b</name>
          </item>
          <item>
            <itextId>static_instance-blood_type-2</itextId>
            <name>ab</name>
          </item>
          <item>
            <itextId>static_instance-blood_type-3</itextId>
            <name>o</name>
          </item>
          <item>
            <itextId>static_instance-blood_type-4</itextId>
            <name>NA</name>
          </item>
        </root>
      </instance>
    <instance id="province">
        <root>
          <item>
            <itextId>static_instance-province-0</itextId>
            <name>NTB</name>
          </item>
        </root>
      </instance>
    <instance id="number_of_fetus">
        <root>
          <item>
            <itextId>static_instance-number_of_fetus-0</itextId>
            <name>tunggal</name>
          </item>
          <item>
            <itextId>static_instance-number_of_fetus-1</itextId>
            <name>ganda</name>
          </item>
        </root>
      </instance>
    <instance id="transportation">
        <root>
          <item>
            <itextId>static_instance-transportation-0</itextId>
            <name>sepeda_motor</name>
          </item>
          <item>
            <itextId>static_instance-transportation-1</itextId>
            <name>mobil</name>
          </item>
          <item>
            <itextId>static_instance-transportation-2</itextId>
            <name>lain-lain</name>
          </item>
        </root>
      </instance>
    <instance id="intended_place_for_labor">
        <root>
          <item>
            <itextId>static_instance-intended_place_for_labor-0</itextId>
            <name>rumah</name>
          </item>
          <item>
            <itextId>static_instance-intended_place_for_labor-1</itextId>
            <name>podok_bersalin_desa</name>
          </item>
          <item>
            <itextId>static_instance-intended_place_for_labor-2</itextId>
            <name>puskesmas_pembantu</name>
          </item>
          <item>
            <itextId>static_instance-intended_place_for_labor-3</itextId>
            <name>pusat_kesehatan_masyarakat</name>
          </item>
          <item>
            <itextId>static_instance-intended_place_for_labor-4</itextId>
            <name>rumah_bersalin</name>
          </item>
          <item>
            <itextId>static_instance-intended_place_for_labor-5</itextId>
            <name>rumah_sakit_ibu_dan_anak</name>
          </item>
          <item>
            <itextId>static_instance-intended_place_for_labor-6</itextId>
            <name>rumah_sakit</name>
          </item>
          <item>
            <itextId>static_instance-intended_place_for_labor-7</itextId>
            <name>RS_Odha</name>
          </item>
        </root>
      </instance>
    <instance id="trisemester_order">
        <root>
          <item>
            <itextId>static_instance-trisemester_order-0</itextId>
            <name>trimester_ke_1</name>
          </item>
          <item>
            <itextId>static_instance-trisemester_order-1</itextId>
            <name>trimester_ke_2</name>
          </item>
          <item>
            <itextId>static_instance-trisemester_order-2</itextId>
            <name>trimester_ke_3</name>
          </item>
        </root>
      </instance>
    <instance id="first_person_diagnosed_risk_in_pregnancy">
        <root>
          <item>
            <itextId>static_instance-first_person_diagnosed_risk_in_pregnancy-0</itextId>
            <name>pasien</name>
          </item>
          <item>
            <itextId>static_instance-first_person_diagnosed_risk_in_pregnancy-1</itextId>
            <name>keluarga</name>
          </item>
          <item>
            <itextId>static_instance-first_person_diagnosed_risk_in_pregnancy-2</itextId>
            <name>masyarakat</name>
          </item>
          <item>
            <itextId>static_instance-first_person_diagnosed_risk_in_pregnancy-3</itextId>
            <name>dukun</name>
          </item>
          <item>
            <itextId>static_instance-first_person_diagnosed_risk_in_pregnancy-4</itextId>
            <name>kader</name>
          </item>
          <item>
            <itextId>static_instance-first_person_diagnosed_risk_in_pregnancy-5</itextId>
            <name>bidan</name>
          </item>
          <item>
            <itextId>static_instance-first_person_diagnosed_risk_in_pregnancy-6</itextId>
            <name>dokter</name>
          </item>
          <item>
            <itextId>static_instance-first_person_diagnosed_risk_in_pregnancy-7</itextId>
            <name>DSOG</name>
          </item>
          <item>
            <itextId>static_instance-first_person_diagnosed_risk_in_pregnancy-8</itextId>
            <name>tidak_ada</name>
          </item>
        </root>
      </instance>
    <instance id="integration_program__malaria__medicine">
        <root>
          <item>
            <itextId>static_instance-integration_program__malaria__medicine-0</itextId>
            <name>ZDV</name>
          </item>
          <item>
            <itextId>static_instance-integration_program__malaria__medicine-1</itextId>
            <name>NVP</name>
          </item>
          <item>
            <itextId>static_instance-integration_program__malaria__medicine-2</itextId>
            <name>TC</name>
          </item>
        </root>
      </instance>
    <instance id="mother_condition_when_arrives_at_referred_facilty">
        <root>
          <item>
            <itextId>static_instance-mother_condition_when_arrives_at_referred_facilty-0</itextId>
            <name>hidup</name>
          </item>
          <item>
            <itextId>static_instance-mother_condition_when_arrives_at_referred_facilty-1</itextId>
            <name>mati</name>
          </item>
        </root>
      </instance>
    <instance id="integration_program__malaria__check-up">
        <root>
          <item>
            <itextId>static_instance-integration_program__malaria__check-up-0</itextId>
            <name>Ya</name>
          </item>
          <item>
            <itextId>static_instance-integration_program__malaria__check-up-1</itextId>
            <name>Tidak</name>
          </item>
        </root>
      </instance>
    <instance id="laboratory___hc_ceck___anemia">
        <root>
          <item>
            <itextId>static_instance-laboratory___hc_ceck___anemia-0</itextId>
            <name>positif</name>
          </item>
          <item>
            <itextId>static_instance-laboratory___hc_ceck___anemia-1</itextId>
            <name>negatif</name>
          </item>
        </root>
      </instance>
    <instance id="integration_program__tb__phlegm">
        <root>
          <item>
            <itextId>static_instance-integration_program__tb__phlegm-0</itextId>
            <name>Ya</name>
          </item>
          <item>
            <itextId>static_instance-integration_program__tb__phlegm-1</itextId>
            <name>Tidak</name>
          </item>
        </root>
      </instance>
    <instance id="integration_program__pmtct__vct-serology">
        <root>
          <item>
            <itextId>static_instance-integration_program__pmtct__vct-serology-0</itextId>
            <name>positif</name>
          </item>
          <item>
            <itextId>static_instance-integration_program__pmtct__vct-serology-1</itextId>
            <name>negatif</name>
          </item>
        </root>
      </instance>
    <instance id="yes_no">
        <root>
          <item>
            <itextId>static_instance-yes_no-0</itextId>
            <name>Ya</name>
          </item>
          <item>
            <itextId>static_instance-yes_no-1</itextId>
            <name>Tidak</name>
          </item>
        </root>
      </instance>
    <instance id="laboratoy__hbsag">
        <root>
          <item>
            <itextId>static_instance-laboratoy__hbsag-0</itextId>
            <name>positif</name>
          </item>
          <item>
            <itextId>static_instance-laboratoy__hbsag-1</itextId>
            <name>negatif</name>
          </item>
        </root>
      </instance>
    <instance id="poor_family_not">
        <root>
          <item>
            <itextId>static_instance-poor_family_not-0</itextId>
            <name>ya</name>
          </item>
          <item>
            <itextId>static_instance-poor_family_not-1</itextId>
            <name>tidak</name>
          </item>
        </root>
      </instance>
    <instance id="dusun">
        <root>
          <item>
            <itextId>static_instance-dusun-0</itextId>
            <kecamatan>Pujut</kecamatan>
            <desa1>Sengkol</desa1>
            <name>Kale</name>
          </item>
          <item>
            <itextId>static_instance-dusun-1</itextId>
            <kecamatan>Pujut</kecamatan>
            <desa1>Sengkol</desa1>
            <name>Piyang</name>
          </item>
          <item>
            <itextId>static_instance-dusun-2</itextId>
            <kecamatan>Pujut</kecamatan>
            <desa1>Sengkol</desa1>
            <name>Soweng</name>
          </item>
          <item>
            <itextId>static_instance-dusun-3</itextId>
            <kecamatan>Pujut</kecamatan>
            <desa1>Sengkol</desa1>
            <name>Senundal</name>
          </item>
          <item>
            <itextId>static_instance-dusun-4</itextId>
            <kecamatan>Pujut</kecamatan>
            <desa1>Sengkol</desa1>
            <name>Jomang</name>
          </item>
          <item>
            <itextId>static_instance-dusun-5</itextId>
            <kecamatan>Pujut</kecamatan>
            <desa1>Sengkol</desa1>
            <name>Penambong</name>
          </item>
          <item>
            <itextId>static_instance-dusun-6</itextId>
            <kecamatan>Pujut</kecamatan>
            <desa1>Sengkol</desa1>
            <name>Peresak</name>
          </item>
          <item>
            <itextId>static_instance-dusun-7</itextId>
            <kecamatan>Pujut</kecamatan>
            <desa1>Sengkol</desa1>
            <name>Pesarih</name>
          </item>
          <item>
            <itextId>static_instance-dusun-8</itextId>
            <kecamatan>Pujut</kecamatan>
            <desa1>Sengkol</desa1>
            <name>Sedo</name>
          </item>
          <item>
            <itextId>static_instance-dusun-9</itextId>
            <kecamatan>Pujut</kecamatan>
            <desa1>Sengkol</desa1>
            <name>Lotir</name>
          </item>
          <item>
            <itextId>static_instance-dusun-10</itextId>
            <kecamatan>Pujut</kecamatan>
            <desa1>Sengkol</desa1>
            <name>Belong</name>
          </item>
          <item>
            <itextId>static_instance-dusun-11</itextId>
            <kecamatan>Pujut</kecamatan>
            <desa1>Sengkol</desa1>
            <name>Sereneng</name>
          </item>
          <item>
            <itextId>static_instance-dusun-12</itextId>
            <kecamatan>Pujut</kecamatan>
            <desa1>Sengkol</desa1>
            <name>Sengkol I</name>
          </item>
          <item>
            <itextId>static_instance-dusun-13</itextId>
            <kecamatan>Pujut</kecamatan>
            <desa1>Sengkol</desa1>
            <name>Sengkol II</name>
          </item>
          <item>
            <itextId>static_instance-dusun-14</itextId>
            <kecamatan>Pujut</kecamatan>
            <desa1>Sengkol</desa1>
            <name>Junge</name>
          </item>
          <item>
            <itextId>static_instance-dusun-15</itextId>
            <kecamatan>Pujut</kecamatan>
            <desa1>Sengkol</desa1>
            <name>Gentang</name>
          </item>
          <item>
            <itextId>static_instance-dusun-16</itextId>
            <kecamatan>Pujut</kecamatan>
            <desa1>Sengkol</desa1>
            <name>Tajuk</name>
          </item>
          <item>
            <itextId>static_instance-dusun-17</itextId>
            <kecamatan>Pujut</kecamatan>
            <desa1>Tanak Awu</desa1>
            <name>Rebile</name>
          </item>
          <item>
            <itextId>static_instance-dusun-18</itextId>
            <kecamatan>Pujut</kecamatan>
            <desa1>Tanak Awu</desa1>
            <name>Perendik</name>
          </item>
          <item>
            <itextId>static_instance-dusun-19</itextId>
            <kecamatan>Pujut</kecamatan>
            <desa1>Tanak Awu</desa1>
            <name>Tanak Awu I</name>
          </item>
          <item>
            <itextId>static_instance-dusun-20</itextId>
            <kecamatan>Pujut</kecamatan>
            <desa1>Tanak Awu</desa1>
            <name>Tanak Awu II</name>
          </item>
          <item>
            <itextId>static_instance-dusun-21</itextId>
            <kecamatan>Pujut</kecamatan>
            <desa1>Tanak Awu</desa1>
            <name>Selawang</name>
          </item>
          <item>
            <itextId>static_instance-dusun-22</itextId>
            <kecamatan>Pujut</kecamatan>
            <desa1>Tanak Awu</desa1>
            <name>Reak I</name>
          </item>
          <item>
            <itextId>static_instance-dusun-23</itextId>
            <kecamatan>Pujut</kecamatan>
            <desa1>Tanak Awu</desa1>
            <name>Reak II</name>
          </item>
          <item>
            <itextId>static_instance-dusun-24</itextId>
            <kecamatan>Pujut</kecamatan>
            <desa1>Tanak Awu</desa1>
            <name>Singe</name>
          </item>
          <item>
            <itextId>static_instance-dusun-25</itextId>
            <kecamatan>Pujut</kecamatan>
            <desa1>Tanak Awu</desa1>
            <name>Gantang Lauk</name>
          </item>
          <item>
            <itextId>static_instance-dusun-26</itextId>
            <kecamatan>Pujut</kecamatan>
            <desa1>Tanak Awu</desa1>
            <name>Gantang Daye</name>
          </item>
          <item>
            <itextId>static_instance-dusun-27</itextId>
            <kecamatan>Pujut</kecamatan>
            <desa1>Tanak Awu</desa1>
            <name>Tatak</name>
          </item>
          <item>
            <itextId>static_instance-dusun-28</itextId>
            <kecamatan>Pujut</kecamatan>
            <desa1>Tanak Awu</desa1>
            <name>Tanak Awu Bat</name>
          </item>
          <item>
            <itextId>static_instance-dusun-29</itextId>
            <kecamatan>Pujut</kecamatan>
            <desa1>Tanak Awu</desa1>
            <name>Tanpok</name>
          </item>
          <item>
            <itextId>static_instance-dusun-30</itextId>
            <kecamatan>Pujut</kecamatan>
            <desa1>Tanak Awu</desa1>
            <name>Jambek</name>
          </item>
          <item>
            <itextId>static_instance-dusun-31</itextId>
            <kecamatan>Pujut</kecamatan>
            <desa1>Ketara</desa1>
            <name>Sempalan</name>
          </item>
          <item>
            <itextId>static_instance-dusun-32</itextId>
            <kecamatan>Pujut</kecamatan>
            <desa1>Ketara</desa1>
            <name>Sarah</name>
          </item>
          <item>
            <itextId>static_instance-dusun-33</itextId>
            <kecamatan>Pujut</kecamatan>
            <desa1>Ketara</desa1>
            <name>Reban</name>
          </item>
          <item>
            <itextId>static_instance-dusun-34</itextId>
            <kecamatan>Pujut</kecamatan>
            <desa1>Ketara</desa1>
            <name>Plangsang</name>
          </item>
          <item>
            <itextId>static_instance-dusun-35</itextId>
            <kecamatan>Pujut</kecamatan>
            <desa1>Ketara</desa1>
            <name>Bagek Dewe</name>
          </item>
          <item>
            <itextId>static_instance-dusun-36</itextId>
            <kecamatan>Pujut</kecamatan>
            <desa1>Ketara</desa1>
            <name>Ketare</name>
          </item>
          <item>
            <itextId>static_instance-dusun-37</itextId>
            <kecamatan>Pujut</kecamatan>
            <desa1>Ketara</desa1>
            <name>Dese</name>
          </item>
          <item>
            <itextId>static_instance-dusun-38</itextId>
            <kecamatan>Pujut</kecamatan>
            <desa1>Ketara</desa1>
            <name>Dayen Rurung</name>
          </item>
          <item>
            <itextId>static_instance-dusun-39</itextId>
            <kecamatan>Pujut</kecamatan>
            <desa1>Ketara</desa1>
            <name>Selak</name>
          </item>
          <item>
            <itextId>static_instance-dusun-40</itextId>
            <kecamatan>Pujut</kecamatan>
            <desa1>Ketara</desa1>
            <name>Lebak</name>
          </item>
          <item>
            <itextId>static_instance-dusun-41</itextId>
            <kecamatan>Pujut</kecamatan>
            <desa1>Ketara</desa1>
            <name>Sampet</name>
          </item>
          <item>
            <itextId>static_instance-dusun-42</itextId>
            <kecamatan>Pujut</kecamatan>
            <desa1>Ketara</desa1>
            <name>Perigi</name>
          </item>
          <item>
            <itextId>static_instance-dusun-43</itextId>
            <kecamatan>Pujut</kecamatan>
            <desa1>Ketara</desa1>
            <name>Abe</name>
          </item>
          <item>
            <itextId>static_instance-dusun-44</itextId>
            <kecamatan>Pujut</kecamatan>
            <desa1>Ketara</desa1>
            <name>Kampu</name>
          </item>
          <item>
            <itextId>static_instance-dusun-45</itextId>
            <kecamatan>Pujut</kecamatan>
            <desa1>Ketara</desa1>
            <name>Embung Rungkas</name>
          </item>
          <item>
            <itextId>static_instance-dusun-46</itextId>
            <kecamatan>Pujut</kecamatan>
            <desa1>Kawo</desa1>
            <name>Bale Montong I</name>
          </item>
          <item>
            <itextId>static_instance-dusun-47</itextId>
            <kecamatan>Pujut</kecamatan>
            <desa1>Kawo</desa1>
            <name>Bale Montong II</name>
          </item>
          <item>
            <itextId>static_instance-dusun-48</itextId>
            <kecamatan>Pujut</kecamatan>
            <desa1>Kawo</desa1>
            <name>Batu Bangke</name>
          </item>
          <item>
            <itextId>static_instance-dusun-49</itextId>
            <kecamatan>Pujut</kecamatan>
            <desa1>Kawo</desa1>
            <name>Pengadang</name>
          </item>
          <item>
            <itextId>static_instance-dusun-50</itextId>
            <kecamatan>Pujut</kecamatan>
            <desa1>Kawo</desa1>
            <name>Karang Jangkong</name>
          </item>
          <item>
            <itextId>static_instance-dusun-51</itextId>
            <kecamatan>Pujut</kecamatan>
            <desa1>Kawo</desa1>
            <name>Balen Along</name>
          </item>
          <item>
            <itextId>static_instance-dusun-52</itextId>
            <kecamatan>Pujut</kecamatan>
            <desa1>Kawo</desa1>
            <name>Dayen Kubur</name>
          </item>
          <item>
            <itextId>static_instance-dusun-53</itextId>
            <kecamatan>Pujut</kecamatan>
            <desa1>Kawo</desa1>
            <name>Gubuk Direk</name>
          </item>
          <item>
            <itextId>static_instance-dusun-54</itextId>
            <kecamatan>Pujut</kecamatan>
            <desa1>Kawo</desa1>
            <name>Sarang Angin</name>
          </item>
          <item>
            <itextId>static_instance-dusun-55</itextId>
            <kecamatan>Pujut</kecamatan>
            <desa1>Kawo</desa1>
            <name>Karang Daye</name>
          </item>
          <item>
            <itextId>static_instance-dusun-56</itextId>
            <kecamatan>Pujut</kecamatan>
            <desa1>Kawo</desa1>
            <name>Gilik</name>
          </item>
          <item>
            <itextId>static_instance-dusun-57</itextId>
            <kecamatan>Pujut</kecamatan>
            <desa1>Kawo</desa1>
            <name>Gampung</name>
          </item>
          <item>
            <itextId>static_instance-dusun-58</itextId>
            <kecamatan>Pujut</kecamatan>
            <desa1>Kawo</desa1>
            <name>Wareng</name>
          </item>
          <item>
            <itextId>static_instance-dusun-59</itextId>
            <kecamatan>Pujut</kecamatan>
            <desa1>Kawo</desa1>
            <name>Pance</name>
          </item>
          <item>
            <itextId>static_instance-dusun-60</itextId>
            <kecamatan>Pujut</kecamatan>
            <desa1>Kawo</desa1>
            <name>Bumi Gora</name>
          </item>
          <item>
            <itextId>static_instance-dusun-61</itextId>
            <kecamatan>Pujut</kecamatan>
            <desa1>Kawo</desa1>
            <name>Buntereng</name>
          </item>
          <item>
            <itextId>static_instance-dusun-62</itextId>
            <kecamatan>Pujut</kecamatan>
            <desa1>Kawo</desa1>
            <name>Gonjong</name>
          </item>
          <item>
            <itextId>static_instance-dusun-63</itextId>
            <kecamatan>Pujut</kecamatan>
            <desa1>Pengembur</desa1>
            <name>Pengembur I</name>
          </item>
          <item>
            <itextId>static_instance-dusun-64</itextId>
            <kecamatan>Pujut</kecamatan>
            <desa1>Pengembur</desa1>
            <name>Pengembur II</name>
          </item>
          <item>
            <itextId>static_instance-dusun-65</itextId>
            <kecamatan>Pujut</kecamatan>
            <desa1>Pengembur</desa1>
            <name>Pengembur III</name>
          </item>
          <item>
            <itextId>static_instance-dusun-66</itextId>
            <kecamatan>Pujut</kecamatan>
            <desa1>Pengembur</desa1>
            <name>Penyampi</name>
          </item>
          <item>
            <itextId>static_instance-dusun-67</itextId>
            <kecamatan>Pujut</kecamatan>
            <desa1>Pengembur</desa1>
            <name>Batu Belek</name>
          </item>
          <item>
            <itextId>static_instance-dusun-68</itextId>
            <kecamatan>Pujut</kecamatan>
            <desa1>Pengembur</desa1>
            <name>Tawah</name>
          </item>
          <item>
            <itextId>static_instance-dusun-69</itextId>
            <kecamatan>Pujut</kecamatan>
            <desa1>Pengembur</desa1>
            <name>Perigi</name>
          </item>
          <item>
            <itextId>static_instance-dusun-70</itextId>
            <kecamatan>Pujut</kecamatan>
            <desa1>Pengembur</desa1>
            <name>Sinah</name>
          </item>
          <item>
            <itextId>static_instance-dusun-71</itextId>
            <kecamatan>Pujut</kecamatan>
            <desa1>Pengembur</desa1>
            <name>Siwang</name>
          </item>
          <item>
            <itextId>static_instance-dusun-72</itextId>
            <kecamatan>Pujut</kecamatan>
            <desa1>Pengembur</desa1>
            <name>Tamping</name>
          </item>
          <item>
            <itextId>static_instance-dusun-73</itextId>
            <kecamatan>Pujut</kecamatan>
            <desa1>Pengembur</desa1>
            <name>Sepit</name>
          </item>
          <item>
            <itextId>static_instance-dusun-74</itextId>
            <kecamatan>Pujut</kecamatan>
            <desa1>Pengembur</desa1>
            <name>Keramat</name>
          </item>
          <item>
            <itextId>static_instance-dusun-75</itextId>
            <kecamatan>Pujut</kecamatan>
            <desa1>Segala Anyar</desa1>
            <name>Anak Anjan</name>
          </item>
          <item>
            <itextId>static_instance-dusun-76</itextId>
            <kecamatan>Pujut</kecamatan>
            <desa1>Segala Anyar</desa1>
            <name>Kadik I</name>
          </item>
          <item>
            <itextId>static_instance-dusun-77</itextId>
            <kecamatan>Pujut</kecamatan>
            <desa1>Segala Anyar</desa1>
            <name>Kadik II</name>
          </item>
          <item>
            <itextId>static_instance-dusun-78</itextId>
            <kecamatan>Pujut</kecamatan>
            <desa1>Segala Anyar</desa1>
            <name>Penupi</name>
          </item>
          <item>
            <itextId>static_instance-dusun-79</itextId>
            <kecamatan>Pujut</kecamatan>
            <desa1>Segala Anyar</desa1>
            <name>Penaok</name>
          </item>
          <item>
            <itextId>static_instance-dusun-80</itextId>
            <kecamatan>Pujut</kecamatan>
            <desa1>Segala Anyar</desa1>
            <name>Dasan Duah</name>
          </item>
          <item>
            <itextId>static_instance-dusun-81</itextId>
            <kecamatan>Pujut</kecamatan>
            <desa1>Segala Anyar</desa1>
            <name>Lamben</name>
          </item>
          <item>
            <itextId>static_instance-dusun-82</itextId>
            <kecamatan>Pujut</kecamatan>
            <desa1>Segala Anyar</desa1>
            <name>Segale</name>
          </item>
          <item>
            <itextId>static_instance-dusun-83</itextId>
            <kecamatan>Pujut</kecamatan>
            <desa1>Segala Anyar</desa1>
            <name>Karang baru</name>
          </item>
          <item>
            <itextId>static_instance-dusun-84</itextId>
            <kecamatan>Pujut</kecamatan>
            <desa1>Segala Anyar</desa1>
            <name>Tenang Baru</name>
          </item>
          <item>
            <itextId>static_instance-dusun-85</itextId>
            <kecamatan>Pujut</kecamatan>
            <desa1>Segala Anyar</desa1>
            <name>Tenang</name>
          </item>
          <item>
            <itextId>static_instance-dusun-86</itextId>
            <kecamatan>Pujut</kecamatan>
            <desa1>Segala Anyar</desa1>
            <name>Bolok</name>
          </item>
          <item>
            <itextId>static_instance-dusun-87</itextId>
            <kecamatan>Janapria</kecamatan>
            <desa1>Lekor</desa1>
            <name>Lekor Barat</name>
          </item>
          <item>
            <itextId>static_instance-dusun-88</itextId>
            <kecamatan>Janapria</kecamatan>
            <desa1>Lekor</desa1>
            <name>Lekor Timur</name>
          </item>
          <item>
            <itextId>static_instance-dusun-89</itextId>
            <kecamatan>Janapria</kecamatan>
            <desa1>Lekor</desa1>
            <name>Lekor Tengah</name>
          </item>
          <item>
            <itextId>static_instance-dusun-90</itextId>
            <kecamatan>Janapria</kecamatan>
            <desa1>Lekor</desa1>
            <name>Sandat</name>
          </item>
          <item>
            <itextId>static_instance-dusun-91</itextId>
            <kecamatan>Janapria</kecamatan>
            <desa1>Lekor</desa1>
            <name>Bare Putih</name>
          </item>
          <item>
            <itextId>static_instance-dusun-92</itextId>
            <kecamatan>Janapria</kecamatan>
            <desa1>Lekor</desa1>
            <name>Pelapak</name>
          </item>
          <item>
            <itextId>static_instance-dusun-93</itextId>
            <kecamatan>Janapria</kecamatan>
            <desa1>Lekor</desa1>
            <name>Menteger</name>
          </item>
          <item>
            <itextId>static_instance-dusun-94</itextId>
            <kecamatan>Janapria</kecamatan>
            <desa1>Lekor</desa1>
            <name>Ambat</name>
          </item>
          <item>
            <itextId>static_instance-dusun-95</itextId>
            <kecamatan>Janapria</kecamatan>
            <desa1>Lekor</desa1>
            <name>Berenge</name>
          </item>
          <item>
            <itextId>static_instance-dusun-96</itextId>
            <kecamatan>Janapria</kecamatan>
            <desa1>Lekor</desa1>
            <name>Pepao Barat I</name>
          </item>
          <item>
            <itextId>static_instance-dusun-97</itextId>
            <kecamatan>Janapria</kecamatan>
            <desa1>Lekor</desa1>
            <name>Pepao Barat II</name>
          </item>
          <item>
            <itextId>static_instance-dusun-98</itextId>
            <kecamatan>Janapria</kecamatan>
            <desa1>Lekor</desa1>
            <name>Pepao Timur</name>
          </item>
          <item>
            <itextId>static_instance-dusun-99</itextId>
            <kecamatan>Janapria</kecamatan>
            <desa1>Lekor</desa1>
            <name>Presak</name>
          </item>
          <item>
            <itextId>static_instance-dusun-100</itextId>
            <kecamatan>Janapria</kecamatan>
            <desa1>Lekor</desa1>
            <name>Lendang Jawe</name>
          </item>
          <item>
            <itextId>static_instance-dusun-101</itextId>
            <kecamatan>Janapria</kecamatan>
            <desa1>Lekor</desa1>
            <name>Kapet</name>
          </item>
          <item>
            <itextId>static_instance-dusun-102</itextId>
            <kecamatan>Janapria</kecamatan>
            <desa1>Lekor</desa1>
            <name>Lempenge</name>
          </item>
          <item>
            <itextId>static_instance-dusun-103</itextId>
            <kecamatan>Janapria</kecamatan>
            <desa1>Lekor</desa1>
            <name>Montong Bile</name>
          </item>
          <item>
            <itextId>static_instance-dusun-104</itextId>
            <kecamatan>Janapria</kecamatan>
            <desa1>Lekor</desa1>
            <name>Gulung</name>
          </item>
          <item>
            <itextId>static_instance-dusun-105</itextId>
            <kecamatan>Janapria</kecamatan>
            <desa1>Lekor</desa1>
            <name>Walun</name>
          </item>
          <item>
            <itextId>static_instance-dusun-106</itextId>
            <kecamatan>Janapria</kecamatan>
            <desa1>Lekor</desa1>
            <name>Belo</name>
          </item>
          <item>
            <itextId>static_instance-dusun-107</itextId>
            <kecamatan>Janapria</kecamatan>
            <desa1>Lekor</desa1>
            <name>Dongger</name>
          </item>
          <item>
            <itextId>static_instance-dusun-108</itextId>
            <kecamatan>Janapria</kecamatan>
            <desa1>Lekor</desa1>
            <name>Wiyung</name>
          </item>
          <item>
            <itextId>static_instance-dusun-109</itextId>
            <kecamatan>Janapria</kecamatan>
            <desa1>Lekor</desa1>
            <name>Embung Wile</name>
          </item>
          <item>
            <itextId>static_instance-dusun-110</itextId>
            <kecamatan>Janapria</kecamatan>
            <desa1>Lekor</desa1>
            <name>Santong</name>
          </item>
          <item>
            <itextId>static_instance-dusun-111</itextId>
            <kecamatan>Janapria</kecamatan>
            <desa1>Lekor</desa1>
            <name>Selaping</name>
          </item>
          <item>
            <itextId>static_instance-dusun-112</itextId>
            <kecamatan>Janapria</kecamatan>
            <desa1>Lekor</desa1>
            <name>Sondo</name>
          </item>
          <item>
            <itextId>static_instance-dusun-113</itextId>
            <kecamatan>Janapria</kecamatan>
            <desa1>Lekor</desa1>
            <name>Lengkok Bunut</name>
          </item>
          <item>
            <itextId>static_instance-dusun-114</itextId>
            <kecamatan>Janapria</kecamatan>
            <desa1>Lekor</desa1>
            <name>Renge</name>
          </item>
          <item>
            <itextId>static_instance-dusun-115</itextId>
            <kecamatan>Janapria</kecamatan>
            <desa1>Lekor</desa1>
            <name>Taken-Aken</name>
          </item>
          <item>
            <itextId>static_instance-dusun-116</itextId>
            <kecamatan>Janapria</kecamatan>
            <desa1>Jango</desa1>
            <name>Sesok</name>
          </item>
          <item>
            <itextId>static_instance-dusun-117</itextId>
            <kecamatan>Janapria</kecamatan>
            <desa1>Jango</desa1>
            <name>Puntik Baru</name>
          </item>
          <item>
            <itextId>static_instance-dusun-118</itextId>
            <kecamatan>Janapria</kecamatan>
            <desa1>Jango</desa1>
            <name>Prigi</name>
          </item>
          <item>
            <itextId>static_instance-dusun-119</itextId>
            <kecamatan>Janapria</kecamatan>
            <desa1>Jango</desa1>
            <name>Jango Utara</name>
          </item>
          <item>
            <itextId>static_instance-dusun-120</itextId>
            <kecamatan>Janapria</kecamatan>
            <desa1>Jango</desa1>
            <name>Jango Selatan</name>
          </item>
          <item>
            <itextId>static_instance-dusun-121</itextId>
            <kecamatan>Janapria</kecamatan>
            <desa1>Jango</desa1>
            <name>Batu Ngreng</name>
          </item>
          <item>
            <itextId>static_instance-dusun-122</itextId>
            <kecamatan>Janapria</kecamatan>
            <desa1>Jango</desa1>
            <name>Arba</name>
          </item>
          <item>
            <itextId>static_instance-dusun-123</itextId>
            <kecamatan>Janapria</kecamatan>
            <desa1>Jango</desa1>
            <name>Rungkang Barat</name>
          </item>
          <item>
            <itextId>static_instance-dusun-124</itextId>
            <kecamatan>Janapria</kecamatan>
            <desa1>Jango</desa1>
            <name>Rungkang Timur</name>
          </item>
          <item>
            <itextId>static_instance-dusun-125</itextId>
            <kecamatan>Janapria</kecamatan>
            <desa1>Jango</desa1>
            <name>Gerepek</name>
          </item>
          <item>
            <itextId>static_instance-dusun-126</itextId>
            <kecamatan>Janapria</kecamatan>
            <desa1>Jango</desa1>
            <name>Kampung Baru</name>
          </item>
          <item>
            <itextId>static_instance-dusun-127</itextId>
            <kecamatan>Janapria</kecamatan>
            <desa1>Jango</desa1>
            <name>Kenyalu Barat</name>
          </item>
          <item>
            <itextId>static_instance-dusun-128</itextId>
            <kecamatan>Janapria</kecamatan>
            <desa1>Jango</desa1>
            <name>Kenyalu Timur</name>
          </item>
          <item>
            <itextId>static_instance-dusun-129</itextId>
            <kecamatan>Janapria</kecamatan>
            <desa1>Jango</desa1>
            <name>Kenyalu Selatan</name>
          </item>
          <item>
            <itextId>static_instance-dusun-130</itextId>
            <kecamatan>Janapria</kecamatan>
            <desa1>Jango</desa1>
            <name>Kenyalu Utara</name>
          </item>
          <item>
            <itextId>static_instance-dusun-131</itextId>
            <kecamatan>Janapria</kecamatan>
            <desa1>Jango</desa1>
            <name>Kenyalu Tengah</name>
          </item>
          <item>
            <itextId>static_instance-dusun-132</itextId>
            <kecamatan>Janapria</kecamatan>
            <desa1>Janapria</desa1>
            <name>Perok Timur</name>
          </item>
          <item>
            <itextId>static_instance-dusun-133</itextId>
            <kecamatan>Janapria</kecamatan>
            <desa1>Janapria</desa1>
            <name>Perok Barat</name>
          </item>
          <item>
            <itextId>static_instance-dusun-134</itextId>
            <kecamatan>Janapria</kecamatan>
            <desa1>Janapria</desa1>
            <name>Tempek-Empek</name>
          </item>
          <item>
            <itextId>static_instance-dusun-135</itextId>
            <kecamatan>Janapria</kecamatan>
            <desa1>Janapria</desa1>
            <name>Nunang I</name>
          </item>
          <item>
            <itextId>static_instance-dusun-136</itextId>
            <kecamatan>Janapria</kecamatan>
            <desa1>Janapria</desa1>
            <name>Pengebat</name>
          </item>
          <item>
            <itextId>static_instance-dusun-137</itextId>
            <kecamatan>Janapria</kecamatan>
            <desa1>Janapria</desa1>
            <name>Sadah</name>
          </item>
          <item>
            <itextId>static_instance-dusun-138</itextId>
            <kecamatan>Janapria</kecamatan>
            <desa1>Janapria</desa1>
            <name>Batu Bangus</name>
          </item>
          <item>
            <itextId>static_instance-dusun-139</itextId>
            <kecamatan>Janapria</kecamatan>
            <desa1>Janapria</desa1>
            <name>Batu Kembar I</name>
          </item>
          <item>
            <itextId>static_instance-dusun-140</itextId>
            <kecamatan>Janapria</kecamatan>
            <desa1>Janapria</desa1>
            <name>Batu Kembar II</name>
          </item>
          <item>
            <itextId>static_instance-dusun-141</itextId>
            <kecamatan>Janapria</kecamatan>
            <desa1>Janapria</desa1>
            <name>Penambong</name>
          </item>
          <item>
            <itextId>static_instance-dusun-142</itextId>
            <kecamatan>Janapria</kecamatan>
            <desa1>Janapria</desa1>
            <name>Lemokek</name>
          </item>
          <item>
            <itextId>static_instance-dusun-143</itextId>
            <kecamatan>Janapria</kecamatan>
            <desa1>Janapria</desa1>
            <name>Lambah Olot</name>
          </item>
          <item>
            <itextId>static_instance-dusun-144</itextId>
            <kecamatan>Janapria</kecamatan>
            <desa1>Janapria</desa1>
            <name>Tonjong</name>
          </item>
          <item>
            <itextId>static_instance-dusun-145</itextId>
            <kecamatan>Janapria</kecamatan>
            <desa1>Saba</desa1>
            <name>Jembe Barat</name>
          </item>
          <item>
            <itextId>static_instance-dusun-146</itextId>
            <kecamatan>Janapria</kecamatan>
            <desa1>Saba</desa1>
            <name>Jembe Timur</name>
          </item>
          <item>
            <itextId>static_instance-dusun-147</itextId>
            <kecamatan>Janapria</kecamatan>
            <desa1>Saba</desa1>
            <name>Jembe Utara</name>
          </item>
          <item>
            <itextId>static_instance-dusun-148</itextId>
            <kecamatan>Janapria</kecamatan>
            <desa1>Saba</desa1>
            <name>Selek</name>
          </item>
          <item>
            <itextId>static_instance-dusun-149</itextId>
            <kecamatan>Janapria</kecamatan>
            <desa1>Saba</desa1>
            <name>Selek Direk</name>
          </item>
          <item>
            <itextId>static_instance-dusun-150</itextId>
            <kecamatan>Janapria</kecamatan>
            <desa1>Saba</desa1>
            <name>Masjaya</name>
          </item>
          <item>
            <itextId>static_instance-dusun-151</itextId>
            <kecamatan>Janapria</kecamatan>
            <desa1>Saba</desa1>
            <name>Melati</name>
          </item>
          <item>
            <itextId>static_instance-dusun-152</itextId>
            <kecamatan>Janapria</kecamatan>
            <desa1>Saba</desa1>
            <name>Gundu</name>
          </item>
          <item>
            <itextId>static_instance-dusun-153</itextId>
            <kecamatan>Janapria</kecamatan>
            <desa1>Saba</desa1>
            <name>Janggawana Selatan</name>
          </item>
          <item>
            <itextId>static_instance-dusun-154</itextId>
            <kecamatan>Janapria</kecamatan>
            <desa1>Saba</desa1>
            <name>Janggawana Utara</name>
          </item>
          <item>
            <itextId>static_instance-dusun-155</itextId>
            <kecamatan>Janapria</kecamatan>
            <desa1>Saba</desa1>
            <name>Janggawana</name>
          </item>
          <item>
            <itextId>static_instance-dusun-156</itextId>
            <kecamatan>Janapria</kecamatan>
            <desa1>Saba</desa1>
            <name>Janggawana Tengah</name>
          </item>
          <item>
            <itextId>static_instance-dusun-157</itextId>
            <kecamatan>Janapria</kecamatan>
            <desa1>Saba</desa1>
            <name>Sengkerek</name>
          </item>
          <item>
            <itextId>static_instance-dusun-158</itextId>
            <kecamatan>Janapria</kecamatan>
            <desa1>Saba</desa1>
            <name>Keruak</name>
          </item>
          <item>
            <itextId>static_instance-dusun-159</itextId>
            <kecamatan>Janapria</kecamatan>
            <desa1>Saba</desa1>
            <name>Keruak Utara</name>
          </item>
          <item>
            <itextId>static_instance-dusun-160</itextId>
            <kecamatan>Janapria</kecamatan>
            <desa1>Saba</desa1>
            <name>Presak Sanggeng</name>
          </item>
          <item>
            <itextId>static_instance-dusun-161</itextId>
            <kecamatan>Janapria</kecamatan>
            <desa1>Saba</desa1>
            <name>Pengempok</name>
          </item>
          <item>
            <itextId>static_instance-dusun-162</itextId>
            <kecamatan>Janapria</kecamatan>
            <desa1>Saba</desa1>
            <name>Lingkok Buak Barat</name>
          </item>
          <item>
            <itextId>static_instance-dusun-163</itextId>
            <kecamatan>Janapria</kecamatan>
            <desa1>Saba</desa1>
            <name>Lingkok Buak Timur</name>
          </item>
          <item>
            <itextId>static_instance-dusun-164</itextId>
            <kecamatan>Janapria</kecamatan>
            <desa1>Saba</desa1>
            <name>Lingkok Buak Tengah</name>
          </item>
          <item>
            <itextId>static_instance-dusun-165</itextId>
            <kecamatan>Janapria</kecamatan>
            <desa1>Saba</desa1>
            <name>Terentem</name>
          </item>
          <item>
            <itextId>static_instance-dusun-166</itextId>
            <kecamatan>Janapria</kecamatan>
            <desa1>Saba</desa1>
            <name>Tentram</name>
          </item>
          <item>
            <itextId>static_instance-dusun-167</itextId>
            <kecamatan>Janapria</kecamatan>
            <desa1>Saba</desa1>
            <name>Suangke</name>
          </item>
          <item>
            <itextId>static_instance-dusun-168</itextId>
            <kecamatan>Janapria</kecamatan>
            <desa1>Setuta</desa1>
            <name>Siwi</name>
          </item>
          <item>
            <itextId>static_instance-dusun-169</itextId>
            <kecamatan>Janapria</kecamatan>
            <desa1>Setuta</desa1>
            <name>Nunang Selatan</name>
          </item>
          <item>
            <itextId>static_instance-dusun-170</itextId>
            <kecamatan>Janapria</kecamatan>
            <desa1>Setuta</desa1>
            <name>Juna</name>
          </item>
          <item>
            <itextId>static_instance-dusun-171</itextId>
            <kecamatan>Janapria</kecamatan>
            <desa1>Setuta</desa1>
            <name>Setuta Timur</name>
          </item>
          <item>
            <itextId>static_instance-dusun-172</itextId>
            <kecamatan>Janapria</kecamatan>
            <desa1>Setuta</desa1>
            <name>Setuta Barat</name>
          </item>
          <item>
            <itextId>static_instance-dusun-173</itextId>
            <kecamatan>Janapria</kecamatan>
            <desa1>Setuta</desa1>
            <name>Liwung Satu</name>
          </item>
          <item>
            <itextId>static_instance-dusun-174</itextId>
            <kecamatan>Janapria</kecamatan>
            <desa1>Setuta</desa1>
            <name>Liwung Dua</name>
          </item>
          <item>
            <itextId>static_instance-dusun-175</itextId>
            <kecamatan>Janapria</kecamatan>
            <desa1>Setuta</desa1>
            <name>Batu Belek</name>
          </item>
          <item>
            <itextId>static_instance-dusun-176</itextId>
            <kecamatan>Janapria</kecamatan>
            <desa1>Setuta</desa1>
            <name>Biletawah</name>
          </item>
          <item>
            <itextId>static_instance-dusun-177</itextId>
            <kecamatan>Janapria</kecamatan>
            <desa1>Pendem</desa1>
            <name>Pendem</name>
          </item>
          <item>
            <itextId>static_instance-dusun-178</itextId>
            <kecamatan>Janapria</kecamatan>
            <desa1>Pendem</desa1>
            <name>Nyangget</name>
          </item>
          <item>
            <itextId>static_instance-dusun-179</itextId>
            <kecamatan>Janapria</kecamatan>
            <desa1>Pendem</desa1>
            <name>Maliklo</name>
          </item>
          <item>
            <itextId>static_instance-dusun-180</itextId>
            <kecamatan>Janapria</kecamatan>
            <desa1>Pendem</desa1>
            <name>Montong Bile</name>
          </item>
          <item>
            <itextId>static_instance-dusun-181</itextId>
            <kecamatan>Janapria</kecamatan>
            <desa1>Pendem</desa1>
            <name>Gelondong</name>
          </item>
          <item>
            <itextId>static_instance-dusun-182</itextId>
            <kecamatan>Janapria</kecamatan>
            <desa1>Pendem</desa1>
            <name>Penuntut</name>
          </item>
          <item>
            <itextId>static_instance-dusun-183</itextId>
            <kecamatan>Janapria</kecamatan>
            <desa1>Pendem</desa1>
            <name>Kuang</name>
          </item>
          <item>
            <itextId>static_instance-dusun-184</itextId>
            <kecamatan>Janapria</kecamatan>
            <desa1>Pendem</desa1>
            <name>Lekong Bangkon</name>
          </item>
          <item>
            <itextId>static_instance-dusun-185</itextId>
            <kecamatan>Janapria</kecamatan>
            <desa1>Pendem</desa1>
            <name>Jangka</name>
          </item>
          <item>
            <itextId>static_instance-dusun-186</itextId>
            <kecamatan>Janapria</kecamatan>
            <desa1>Pendem</desa1>
            <name>Jelitong</name>
          </item>
          <item>
            <itextId>static_instance-dusun-187</itextId>
            <kecamatan>Janapria</kecamatan>
            <desa1>Pendem</desa1>
            <name>Gelung</name>
          </item>
          <item>
            <itextId>static_instance-dusun-188</itextId>
            <kecamatan>Janapria</kecamatan>
            <desa1>Pendem</desa1>
            <name>Piling</name>
          </item>
          <item>
            <itextId>static_instance-dusun-189</itextId>
            <kecamatan>Janapria</kecamatan>
            <desa1>Pendem</desa1>
            <name>Petorok</name>
          </item>
          <item>
            <itextId>static_instance-dusun-190</itextId>
            <kecamatan>Janapria</kecamatan>
            <desa1>Pendem</desa1>
            <name>Karang Majelo</name>
          </item>
        </root>
      </instance>
    <instance id="kecamatan">
        <root>
          <item>
            <itextId>static_instance-kecamatan-0</itextId>
            <name>Pujut</name>
          </item>
          <item>
            <itextId>static_instance-kecamatan-1</itextId>
            <name>Janapria</name>
          </item>
          <item>
            <itextId>static_instance-kecamatan-2</itextId>
            <name>Lainnya</name>
          </item>
        </root>
      </instance>
    <instance id="integration_program__malaria__mosquito_net">
        <root>
          <item>
            <itextId>static_instance-integration_program__malaria__mosquito_net-0</itextId>
            <name>jika_dilakukan</name>
          </item>
          <item>
            <itextId>static_instance-integration_program__malaria__mosquito_net-1</itextId>
            <name>jika_tidak_dilakukan</name>
          </item>
        </root>
      </instance>
    <instance id="laboratory__syphilis">
        <root>
          <item>
            <itextId>static_instance-laboratory__syphilis-0</itextId>
            <name>positif</name>
          </item>
          <item>
            <itextId>static_instance-laboratory__syphilis-1</itextId>
            <name>negatif</name>
          </item>
        </root>
      </instance>
    <instance id="integration_program__pmtct__checkup">
        <root>
          <item>
            <itextId>static_instance-integration_program__pmtct__checkup-0</itextId>
            <name>jika_dilakukan</name>
          </item>
          <item>
            <itextId>static_instance-integration_program__pmtct__checkup-1</itextId>
            <name>jika_tidak_dilakukan</name>
          </item>
        </root>
      </instance>
    <instance id="mother_condition_when_discharges_from_referred_facility">
        <root>
          <item>
            <itextId>static_instance-mother_condition_when_discharges_from_referred_facility-0</itextId>
            <name>hidup</name>
          </item>
          <item>
            <itextId>static_instance-mother_condition_when_discharges_from_referred_facility-1</itextId>
            <name>mati</name>
          </item>
        </root>
      </instance>
    <instance id="labor_attendant">
        <root>
          <item>
            <itextId>static_instance-labor_attendant-0</itextId>
            <name>keluarga</name>
          </item>
          <item>
            <itextId>static_instance-labor_attendant-1</itextId>
            <name>dukun</name>
          </item>
          <item>
            <itextId>static_instance-labor_attendant-2</itextId>
            <name>bidan</name>
          </item>
          <item>
            <itextId>static_instance-labor_attendant-3</itextId>
            <name>dr.umum__dr.spesialis</name>
          </item>
          <item>
            <itextId>static_instance-labor_attendant-4</itextId>
            <name>lain-lain</name>
          </item>
          <item>
            <itextId>static_instance-labor_attendant-5</itextId>
            <name>tidak_ada</name>
          </item>
        </root>
      </instance>
    <instance id="stock_of_labor_tools">
        <root>
          <item>
            <itextId>static_instance-stock_of_labor_tools-0</itextId>
            <name>kain</name>
          </item>
          <item>
            <itextId>static_instance-stock_of_labor_tools-1</itextId>
            <name>handuk</name>
          </item>
          <item>
            <itextId>static_instance-stock_of_labor_tools-2</itextId>
            <name>pakaian_bersih_dan_kering</name>
          </item>
        </root>
      </instance>
    <instance id="complications_during_pregnancy">
        <root>
          <item>
            <itextId>static_instance-complications_during_pregnancy-0</itextId>
            <name>hipertensi_dalam_kehamilan</name>
          </item>
          <item>
            <itextId>static_instance-complications_during_pregnancy-1</itextId>
            <name>abortus</name>
          </item>
          <item>
            <itextId>static_instance-complications_during_pregnancy-2</itextId>
            <name>mola</name>
          </item>
          <item>
            <itextId>static_instance-complications_during_pregnancy-3</itextId>
            <name>kehamilan_ektopit_terganggu</name>
          </item>
          <item>
            <itextId>static_instance-complications_during_pregnancy-4</itextId>
            <name>hemoragi_post_partum</name>
          </item>
          <item>
            <itextId>static_instance-complications_during_pregnancy-5</itextId>
            <name>ante_partum_beleding</name>
          </item>
          <item>
            <itextId>static_instance-complications_during_pregnancy-6</itextId>
            <name>injeksi_jalan_lahir</name>
          </item>
          <item>
            <itextId>static_instance-complications_during_pregnancy-7</itextId>
            <name>partum_kasep</name>
          </item>
          <item>
            <itextId>static_instance-complications_during_pregnancy-8</itextId>
            <name>partus_lama</name>
          </item>
          <item>
            <itextId>static_instance-complications_during_pregnancy-9</itextId>
            <name>demam_berdarah</name>
          </item>
          <item>
            <itextId>static_instance-complications_during_pregnancy-10</itextId>
            <name>tifus_abdominalis</name>
          </item>
          <item>
            <itextId>static_instance-complications_during_pregnancy-11</itextId>
            <name>sepsis</name>
          </item>
          <item>
            <itextId>static_instance-complications_during_pregnancy-12</itextId>
            <name>tidak_ada_komplikasi</name>
          </item>
        </root>
      </instance>
    <instance id="integration_program__pmtct__vct">
        <root>
          <item>
            <itextId>static_instance-integration_program__pmtct__vct-0</itextId>
            <name>jika_dilakukan</name>
          </item>
          <item>
            <itextId>static_instance-integration_program__pmtct__vct-1</itextId>
            <name>jika_tidak_dilakukan</name>
          </item>
        </root>
      </instance>
    <instance id="referred_to">
        <root>
          <item>
            <itextId>static_instance-referred_to-0</itextId>
            <name>pusat_kesehatan_masyarakat</name>
          </item>
          <item>
            <itextId>static_instance-referred_to-1</itextId>
            <name>rumah_bersalin</name>
          </item>
          <item>
            <itextId>static_instance-referred_to-2</itextId>
            <name>rumah_sakit_ibu_dan_anak</name>
          </item>
          <item>
            <itextId>static_instance-referred_to-3</itextId>
            <name>rumah_sakit</name>
          </item>
          <item>
            <itextId>static_instance-referred_to-4</itextId>
            <name>lain_lain</name>
          </item>
        </root>
      </instance>
  </model>
